is_exam_week,parking_behavior,entry_hour,entry_minute,day_of_week_num,is_weekend,is_morning,rolling_avg_duration,historical_overnight_count,vehicle_type_Motorbike,usual_zone_Zone_B,usual_zone_Zone_C,usual_zone_Zone_D
0,Full_Day,6,35,5,1,1,485.4906,0.0,1,0,1,0
0,Full_Day,6,41,4,0,1,357.0,0.0,1,1,0,0
0,Full_Day,6,53,4,0,1,355.0,0.0,1,1,0,0
0,Full_Day,12,53,6,1,0,362.6666666666667,0.0,1,0,0,0
1,Early_Return,13,11,2,0,0,332.25,0.0,1,0,0,1
0,Long_Term,6,32,5,1,1,485.4906,0.0,1,1,0,0
0,Early_Return,13,31,5,1,0,3296.0,0.0,1,1,0,0
0,Long_Term,12,23,4,0,0,1690.5,0.0,1,1,0,0
0,Early_Return,6,50,6,1,1,1627.0,0.0,1,1,0,0
0,Full_Day,6,1,6,1,1,1247.25,0.0,1,1,0,0
0,Long_Term,13,9,0,0,0,1054.6,0.0,1,1,0,0
1,Early_Return,7,11,3,0,1,1170.2,0.0,1,0,1,0
1,Full_Day,12,47,3,0,0,1182.2,0.0,1,0,0,0
0,Full_Day,11,56,5,1,1,485.4906,0.0,1,0,0,0
0,Full_Day,12,54,6,1,0,487.0,0.0,1,1,0,0
0,Full_Day,6,27,1,0,1,446.0,0.0,1,0,0,0
0,Overnight,12,59,0,0,0,395.3333333333333,0.0,1,0,0,1
0,Full_Day,5,41,5,1,1,576.25,1.0,1,0,1,0
0,Full_Day,12,52,4,0,0,564.0,1.0,1,1,0,0
1,Overnight,7,11,1,0,1,534.4,1.0,1,0,0,0
0,Overnight,7,59,5,1,1,485.4906,2.0,1,1,0,0
0,Full_Day,7,32,6,1,1,1012.0,1.0,1,0,0,0
0,Early_Return,6,41,5,1,1,742.5,1.0,1,0,0,0
0,Early_Return,7,4,1,0,1,557.6666666666666,1.0,1,0,1,0
0,Early_Return,12,54,2,0,0,455.25,1.0,1,0,0,0
0,Early_Return,13,14,0,0,0,399.4,1.0,1,0,0,1
0,Early_Return,13,24,3,0,0,218.8,1.0,1,0,0,0
0,Full_Day,7,9,3,0,1,145.0,1.0,1,1,0,0
1,Early_Return,12,36,6,1,0,190.0,1.0,1,0,0,0
0,Full_Day,12,43,4,0,0,485.4906,1.0,1,0,0,0
0,Early_Return,12,23,6,1,0,419.0,0.0,0,0,0,0
0,Early_Return,6,11,4,0,1,273.0,0.0,1,1,0,0
0,Early_Return,6,53,3,0,1,212.66666666666666,0.0,1,0,1,0
0,Full_Day,13,6,3,0,0,185.25,0.0,1,1,0,0
0,Full_Day,7,47,5,1,1,249.4,0.0,1,0,0,0
1,Early_Return,12,55,6,1,0,255.0,0.0,1,0,1,0
0,Full_Day,12,3,6,1,0,485.4906,0.0,1,0,0,0
0,Early_Return,6,28,4,0,1,378.0,0.0,1,1,0,0
0,Full_Day,7,25,1,0,1,260.0,0.0,1,1,0,0
0,Full_Day,12,19,0,0,0,349.6666666666667,0.0,1,0,0,0
0,Full_Day,6,36,2,0,1,343.5,0.0,1,1,0,0
0,Full_Day,6,51,3,0,1,335.2,0.0,1,1,0,0
0,Full_Day,13,38,4,0,0,349.6,0.0,1,1,0,0
1,Early_Return,12,56,6,1,0,418.4,0.0,1,1,0,0
0,Full_Day,6,43,5,1,1,485.4906,0.0,1,0,0,0
0,Full_Day,6,24,0,0,1,315.0,0.0,1,0,0,1
0,Full_Day,6,58,4,0,1,349.0,0.0,1,1,0,0
0,Overnight,6,21,5,1,1,376.3333333333333,0.0,1,1,0,0
0,Early_Return,7,9,2,0,1,562.5,1.0,1,0,0,1
0,Full_Day,7,6,6,1,1,489.2,1.0,1,0,1,0
0,Full_Day,12,52,6,1,0,481.0,1.0,1,1,0,0
0,Full_Day,7,0,0,0,1,464.6,1.0,1,1,0,0
0,Full_Day,12,35,6,1,0,479.4,1.0,0,1,0,0
1,Early_Return,6,33,1,0,1,324.2,1.0,1,0,0,0
0,Early_Return,6,59,1,0,1,485.4906,1.0,1,0,0,0
0,Early_Return,7,20,0,0,1,199.0,0.0,1,0,0,1
1,Early_Return,6,46,2,0,1,163.0,0.0,1,0,0,1
1,Long_Term,6,9,1,0,1,161.66666666666666,0.0,1,0,0,0
0,Full_Day,6,13,6,1,1,485.4906,0.0,1,0,0,0
0,Early_Return,6,52,5,1,1,517.0,0.0,1,0,0,0
0,Full_Day,12,32,4,0,0,292.0,0.0,1,1,0,0
0,Full_Day,13,36,5,1,0,328.0,0.0,1,0,0,1
0,Early_Return,13,48,4,0,0,369.5,0.0,1,1,0,0
0,Full_Day,7,12,0,0,1,320.6,0.0,1,0,1,0
1,Early_Return,6,45,3,0,1,290.8,0.0,1,1,0,0
0,Early_Return,7,35,2,0,1,485.4906,0.0,1,0,0,0
0,Full_Day,6,56,0,0,1,137.0,0.0,1,0,0,0
0,Early_Return,7,35,5,1,1,197.0,0.0,1,0,0,0
0,Full_Day,6,59,2,0,1,167.66666666666666,0.0,1,1,0,0
0,Full_Day,12,13,6,1,0,207.75,0.0,1,0,1,0
0,Early_Return,6,57,6,1,1,261.8,0.0,1,0,0,0
0,Full_Day,6,29,4,0,1,251.0,0.0,1,0,1,0
1,Full_Day,7,8,6,1,1,272.4,0.0,1,0,1,0
1,Early_Return,12,28,0,0,0,339.4,0.0,1,0,1,0
0,Full_Day,7,13,4,0,1,485.4906,0.0,1,1,0,0
0,Full_Day,6,46,0,0,1,249.0,0.0,1,1,0,0
0,Early_Return,7,0,1,0,1,374.5,0.0,1,1,0,0
0,Full_Day,7,45,2,0,1,317.0,0.0,1,1,0,0
0,Full_Day,6,36,3,0,1,337.75,0.0,1,1,0,0
0,Early_Return,7,13,2,0,1,336.8,0.0,1,0,0,1
0,Full_Day,7,0,0,0,1,485.4906,0.0,1,1,0,0
0,Full_Day,12,31,6,1,0,488.0,0.0,1,0,0,0
0,Early_Return,12,50,6,1,0,399.5,0.0,1,0,0,1
1,Early_Return,7,28,5,1,1,315.6666666666667,0.0,1,1,0,0
1,Full_Day,13,11,2,0,0,286.25,0.0,1,0,1,0
1,Early_Return,12,16,1,0,0,332.8,0.0,1,0,0,0
0,Full_Day,6,33,5,1,1,485.4906,0.0,1,0,1,0
0,Early_Return,6,3,2,0,1,441.0,0.0,1,0,0,0
0,Early_Return,7,35,5,1,1,298.5,0.0,1,0,0,0
0,Full_Day,13,6,1,0,0,221.66666666666666,0.0,1,1,0,0
0,Early_Return,13,10,6,1,0,235.0,0.0,1,0,0,0
0,Early_Return,13,21,6,1,0,218.4,0.0,1,0,0,0
1,Full_Day,7,20,2,0,1,145.0,0.0,1,0,0,1
1,Overnight,6,59,5,1,1,164.4,0.0,1,1,0,0
1,Full_Day,7,2,2,0,1,344.2,1.0,1,0,0,0
0,Full_Day,7,11,2,0,1,485.4906,1.0,1,1,0,0
0,Early_Return,13,5,5,1,0,337.0,0.0,1,0,1,0
0,Full_Day,6,57,2,0,1,232.0,0.0,1,0,0,0
0,Full_Day,13,57,2,0,0,306.0,0.0,1,0,0,0
0,Full_Day,6,36,6,1,1,323.0,0.0,1,0,0,0
0,Early_Return,13,12,5,1,0,339.6,0.0,1,1,0,0
0,Full_Day,7,10,3,0,1,303.0,0.0,1,1,0,0
0,Early_Return,7,25,6,1,1,350.4,0.0,1,1,0,0
0,Overnight,13,5,6,1,0,283.6,0.0,1,0,1,0
0,Overnight,12,46,2,0,0,362.2,1.0,1,1,0,0
1,Full_Day,7,3,4,0,1,427.8,2.0,1,1,0,0
1,Full_Day,13,2,3,0,0,450.4,2.0,1,0,0,0
0,Long_Term,12,30,0,0,0,485.4906,2.0,1,0,0,1
0,Full_Day,7,2,1,0,1,1905.0,0.0,1,0,1,0
0,Early_Return,6,30,2,0,1,1184.5,0.0,1,0,0,1
0,Full_Day,13,22,6,1,0,842.6666666666666,0.0,1,0,0,1
0,Early_Return,7,23,0,0,1,758.5,0.0,1,0,0,0
0,Early_Return,6,29,0,0,1,637.4,0.0,1,0,0,1
0,Overnight,6,52,4,0,1,282.4,0.0,1,0,0,0
1,Full_Day,13,15,1,0,0,373.6,1.0,1,1,0,0
1,Full_Day,13,41,1,0,0,390.6,1.0,1,0,1,0
0,Overnight,7,21,3,0,1,485.4906,1.0,1,0,0,0
0,Early_Return,13,2,0,0,0,1163.0,1.0,1,0,0,0
0,Early_Return,6,15,4,0,1,665.5,1.0,1,0,1,0
0,Full_Day,6,24,1,0,1,505.0,1.0,1,0,0,0
0,Early_Return,6,55,6,1,1,474.25,1.0,1,0,0,0
0,Overnight,7,4,3,0,1,402.2,1.0,1,1,0,0
0,Early_Return,7,26,5,1,1,361.6,2.0,1,0,0,0
0,Early_Return,7,3,2,0,1,354.6,2.0,1,0,0,0
0,Early_Return,6,44,4,0,1,332.0,2.0,1,0,0,0
1,Early_Return,7,8,1,0,1,297.4,2.0,1,0,1,0
1,Early_Return,7,19,3,0,1,305.0,2.0,1,0,0,0
1,Early_Return,7,3,2,0,1,128.2,2.0,1,1,0,0
0,Overnight,12,30,5,1,0,485.4906,2.0,1,0,0,0
0,Early_Return,6,43,4,0,1,968.0,1.0,1,0,0,0
0,Full_Day,7,0,5,1,1,535.0,1.0,1,1,0,0
0,Full_Day,12,41,3,0,0,480.3333333333333,1.0,1,0,0,0
0,Full_Day,7,24,5,1,1,436.0,1.0,1,0,1,0
0,Early_Return,12,31,5,1,0,446.4,1.0,1,1,0,0
1,Full_Day,7,3,0,0,1,286.8,1.0,1,1,0,0
0,Long_Term,6,57,5,1,1,485.4906,1.0,1,1,0,0
0,Full_Day,7,32,1,0,1,3370.0,0.0,1,0,1,0
0,Early_Return,11,53,5,1,1,1917.5,0.0,1,0,0,0
0,Overnight,6,13,2,0,1,1324.0,0.0,1,0,1,0
0,Early_Return,12,40,2,0,0,1293.25,1.0,1,1,0,0
0,Early_Return,13,3,5,1,0,1067.8,1.0,1,1,0,0
0,Full_Day,7,52,2,0,1,426.8,1.0,1,0,0,0
0,Early_Return,7,22,1,0,1,424.4,1.0,1,1,0,0
0,Early_Return,7,54,4,0,1,426.2,1.0,1,0,0,0
1,Early_Return,12,55,2,0,0,212.4,1.0,1,0,1,0
0,Full_Day,6,43,2,0,1,485.4906,1.0,1,1,0,0
0,Early_Return,7,45,4,0,1,424.0,0.0,1,1,0,0
0,Full_Day,13,42,6,1,0,290.5,0.0,1,0,1,0
0,Early_Return,13,7,0,0,0,297.0,0.0,1,1,0,0
0,Early_Return,7,21,3,0,1,249.75,0.0,1,0,0,0
0,Full_Day,7,27,6,1,1,215.6,0.0,1,0,1,0
0,Early_Return,13,12,1,0,0,203.6,0.0,1,0,0,0
1,Full_Day,6,43,2,0,1,206.2,0.0,1,0,1,0
1,Full_Day,7,7,3,0,1,242.8,0.0,1,0,0,0
0,Full_Day,12,56,5,1,0,485.4906,0.0,1,0,1,0
0,Early_Return,12,18,1,0,0,348.0,0.0,1,0,1,0
0,Full_Day,7,10,0,0,1,245.5,0.0,1,0,0,0
0,Full_Day,6,58,1,0,1,285.6666666666667,0.0,1,0,0,0
1,Full_Day,12,13,0,0,0,336.25,0.0,1,0,0,0
0,Full_Day,13,40,3,0,0,485.4906,0.0,1,0,0,0
0,Full_Day,12,31,4,0,0,438.0,0.0,1,0,1,0
0,Full_Day,12,33,0,0,0,391.5,0.0,1,0,0,0
0,Overnight,6,14,6,1,1,439.0,0.0,1,0,1,0
0,Early_Return,6,34,4,0,1,485.4906,1.0,1,0,1,0
0,Overnight,12,20,6,1,0,126.0,0.0,1,0,1,0
0,Early_Return,7,2,3,0,1,511.5,1.0,1,0,1,0
0,Full_Day,11,50,3,0,1,368.6666666666667,1.0,1,0,1,0
0,Early_Return,14,2,5,1,0,351.5,1.0,1,1,0,0
0,Full_Day,6,54,1,0,1,304.2,1.0,1,1,0,0
0,Full_Day,12,28,1,0,0,359.2,1.0,1,0,0,0
0,Early_Return,13,10,5,1,0,273.2,1.0,1,0,0,0
1,Full_Day,6,51,5,1,1,289.4,1.0,1,0,1,0
0,Early_Return,6,27,0,0,1,485.4906,1.0,1,0,1,0
0,Early_Return,7,36,0,0,1,183.0,0.0,1,0,1,0
0,Early_Return,6,31,2,0,1,165.0,0.0,1,1,0,0
0,Overnight,6,57,3,0,1,147.66666666666666,0.0,1,0,0,0
0,Overnight,5,51,0,0,1,452.25,1.0,1,0,0,0
0,Full_Day,6,22,2,0,1,485.4906,2.0,1,0,0,0
0,Early_Return,11,49,5,1,1,305.0,0.0,1,0,0,1
0,Early_Return,12,42,6,1,0,242.5,0.0,1,0,0,1
0,Full_Day,12,4,2,0,0,219.66666666666666,0.0,1,1,0,0
0,Full_Day,6,42,5,1,1,266.25,0.0,1,1,0,0
0,Full_Day,13,43,2,0,0,318.4,0.0,1,1,0,0
1,Full_Day,6,37,0,0,1,362.6,0.0,1,0,1,0
1,Early_Return,6,41,2,0,1,385.2,0.0,1,0,0,0
0,Full_Day,6,58,0,0,1,485.4906,0.0,1,0,0,0
0,Full_Day,13,25,0,0,0,264.0,0.0,1,0,1,0
0,Full_Day,7,50,2,0,1,375.5,0.0,1,0,0,0
0,Early_Return,12,14,6,1,0,356.3333333333333,0.0,1,0,1,0
0,Early_Return,13,56,5,1,0,292.0,0.0,1,0,1,0
0,Early_Return,6,1,6,1,1,261.6,0.0,1,1,0,0
0,Early_Return,12,2,0,0,0,247.2,0.0,1,0,0,0
0,Early_Return,6,35,0,0,1,164.2,0.0,1,0,1,0
0,Early_Return,13,41,6,1,0,127.0,0.0,1,0,1,0
0,Full_Day,8,17,0,0,1,135.0,0.0,1,1,0,0
0,Early_Return,12,25,3,0,0,199.2,0.0,1,1,0,0
0,Early_Return,12,19,3,0,0,185.0,0.0,1,0,0,0
0,Full_Day,13,19,6,1,0,194.4,0.0,1,0,0,0
1,Early_Return,6,35,5,1,1,245.2,0.0,1,0,0,0
1,Early_Return,8,7,1,0,1,234.2,0.0,1,1,0,0
0,Full_Day,12,21,0,0,0,485.4906,0.0,1,1,0,0
0,Early_Return,12,15,0,0,0,270.0,0.0,1,0,0,0
0,Full_Day,6,30,2,0,1,184.0,0.0,1,0,1,0
0,Long_Term,11,59,5,1,1,259.6666666666667,0.0,1,0,1,0
1,Early_Return,12,32,0,0,0,698.0,0.0,1,0,0,0
1,Full_Day,6,47,2,0,1,595.8,0.0,1,1,0,0
0,Full_Day,13,47,1,0,0,485.4906,0.0,1,0,0,1
0,Full_Day,7,54,5,1,1,277.0,0.0,1,0,1,0
0,Full_Day,12,33,1,0,0,301.5,0.0,1,0,0,1
0,Early_Return,7,8,0,0,1,378.3333333333333,0.0,1,0,0,0
0,Early_Return,6,58,0,0,1,327.5,0.0,1,0,1,0
0,Early_Return,7,16,4,0,1,291.4,0.0,1,0,0,0
0,Full_Day,7,9,0,0,1,248.4,0.0,1,0,0,0
0,Full_Day,6,48,4,0,1,485.4906,0.0,1,0,0,0
0,Full_Day,12,34,5,1,0,252.0,0.0,1,0,0,0
0,Early_Return,7,25,6,1,1,306.0,0.0,1,0,0,0
0,Early_Return,6,54,1,0,1,264.6666666666667,0.0,1,0,0,0
0,Full_Day,7,58,5,1,1,214.0,0.0,1,1,0,0
0,Early_Return,6,25,5,1,1,264.2,0.0,1,0,0,0
0,Full_Day,6,53,3,0,1,253.4,0.0,1,0,0,0
0,Overnight,5,55,4,0,1,265.2,0.0,1,0,0,0
0,Early_Return,13,43,0,0,0,429.2,1.0,1,1,0,0
0,Full_Day,6,41,6,1,1,436.2,1.0,1,1,0,0
0,Full_Day,12,46,0,0,0,439.0,1.0,1,0,0,0
1,Full_Day,12,16,0,0,0,451.0,1.0,1,0,1,0
1,Full_Day,13,21,0,0,0,461.4,1.0,1,0,1,0
1,Full_Day,6,41,4,0,1,338.6,1.0,1,0,0,0
1,Early_Return,6,55,5,1,1,386.6,1.0,1,1,0,0
0,Full_Day,11,33,5,1,1,485.4906,1.0,1,0,0,0
0,Full_Day,6,49,2,0,1,521.0,0.0,1,0,0,0
0,Long_Term,11,56,3,0,1,409.5,0.0,1,1,0,0
0,Early_Return,12,58,4,0,0,1135.3333333333333,0.0,1,0,0,0
0,Full_Day,12,19,2,0,0,894.5,0.0,1,0,1,0
0,Full_Day,6,24,5,1,1,781.8,0.0,1,0,0,0
0,Early_Return,7,0,5,1,1,754.2,0.0,1,0,0,0
0,Full_Day,6,29,6,1,1,710.0,0.0,1,0,1,0
1,Overnight,7,5,4,0,1,255.4,0.0,1,0,0,0
0,Full_Day,12,41,4,0,0,485.4906,1.0,1,1,0,0
0,Full_Day,6,32,6,1,1,438.0,0.0,1,0,0,0
0,Early_Return,12,24,5,1,0,354.0,0.0,1,0,0,1
0,Full_Day,12,37,2,0,0,280.0,0.0,1,0,0,0
0,Full_Day,6,58,0,0,1,290.5,0.0,1,0,0,0
0,Full_Day,13,13,4,0,0,292.4,0.0,1,1,0,0
0,Full_Day,6,46,6,1,1,308.6,0.0,1,1,0,0
1,Full_Day,7,20,1,0,1,321.8,0.0,1,0,0,0
1,Full_Day,6,43,3,0,1,358.0,0.0,1,1,0,0
0,Long_Term,6,51,6,1,1,485.4906,0.0,1,1,0,0
0,Full_Day,12,31,1,0,0,2422.0,0.0,1,0,0,0
0,Early_Return,6,24,1,0,1,1431.0,0.0,1,0,0,0
0,Early_Return,6,56,5,1,1,976.6666666666666,0.0,1,1,0,0
1,Early_Return,13,3,1,0,0,765.5,0.0,1,1,0,0
0,Long_Term,13,0,6,1,0,485.4906,0.0,1,1,0,0
0,Early_Return,12,25,2,0,0,2337.0,0.0,1,0,0,0
0,Full_Day,12,7,0,0,0,1244.0,0.0,1,0,1,0
0,Full_Day,6,36,1,0,1,936.3333333333334,0.0,1,0,1,0
0,Overnight,7,16,2,0,1,809.25,0.0,1,1,0,0
0,Early_Return,6,37,0,0,1,811.2,1.0,1,0,0,0
0,Full_Day,11,43,1,0,1,378.8,1.0,1,1,0,0
0,Long_Term,7,1,3,0,1,411.4,1.0,0,0,0,0
0,Early_Return,12,40,1,0,0,485.4906,1.0,1,0,1,0
0,Full_Day,7,13,1,0,1,98.0,0.0,1,0,0,0
0,Long_Term,6,51,1,0,1,190.0,0.0,1,0,0,0
0,Full_Day,7,22,6,1,1,656.0,0.0,1,0,1,0
0,Full_Day,7,31,4,0,1,485.4906,0.0,1,0,1,0
0,Full_Day,12,1,6,1,0,421.0,0.0,1,1,0,0
0,Overnight,13,42,2,0,0,346.0,0.0,1,1,0,0
0,Full_Day,5,30,5,1,1,534.0,1.0,1,0,1,0
0,Early_Return,6,55,5,1,1,522.75,1.0,1,0,0,0
0,Early_Return,7,31,1,0,1,454.2,1.0,1,0,0,0
0,Early_Return,6,49,4,0,1,404.8,1.0,1,0,0,0
0,Full_Day,7,7,2,0,1,378.4,1.0,1,0,1,0
0,Early_Return,12,45,2,0,0,485.4906,1.0,1,1,0,0
0,Overnight,6,38,5,1,1,191.0,0.0,1,0,0,1
0,Early_Return,6,16,4,0,1,464.5,1.0,1,1,0,0
0,Early_Return,6,52,1,0,1,337.3333333333333,1.0,1,0,1,0
0,Early_Return,7,13,6,1,1,300.5,1.0,1,0,0,0
0,Full_Day,13,18,3,0,0,263.6,1.0,1,0,0,0
0,Early_Return,6,43,2,0,1,275.4,1.0,1,0,1,0
0,Full_Day,8,7,3,0,1,169.2,1.0,1,0,0,1
1,Early_Return,12,36,5,1,0,255.4,1.0,1,1,0,0
1,Full_Day,6,19,0,0,1,238.6,1.0,1,1,0,0
0,Full_Day,8,26,5,1,1,485.4906,1.0,1,0,0,0
0,Full_Day,6,47,6,1,1,298.0,0.0,0,0,0,0
0,Long_Term,7,2,4,0,1,275.5,0.0,1,0,0,0
0,Full_Day,7,34,0,0,1,1394.6666666666667,0.0,1,0,0,0
1,Long_Term,6,50,2,0,1,1153.25,0.0,1,1,0,0
0,Overnight,6,58,4,0,1,485.4906,0.0,1,0,0,0
1,Full_Day,8,17,1,0,1,1433.0,1.0,1,1,0,0
1,Full_Day,6,27,3,0,1,849.5,1.0,1,0,0,1
0,Early_Return,12,50,4,0,0,485.4906,1.0,1,1,0,0
0,Full_Day,11,56,3,0,1,122.0,0.0,1,0,1,0
1,Early_Return,6,27,0,0,1,286.0,0.0,1,0,0,0
1,Overnight,12,39,3,0,0,235.0,0.0,1,0,0,0
1,Full_Day,7,8,1,0,1,408.75,1.0,1,1,0,0
1,Full_Day,7,13,4,0,1,387.4,1.0,1,0,0,0
0,Early_Return,7,25,2,0,1,485.4906,1.0,1,0,0,1
0,Early_Return,6,14,5,1,1,187.0,0.0,1,0,0,0
0,Early_Return,7,7,6,1,1,191.5,0.0,1,0,0,0
0,Early_Return,12,22,2,0,0,189.33333333333334,0.0,1,0,0,1
0,Full_Day,13,16,4,0,0,177.5,0.0,1,0,1,0
0,Long_Term,12,22,2,0,0,193.6,0.0,1,0,0,0
0,Full_Day,6,37,0,0,1,485.4906,0.0,1,1,0,0
0,Full_Day,7,1,2,0,1,422.0,0.0,1,0,1,0
0,Full_Day,6,53,2,0,1,366.0,0.0,1,0,0,0
0,Full_Day,7,6,1,0,1,333.6666666666667,0.0,1,0,0,0
0,Early_Return,7,0,3,0,1,382.25,0.0,1,0,0,1
0,Early_Return,7,31,4,0,1,319.0,0.0,1,0,0,0
0,Full_Day,6,26,5,1,1,272.4,0.0,1,1,0,0
1,Full_Day,13,15,0,0,0,284.6,0.0,1,0,0,0
0,Long_Term,7,8,2,0,1,485.4906,0.0,1,0,1,0
0,Early_Return,7,34,6,1,1,3412.0,0.0,1,0,0,0
0,Full_Day,6,26,4,0,1,1773.0,0.0,1,0,0,0
0,Early_Return,7,43,3,0,1,1339.3333333333333,0.0,1,1,0,0
1,Early_Return,7,6,5,1,1,1023.0,0.0,1,0,0,0
0,Full_Day,12,13,2,0,0,485.4906,0.0,1,1,0,0
0,Full_Day,6,40,4,0,1,428.0,0.0,1,0,0,0
0,Full_Day,6,55,6,1,1,345.0,0.0,1,0,0,0
0,Early_Return,12,21,5,1,0,346.0,0.0,1,0,0,0
0,Full_Day,7,21,6,1,1,307.75,0.0,1,1,0,0
0,Full_Day,13,37,2,0,0,485.4906,0.0,1,0,1,0
0,Early_Return,7,5,5,1,1,508.0,0.0,1,1,0,0
0,Early_Return,7,26,6,1,1,340.5,0.0,1,0,0,1
0,Full_Day,12,50,3,0,0,262.0,0.0,1,0,1,0
0,Early_Return,6,59,5,1,1,318.0,0.0,1,0,0,0
1,Overnight,13,10,3,0,0,284.6,0.0,1,1,0,0
1,Early_Return,6,7,5,1,1,436.6,1.0,1,0,0,0
0,Full_Day,12,4,6,1,0,485.4906,1.0,1,0,0,0
0,Early_Return,6,56,3,0,1,402.0,0.0,1,0,0,0
0,Full_Day,12,26,6,1,0,231.0,0.0,1,1,0,0
0,Full_Day,13,10,5,1,0,261.6666666666667,0.0,1,0,1,0
0,Full_Day,13,12,0,0,0,276.0,0.0,1,0,1,0
0,Full_Day,13,19,2,0,0,305.4,0.0,1,0,0,0
0,Early_Return,6,35,0,0,1,303.8,0.0,1,0,0,0
0,Full_Day,7,12,3,0,1,485.4906,0.0,1,0,1,0
0,Early_Return,6,40,3,0,1,247.0,0.0,1,0,0,0
0,Full_Day,13,53,2,0,0,203.0,0.0,1,1,0,0
0,Early_Return,6,46,2,0,1,249.0,0.0,1,0,0,1
1,Full_Day,6,52,4,0,1,229.25,0.0,1,1,0,0
0,Full_Day,6,57,5,1,1,485.4906,0.0,1,0,1,0
0,Early_Return,7,4,0,0,1,344.0,0.0,1,0,0,0
0,Overnight,6,44,6,1,1,218.0,0.0,1,0,1,0
0,Overnight,13,26,5,1,0,511.0,1.0,1,0,0,0
0,Overnight,13,6,3,0,0,588.0,2.0,1,0,0,0
0,Full_Day,12,40,1,0,0,755.8,3.0,1,0,0,1
0,Full_Day,6,24,5,1,1,735.8,3.0,1,0,1,0
0,Full_Day,7,19,5,1,1,485.4906,3.0,1,0,1,0
0,Early_Return,6,53,4,0,1,327.0,0.0,0,0,0,1
0,Full_Day,6,53,3,0,1,238.5,0.0,1,1,0,0
0,Overnight,7,16,0,0,1,269.6666666666667,0.0,1,0,0,1
0,Early_Return,6,28,6,1,1,556.5,1.0,1,0,0,0
0,Early_Return,13,40,3,0,0,461.0,1.0,1,0,0,0
0,Early_Return,6,53,1,0,1,416.0,1.0,1,1,0,0
1,Full_Day,5,53,0,0,1,427.0,1.0,1,1,0,0
0,Early_Return,13,41,1,0,0,485.4906,1.0,1,0,0,0
0,Early_Return,6,59,4,0,1,165.0,0.0,1,0,0,0
1,Full_Day,6,54,4,0,1,183.0,0.0,1,0,1,0
0,Full_Day,7,44,3,0,1,485.4906,0.0,1,0,0,0
0,Early_Return,8,0,1,0,1,460.0,0.0,1,0,0,0
0,Full_Day,13,28,3,0,0,272.0,0.0,1,0,0,0
0,Early_Return,6,50,1,0,1,266.6666666666667,0.0,1,0,0,0
0,Early_Return,6,21,0,0,1,227.75,0.0,1,0,0,0
0,Full_Day,13,1,1,0,0,197.0,0.0,1,0,0,0
0,Full_Day,7,32,2,0,1,165.4,0.0,1,0,0,0
0,Full_Day,7,14,4,0,1,225.2,0.0,1,0,1,0
1,Early_Return,6,49,5,1,1,260.0,0.0,1,0,0,0
1,Long_Term,7,7,2,0,1,265.6,0.0,1,0,1,0
0,Full_Day,7,43,1,0,1,485.4906,0.0,1,1,0,0
0,Early_Return,7,7,6,1,1,249.0,0.0,1,0,0,1
0,Early_Return,7,19,3,0,1,187.0,0.0,1,0,0,0
0,Full_Day,7,13,1,0,1,179.33333333333334,0.0,1,0,0,0
0,Early_Return,6,58,0,0,1,266.5,0.0,1,0,1,0
0,Full_Day,13,17,0,0,0,232.4,0.0,1,0,0,0
0,Full_Day,7,7,5,1,1,247.2,0.0,1,0,0,1
0,Early_Return,7,7,3,0,1,275.2,0.0,1,1,0,0
0,Early_Return,13,48,2,0,0,485.4906,0.0,1,1,0,0
0,Full_Day,12,58,2,0,0,132.0,0.0,1,1,0,0
0,Early_Return,6,31,0,0,1,203.5,0.0,1,0,0,0
0,Full_Day,7,31,3,0,1,176.66666666666666,0.0,1,1,0,0
0,Full_Day,6,55,6,1,1,244.25,0.0,1,1,0,0
0,Full_Day,7,5,4,0,1,295.4,0.0,1,0,0,0
1,Full_Day,6,8,0,0,1,339.8,0.0,1,1,0,0
1,Early_Return,12,58,0,0,0,368.6,0.0,1,0,0,0
0,Early_Return,6,18,1,0,1,485.4906,0.0,1,0,0,0
0,Early_Return,11,59,6,1,1,109.0,0.0,1,1,0,0
0,Early_Return,12,58,0,0,0,153.5,0.0,1,0,1,0
0,Full_Day,12,48,0,0,0,162.0,0.0,1,0,0,0
0,Full_Day,7,18,1,0,1,251.5,0.0,1,0,0,0
0,Full_Day,7,0,2,0,1,284.8,0.0,1,1,0,0
0,Early_Return,12,10,0,0,0,337.4,0.0,1,0,0,0
1,Full_Day,13,1,1,0,0,314.4,0.0,1,0,0,1
1,Full_Day,7,2,3,0,1,366.8,0.0,1,1,0,0
0,Full_Day,6,42,4,0,1,485.4906,0.0,1,0,1,0
0,Early_Return,7,12,4,0,1,246.0,0.0,1,0,0,0
0,Full_Day,12,45,0,0,0,159.0,0.0,1,0,1,0
0,Full_Day,13,35,2,0,0,219.66666666666666,0.0,1,1,0,0
0,Full_Day,7,43,6,1,1,239.25,0.0,1,0,1,0
0,Early_Return,6,56,3,0,1,288.6,0.0,1,1,0,0
1,Early_Return,12,43,6,1,0,274.8,0.0,1,1,0,0
0,Full_Day,6,52,4,0,1,485.4906,0.0,1,0,0,0
0,Full_Day,13,10,6,1,0,265.0,0.0,1,0,0,1
0,Early_Return,6,40,4,0,1,308.0,0.0,1,0,0,0
0,Full_Day,13,16,2,0,0,228.0,0.0,1,1,0,0
0,Early_Return,12,56,0,0,0,251.5,0.0,1,0,1,0
0,Full_Day,6,23,6,1,1,234.8,0.0,1,1,0,0
1,Early_Return,12,34,5,1,0,271.2,0.0,1,1,0,0
0,Early_Return,7,14,4,0,1,485.4906,0.0,1,0,0,1
0,Full_Day,12,24,1,0,0,73.0,0.0,1,0,0,0
0,Full_Day,7,20,6,1,1,191.0,0.0,1,0,0,0
0,Full_Day,7,6,1,0,1,305.3333333333333,0.0,1,0,0,0
0,Full_Day,7,15,1,0,1,320.25,0.0,1,0,0,0
0,Early_Return,12,27,2,0,0,351.6,0.0,1,1,0,0
0,Full_Day,12,38,3,0,0,354.6,0.0,1,0,0,0
0,Full_Day,7,9,3,0,1,384.0,0.0,1,0,0,0
1,Full_Day,6,56,2,0,1,338.0,0.0,1,1,0,0
0,Overnight,12,37,4,0,0,485.4906,0.0,1,0,0,0
0,Full_Day,12,25,4,0,0,940.0,1.0,1,0,0,1
0,Early_Return,12,13,2,0,0,674.0,1.0,1,0,0,0
0,Early_Return,13,13,1,0,0,485.3333333333333,1.0,1,1,0,0
0,Full_Day,14,18,5,1,0,395.5,1.0,1,1,0,0
0,Full_Day,7,6,3,0,1,370.6,1.0,1,0,0,0
0,Long_Term,7,31,3,0,1,270.8,1.0,1,0,1,0
0,Early_Return,6,43,4,0,1,755.8,1.0,1,0,1,0
0,Full_Day,13,10,1,0,0,752.6,1.0,1,0,0,0
1,Early_Return,12,32,2,0,0,822.4,1.0,1,0,0,0
1,Early_Return,6,16,2,0,1,485.4906,1.0,1,0,1,0
1,Full_Day,7,7,3,0,1,164.0,0.0,1,0,0,0
0,Long_Term,6,46,2,0,1,485.4906,0.0,1,0,0,0
0,Early_Return,6,51,0,0,1,2942.0,0.0,1,0,0,0
0,Full_Day,12,54,0,0,0,1570.0,0.0,1,0,1,0
0,Early_Return,8,1,3,0,1,1145.6666666666667,0.0,1,0,0,1
0,Overnight,7,58,5,1,1,875.5,0.0,1,1,0,0
0,Early_Return,13,24,0,0,0,894.2,1.0,1,0,0,0
1,Long_Term,7,16,2,0,1,322.2,1.0,1,0,0,1
1,Full_Day,6,59,3,0,1,661.8,1.0,1,0,0,0
0,Early_Return,6,51,5,1,1,485.4906,1.0,1,0,1,0
0,Full_Day,6,0,4,0,1,85.0,0.0,1,0,0,0
0,Full_Day,6,41,1,0,1,268.5,0.0,1,1,0,0
0,Early_Return,12,5,0,0,0,267.3333333333333,0.0,1,1,0,0
0,Full_Day,12,40,1,0,0,236.25,0.0,1,1,0,0
0,Early_Return,6,39,5,1,1,293.2,0.0,1,1,0,0
1,Full_Day,7,21,5,1,1,288.2,0.0,0,0,0,1
0,Early_Return,6,59,3,0,1,485.4906,0.0,1,1,0,0
0,Full_Day,8,8,6,1,1,91.0,0.0,1,0,0,0
0,Full_Day,7,55,1,0,1,235.0,0.0,1,0,0,0
0,Overnight,7,13,0,0,1,268.6666666666667,0.0,1,0,0,0
0,Overnight,6,57,4,0,1,531.0,1.0,1,0,0,0
0,Full_Day,8,7,4,0,1,578.4,2.0,1,0,0,0
1,Early_Return,13,19,1,0,0,643.8,2.0,1,0,0,1
1,Early_Return,13,4,6,1,0,598.8,2.0,1,0,0,1
1,Full_Day,6,46,0,0,1,566.0,2.0,1,0,0,0
0,Full_Day,6,0,0,0,1,485.4906,2.0,1,0,0,0
0,Early_Return,6,44,0,0,1,327.0,0.0,1,0,1,0
0,Full_Day,8,8,3,0,1,205.0,0.0,1,0,0,0
0,Overnight,7,19,0,0,1,224.0,0.0,1,1,0,0
0,Full_Day,12,48,6,1,0,505.75,1.0,1,1,0,0
0,Full_Day,6,31,0,0,1,485.4906,1.0,1,0,0,0
0,Early_Return,8,0,4,0,1,528.0,0.0,1,1,0,0
0,Full_Day,7,8,3,0,1,317.5,0.0,1,0,0,0
0,Full_Day,11,58,3,0,1,384.3333333333333,0.0,1,0,0,1
0,Full_Day,13,51,3,0,0,360.5,0.0,1,0,1,0
1,Long_Term,13,2,2,0,0,371.0,0.0,1,1,0,0
1,Overnight,7,18,1,0,1,867.2,0.0,1,0,1,0
0,Full_Day,12,8,6,1,0,485.4906,1.0,1,0,0,0
1,Early_Return,7,20,4,0,1,455.0,0.0,1,1,0,0
1,Early_Return,7,5,5,1,1,300.5,0.0,1,0,0,0
0,Overnight,12,21,5,1,0,485.4906,0.0,1,1,0,0
0,Overnight,12,41,1,0,0,1067.0,1.0,1,0,0,0
0,Full_Day,12,59,4,0,0,982.5,2.0,1,0,1,0
0,Full_Day,12,59,5,1,0,796.6666666666666,2.0,1,0,0,0
0,Early_Return,6,46,6,1,1,668.5,2.0,1,1,0,0
0,Early_Return,6,55,6,1,1,558.4,2.0,1,1,0,0
0,Early_Return,7,6,2,0,1,364.8,2.0,1,0,0,0
0,Full_Day,6,52,3,0,1,485.4906,2.0,1,0,0,0
0,Early_Return,12,39,6,1,0,343.0,0.0,1,0,0,0
0,Full_Day,6,44,4,0,1,272.5,0.0,1,1,0,0
0,Full_Day,7,35,6,1,1,302.0,0.0,1,0,1,0
0,Early_Return,7,37,3,0,1,485.4906,0.0,1,0,0,0
0,Early_Return,7,34,5,1,1,142.0,0.0,1,0,0,1
0,Full_Day,6,32,6,1,1,119.0,0.0,1,0,0,1
0,Full_Day,7,1,0,0,1,226.33333333333334,0.0,1,1,0,0
0,Early_Return,7,0,1,0,1,232.75,0.0,1,1,0,0
0,Early_Return,6,41,0,0,1,202.6,0.0,1,1,0,0
0,Full_Day,7,19,2,0,1,208.2,0.0,1,0,1,0
0,Full_Day,12,34,6,1,0,275.8,0.0,1,1,0,0
0,Full_Day,7,15,3,0,1,246.2,0.0,1,0,0,0
0,Early_Return,6,6,5,1,1,282.4,0.0,1,0,1,0
0,Early_Return,6,56,1,0,1,282.8,0.0,1,0,0,0
0,Full_Day,7,25,1,0,1,264.4,0.0,1,0,0,0
0,Early_Return,8,3,0,0,1,254.4,0.0,1,0,0,0
1,Early_Return,7,17,0,0,1,228.0,0.0,1,0,0,0
0,Full_Day,7,22,6,1,1,485.4906,0.0,1,1,0,0
0,Overnight,7,51,1,0,1,248.0,0.0,1,1,0,0
0,Full_Day,12,15,1,0,0,820.0,1.0,1,1,0,0
0,Early_Return,12,0,2,0,0,652.0,1.0,1,1,0,0
0,Early_Return,7,1,0,0,1,532.0,1.0,1,0,0,0
0,Early_Return,12,49,6,1,0,460.6,1.0,1,0,0,0
0,Full_Day,7,12,0,0,1,426.0,1.0,1,0,0,0
1,Early_Return,12,26,4,0,0,232.0,1.0,1,1,0,0
1,Full_Day,12,0,2,0,0,188.8,1.0,1,0,0,0
0,Overnight,12,32,3,0,0,485.4906,1.0,1,1,0,0
0,Overnight,13,17,3,0,0,1036.0,1.0,1,0,0,0
0,Full_Day,7,51,3,0,1,910.0,2.0,1,0,1,0
0,Full_Day,6,9,0,0,1,774.0,2.0,1,0,0,1
0,Full_Day,13,5,4,0,0,710.5,2.0,1,1,0,0
0,Long_Term,12,39,0,0,0,485.4906,2.0,1,0,0,0
0,Long_Term,5,54,5,1,1,3114.0,0.0,1,0,1,0
0,Early_Return,7,16,6,1,1,2751.0,0.0,1,0,0,0
0,Long_Term,7,42,0,0,1,1896.6666666666667,0.0,1,0,0,0
0,Early_Return,7,30,6,1,1,1933.0,0.0,1,0,1,0
0,Full_Day,7,3,1,0,1,1568.0,0.0,1,0,0,0
0,Full_Day,6,32,1,0,1,485.4906,0.0,1,0,1,0
0,Long_Term,6,59,0,0,1,342.0,0.0,1,0,0,0
0,Early_Return,13,3,1,0,0,1552.0,0.0,1,0,0,1
0,Early_Return,11,28,4,0,1,1064.0,0.0,1,1,0,0
0,Overnight,6,36,4,0,1,827.5,0.0,1,1,0,0
0,Full_Day,6,18,2,0,1,847.6,1.0,1,0,1,0
0,Full_Day,7,28,0,0,1,830.2,1.0,1,1,0,0
0,Long_Term,12,35,6,1,0,327.2,1.0,1,1,0,0
1,Full_Day,5,54,1,0,1,852.0,1.0,1,1,0,0
1,Full_Day,6,35,0,0,1,923.0,1.0,1,0,1,0
0,Full_Day,7,9,1,0,1,485.4906,1.0,1,1,0,0
0,Early_Return,6,40,5,1,1,295.0,0.0,1,0,0,0
0,Full_Day,12,43,5,1,0,213.0,0.0,1,0,0,0
0,Full_Day,7,3,2,0,1,321.6666666666667,0.0,1,0,0,0
1,Long_Term,6,20,6,1,1,351.75,0.0,1,1,0,0
0,Early_Return,12,17,5,1,0,485.4906,0.0,1,0,1,0
0,Early_Return,7,17,3,0,1,201.0,0.0,1,0,0,0
0,Full_Day,12,38,2,0,0,162.5,0.0,1,0,0,0
0,Full_Day,6,48,6,1,1,230.66666666666666,0.0,1,0,0,0
1,Early_Return,7,0,5,1,1,246.25,0.0,1,1,0,0
1,Long_Term,13,10,4,0,0,214.6,0.0,1,1,0,0
0,Full_Day,6,51,6,1,1,485.4906,0.0,1,0,0,0
0,Overnight,7,12,1,0,1,482.0,0.0,1,0,1,0
0,Early_Return,13,25,2,0,0,692.5,1.0,1,0,0,0
0,Early_Return,7,27,6,1,1,500.3333333333333,1.0,1,0,0,1
1,Early_Return,6,57,2,0,1,396.75,1.0,1,0,0,0
0,Early_Return,7,21,1,0,1,485.4906,1.0,1,0,0,0
0,Early_Return,7,42,2,0,1,115.0,0.0,1,0,1,0
0,Full_Day,8,0,6,1,1,88.5,0.0,1,0,0,0
0,Overnight,6,49,3,0,1,485.4906,0.0,1,0,0,0
0,Early_Return,12,33,0,0,0,881.0,1.0,1,0,0,0
0,Full_Day,14,3,6,1,0,487.0,1.0,1,1,0,0
0,Full_Day,7,51,4,0,1,434.6666666666667,1.0,1,0,0,0
0,Overnight,11,34,6,1,1,431.25,1.0,1,0,1,0
1,Early_Return,6,31,3,0,1,498.2,2.0,1,0,0,0
1,Full_Day,13,16,6,1,0,348.8,2.0,1,1,0,0
0,Full_Day,12,28,3,0,0,485.4906,2.0,1,0,1,0
0,Full_Day,7,2,1,0,1,374.0,0.0,1,0,0,0
0,Full_Day,6,55,3,0,1,437.5,0.0,1,1,0,0
0,Early_Return,6,52,2,0,1,377.3333333333333,0.0,1,0,0,0
0,Early_Return,7,8,4,0,1,298.25,0.0,1,1,0,0
0,Early_Return,7,55,0,0,1,274.6,0.0,1,0,0,0
1,Full_Day,7,23,5,1,1,223.2,0.0,1,0,0,0
0,Overnight,12,38,3,0,0,485.4906,0.0,1,1,0,0
0,Full_Day,12,33,3,0,0,1151.0,1.0,1,0,0,0
0,Early_Return,12,55,5,1,0,772.0,1.0,1,0,1,0
0,Overnight,12,33,0,0,0,582.6666666666666,1.0,1,0,1,0
0,Early_Return,7,19,6,1,1,653.5,2.0,1,0,0,0
0,Full_Day,6,50,1,0,1,541.2,2.0,1,1,0,0
0,Early_Return,7,27,6,1,1,395.8,2.0,1,0,1,0
0,Full_Day,7,27,6,1,1,356.2,2.0,1,1,0,0
0,Full_Day,12,43,4,0,0,413.0,2.0,1,1,0,0
0,Full_Day,13,8,6,1,0,343.8,2.0,1,0,0,0
1,Early_Return,6,12,5,1,1,380.8,2.0,1,1,0,0
1,Full_Day,6,49,0,0,1,315.6,2.0,1,0,0,1
1,Long_Term,13,13,2,0,0,382.8,2.0,1,1,0,0
1,Overnight,12,28,4,0,0,994.0,2.0,1,0,1,0
0,Full_Day,6,34,4,0,1,485.4906,3.0,1,0,0,1
0,Overnight,7,1,4,0,1,382.0,0.0,1,0,0,1
0,Full_Day,12,17,5,1,0,684.0,1.0,1,1,0,0
0,Full_Day,7,12,6,1,1,593.0,1.0,1,0,0,0
0,Early_Return,6,29,2,0,1,548.75,1.0,1,0,0,0
0,Full_Day,13,5,4,0,0,485.4906,1.0,0,0,0,1
0,Early_Return,13,45,0,0,0,279.0,0.0,1,0,1,0
0,Full_Day,6,52,4,0,1,190.5,0.0,1,0,0,0
0,Full_Day,6,6,3,0,1,270.0,0.0,1,0,0,0
0,Full_Day,13,1,0,0,0,337.25,0.0,1,0,0,0
0,Overnight,7,20,6,1,1,373.2,0.0,1,1,0,0
0,Full_Day,6,36,2,0,1,564.4,1.0,1,0,0,0
0,Full_Day,7,36,5,1,1,485.4906,1.0,1,0,1,0
0,Overnight,7,46,5,1,1,373.0,0.0,1,0,0,0
0,Early_Return,6,25,2,0,1,892.0,1.0,1,0,0,0
0,Long_Term,6,42,4,0,1,633.0,1.0,1,0,0,0
0,Full_Day,12,14,5,1,0,1167.75,1.0,1,0,1,0
0,Full_Day,7,48,4,0,1,1016.0,1.0,1,0,0,0
0,Full_Day,6,52,3,0,1,1013.0,1.0,1,0,0,0
0,Full_Day,6,40,2,0,1,828.6,1.0,1,0,0,0
0,Full_Day,6,48,1,0,1,866.6,1.0,1,1,0,0
1,Overnight,12,38,4,0,0,404.4,1.0,1,0,1,0
0,Early_Return,7,13,3,0,1,485.4906,2.0,1,0,0,0
0,Full_Day,12,23,2,0,0,162.0,0.0,1,0,0,0
0,Early_Return,7,41,6,1,1,252.0,0.0,1,0,1,0
0,Full_Day,5,53,0,0,1,210.0,0.0,1,1,0,0
0,Early_Return,6,53,0,0,1,291.75,0.0,1,0,1,0
0,Early_Return,6,15,0,0,1,266.6,0.0,1,0,1,0
0,Full_Day,12,43,0,0,0,273.6,0.0,1,0,1,0
0,Full_Day,6,49,0,0,1,264.4,0.0,1,0,0,0
0,Full_Day,13,11,3,0,0,297.2,0.0,1,0,0,0
1,Early_Return,12,54,4,0,0,268.0,0.0,1,1,0,0
0,Early_Return,12,4,0,0,0,485.4906,0.0,1,0,0,0
0,Early_Return,7,22,3,0,1,165.0,0.0,1,0,0,1
0,Early_Return,7,54,3,0,1,152.0,0.0,1,0,1,0
0,Full_Day,12,21,4,0,0,137.33333333333334,0.0,1,1,0,0
0,Early_Return,6,35,5,1,1,169.25,0.0,1,0,0,1
0,Overnight,7,20,5,1,1,177.2,0.0,1,1,0,0
0,Long_Term,12,42,0,0,0,402.4,1.0,1,0,0,1
1,Full_Day,13,6,6,1,0,718.6,1.0,1,0,1,0
1,Full_Day,12,5,6,1,0,761.2,1.0,1,0,0,1
0,Early_Return,6,59,0,0,1,485.4906,1.0,1,1,0,0
0,Early_Return,6,36,3,0,1,65.0,0.0,1,1,0,0
0,Full_Day,12,36,0,0,0,71.5,0.0,1,0,0,0
0,Early_Return,6,28,5,1,1,148.33333333333334,0.0,1,1,0,0
0,Full_Day,13,25,0,0,0,162.5,0.0,1,0,0,0
1,Early_Return,7,15,3,0,1,228.8,0.0,1,0,1,0
1,Full_Day,6,31,1,0,1,242.2,0.0,1,1,0,0
0,Full_Day,6,23,0,0,1,485.4906,0.0,1,0,0,0
0,Full_Day,12,58,1,0,0,354.0,0.0,1,0,0,0
0,Long_Term,12,45,3,0,0,393.5,0.0,1,0,0,1
0,Full_Day,13,9,4,0,0,975.0,0.0,1,0,0,0
0,Full_Day,12,53,5,1,0,849.5,0.0,1,1,0,0
0,Early_Return,7,6,1,0,1,757.4,0.0,1,0,0,0
0,Full_Day,7,10,3,0,1,704.0,0.0,1,0,0,0
0,Early_Return,12,45,2,0,0,688.2,0.0,1,1,0,0
0,Full_Day,6,19,0,0,1,282.6,0.0,1,0,0,0
1,Early_Return,8,12,0,0,1,291.8,0.0,1,0,0,0
0,Full_Day,7,23,0,0,1,485.4906,0.0,1,0,0,0
0,Full_Day,12,56,0,0,0,259.0,0.0,1,1,0,0
0,Full_Day,12,27,3,0,0,339.0,0.0,1,1,0,0
0,Early_Return,6,52,4,0,1,336.3333333333333,0.0,1,0,0,0
0,Full_Day,13,33,4,0,0,300.5,0.0,1,1,0,0
1,Full_Day,12,8,5,1,0,300.8,0.0,1,1,0,0
0,Full_Day,7,18,5,1,1,485.4906,0.0,1,0,0,1
0,Early_Return,6,13,2,0,1,370.0,0.0,1,0,1,0
0,Full_Day,12,39,5,1,0,228.5,0.0,1,0,1,0
1,Early_Return,7,44,0,0,1,264.6666666666667,0.0,1,0,0,0
0,Full_Day,6,42,6,1,1,485.4906,0.0,1,0,0,0
0,Full_Day,7,29,3,0,1,295.0,0.0,1,0,1,0
0,Early_Return,7,10,0,0,1,485.4906,0.0,1,0,0,1
0,Early_Return,13,22,3,0,0,60.0,0.0,1,0,0,1
0,Early_Return,7,4,0,0,1,102.0,0.0,1,0,0,0
0,Early_Return,7,25,6,1,1,99.0,0.0,1,0,0,0
0,Long_Term,7,0,0,0,1,97.75,0.0,1,1,0,0
0,Full_Day,12,4,6,1,0,485.4906,0.0,1,1,0,0
0,Full_Day,7,43,3,0,1,247.0,0.0,1,1,0,0
1,Full_Day,14,9,0,0,0,244.0,0.0,1,1,0,0
1,Early_Return,7,14,4,0,1,301.3333333333333,0.0,1,1,0,0
1,Overnight,7,37,3,0,1,249.0,0.0,1,0,0,0
0,Full_Day,7,1,0,0,1,485.4906,1.0,1,1,0,0
0,Long_Term,12,18,5,1,0,353.0,0.0,1,0,1,0
0,Full_Day,7,21,6,1,1,1572.5,0.0,1,1,0,0
0,Full_Day,6,41,6,1,1,1140.0,0.0,1,1,0,0
0,Full_Day,7,20,5,1,1,915.0,0.0,0,0,0,1
1,Full_Day,13,9,4,0,0,808.4,0.0,0,1,0,0
0,Full_Day,6,27,4,0,1,485.4906,0.0,1,0,0,0
0,Early_Return,7,47,1,0,1,518.0,0.0,1,0,0,1
0,Overnight,12,41,4,0,0,297.0,0.0,1,1,0,0
0,Full_Day,12,40,4,0,0,657.0,1.0,1,0,0,1
1,Full_Day,6,56,0,0,1,577.75,1.0,1,0,0,0
1,Early_Return,7,11,6,1,1,535.6,1.0,1,0,0,0
0,Full_Day,13,38,3,0,0,485.4906,1.0,1,0,0,0
0,Long_Term,7,49,0,0,1,489.0,0.0,1,0,0,0
0,Overnight,6,43,1,0,1,1965.5,0.0,1,0,1,0
0,Full_Day,8,1,4,0,1,1647.6666666666667,1.0,1,0,0,0
0,Full_Day,6,55,6,1,1,1351.0,1.0,1,0,0,0
0,Overnight,11,54,3,0,1,1179.6,1.0,1,0,1,0
0,Full_Day,7,30,1,0,1,1233.0,2.0,1,0,0,0
0,Full_Day,12,45,4,0,0,610.0,2.0,1,1,0,0
0,Full_Day,12,11,0,0,0,485.6,2.0,0,1,0,0
0,Full_Day,6,21,2,0,1,448.2,2.0,1,0,1,0
1,Early_Return,7,11,5,1,1,409.8,2.0,1,0,1,0
0,Full_Day,6,35,0,0,1,485.4906,2.0,1,0,0,0
0,Full_Day,6,50,1,0,1,296.0,0.0,1,0,0,1
0,Full_Day,12,27,5,1,0,280.5,0.0,1,1,0,0
0,Full_Day,13,7,3,0,0,338.0,0.0,0,1,0,0
0,Full_Day,11,9,2,0,1,346.25,0.0,1,1,0,0
0,Overnight,13,26,6,1,0,347.8,0.0,1,0,0,1
1,Overnight,7,21,1,0,1,499.4,1.0,1,0,0,0
0,Full_Day,6,28,5,1,1,485.4906,2.0,1,1,0,0
0,Full_Day,12,58,2,0,0,503.0,0.0,1,0,0,0
0,Full_Day,7,12,5,1,1,456.5,0.0,1,0,0,0
0,Early_Return,7,46,1,0,1,467.3333333333333,0.0,1,0,0,0
0,Overnight,12,35,3,0,0,374.75,0.0,1,0,0,0
0,Full_Day,12,54,2,0,0,575.8,1.0,1,1,0,0
0,Full_Day,7,0,4,0,1,562.6,1.0,1,0,1,0
0,Full_Day,7,17,4,0,1,554.4,1.0,1,1,0,0
0,Full_Day,7,12,2,0,1,559.4,1.0,1,0,1,0
0,Overnight,6,58,4,0,1,642.0,1.0,1,1,0,0
1,Overnight,7,9,1,0,1,576.4,2.0,1,0,0,0
1,Early_Return,12,22,4,0,0,703.2,3.0,1,0,0,0
1,Early_Return,6,18,0,0,1,643.2,3.0,1,0,1,0
0,Early_Return,7,4,4,0,1,485.4906,3.0,1,0,1,0
0,Full_Day,12,54,0,0,0,122.0,0.0,1,0,0,0
0,Full_Day,6,36,4,0,1,270.0,0.0,1,1,0,0
0,Early_Return,7,41,4,0,1,278.0,0.0,1,1,0,0
0,Early_Return,13,6,1,0,0,230.5,0.0,1,1,0,0
0,Early_Return,12,46,4,0,0,209.6,0.0,1,1,0,0
0,Full_Day,6,47,0,0,1,203.2,0.0,1,0,0,0
1,Full_Day,6,8,4,0,1,222.2,0.0,1,1,0,0
0,Early_Return,12,23,1,0,0,485.4906,0.0,1,0,1,0
0,Early_Return,7,30,3,0,1,174.0,0.0,1,0,0,0
0,Full_Day,6,55,4,0,1,150.5,0.0,1,1,0,0
0,Early_Return,7,51,1,0,1,214.0,0.0,1,0,0,0
0,Full_Day,12,38,2,0,0,204.75,0.0,1,1,0,0
0,Full_Day,6,20,0,0,1,242.8,0.0,1,0,0,0
0,Full_Day,6,56,0,0,1,314.8,0.0,1,0,1,0
0,Early_Return,6,26,1,0,1,379.0,0.0,1,1,0,0
0,Early_Return,7,50,2,0,1,343.8,0.0,1,0,1,0
0,Full_Day,6,37,5,1,1,327.4,0.0,1,0,0,0
0,Overnight,7,19,4,0,1,296.6,0.0,1,0,0,0
0,Overnight,12,44,1,0,0,474.0,1.0,1,0,1,0
0,Early_Return,7,36,5,1,1,485.4906,2.0,1,0,0,0
0,Full_Day,13,4,3,0,0,89.0,0.0,1,0,0,0
0,Full_Day,7,34,0,0,1,279.5,0.0,1,0,1,0
1,Full_Day,12,46,3,0,0,331.6666666666667,0.0,1,0,0,0
1,Full_Day,12,49,5,1,0,367.75,0.0,1,0,1,0
1,Overnight,13,11,2,0,0,393.0,0.0,1,0,0,1
0,Early_Return,14,4,1,0,0,485.4906,1.0,1,0,0,0
0,Early_Return,7,10,6,1,1,107.0,0.0,1,1,0,0
0,Full_Day,6,50,0,0,1,92.0,0.0,1,0,0,0
0,Overnight,6,41,2,0,1,219.0,0.0,1,0,1,0
0,Early_Return,13,19,0,0,0,388.0,1.0,1,1,0,0
0,Full_Day,12,27,5,1,0,342.6,1.0,1,0,0,0
1,Early_Return,6,52,2,0,1,384.4,1.0,1,0,0,1
0,Full_Day,8,7,6,1,1,485.4906,1.0,1,1,0,0
0,Full_Day,12,48,5,1,0,496.0,0.0,1,0,0,0
0,Long_Term,13,6,6,1,0,389.5,0.0,1,0,0,0
0,Early_Return,12,7,0,0,0,1153.0,0.0,1,1,0,0
0,Full_Day,7,20,6,1,1,909.0,0.0,1,1,0,0
0,Full_Day,7,9,1,0,1,796.8,0.0,1,0,0,0
0,Overnight,6,59,0,0,1,781.0,0.0,1,1,0,0
0,Full_Day,13,19,5,1,0,905.2,1.0,1,1,0,0
1,Full_Day,7,27,2,0,1,420.0,1.0,1,0,0,0
1,Full_Day,6,59,3,0,1,449.6,1.0,1,0,0,0
0,Long_Term,7,52,0,0,1,485.4906,1.0,1,0,0,0
0,Full_Day,6,41,3,0,1,3374.0,0.0,1,1,0,0
0,Early_Return,7,10,6,1,1,485.4906,0.0,1,1,0,0
0,Early_Return,12,40,2,0,0,76.0,0.0,1,0,0,0
0,Full_Day,6,46,5,1,1,93.0,0.0,1,1,0,0
0,Early_Return,6,23,3,0,1,146.33333333333334,0.0,1,1,0,0
1,Full_Day,7,54,6,1,1,133.0,0.0,1,0,0,0
0,Full_Day,12,12,5,1,0,485.4906,0.0,1,0,0,0
0,Early_Return,7,3,2,0,1,521.0,0.0,1,0,0,0
0,Full_Day,7,5,3,0,1,312.0,0.0,1,1,0,0
0,Full_Day,12,1,3,0,0,302.3333333333333,0.0,1,0,0,0
0,Early_Return,12,33,3,0,0,356.5,0.0,1,1,0,0
0,Full_Day,7,37,2,0,1,322.0,0.0,1,1,0,0
0,Early_Return,12,32,3,0,0,323.0,0.0,1,0,0,0
0,Full_Day,6,47,6,1,1,331.4,0.0,1,1,0,0
0,Full_Day,7,34,3,0,1,374.2,0.0,1,0,0,0
0,Full_Day,7,9,4,0,1,366.8,0.0,1,0,0,0
0,Full_Day,12,48,4,0,0,379.6,0.0,1,0,1,0
0,Full_Day,12,23,4,0,0,343.0,0.0,1,0,0,0
1,Early_Return,12,57,2,0,0,415.8,0.0,1,0,0,0
0,Full_Day,8,5,3,0,1,485.4906,0.0,1,0,0,0
0,Full_Day,13,25,6,1,0,247.0,0.0,1,0,1,0
0,Full_Day,6,48,6,1,1,283.0,0.0,1,1,0,0
0,Full_Day,12,43,5,1,0,297.6666666666667,0.0,1,0,1,0
1,Full_Day,6,27,0,0,1,286.5,0.0,1,0,1,0
1,Full_Day,12,56,0,0,0,295.2,0.0,1,0,0,0
1,Early_Return,7,11,1,0,1,344.2,0.0,1,0,1,0
1,Full_Day,7,42,1,0,1,306.6,0.0,1,1,0,0
0,Overnight,6,19,6,1,1,485.4906,0.0,1,0,0,0
0,Overnight,6,42,3,0,1,1145.0,1.0,1,0,0,0
0,Overnight,6,34,4,0,1,1052.0,2.0,1,0,1,0
0,Full_Day,7,6,5,1,1,1115.0,3.0,1,0,0,1
0,Early_Return,13,9,3,0,0,902.25,3.0,1,1,0,0
0,Early_Return,7,7,4,0,1,736.8,3.0,1,1,0,0
0,Early_Return,5,59,5,1,1,525.6,3.0,1,0,0,1
0,Early_Return,7,44,4,0,1,350.6,3.0,1,0,0,0
0,Full_Day,12,34,1,0,0,485.4906,3.0,1,0,1,0
0,Early_Return,6,42,5,1,1,496.0,0.0,1,0,0,0
0,Full_Day,13,9,0,0,0,346.5,0.0,1,0,0,0
0,Full_Day,7,24,5,1,1,410.0,0.0,1,0,1,0
0,Overnight,12,29,0,0,0,485.4906,0.0,1,0,0,0
0,Early_Return,6,50,1,0,1,923.0,1.0,1,0,0,0
0,Early_Return,6,28,2,0,1,551.5,1.0,1,0,0,0
0,Overnight,12,18,5,1,0,394.6666666666667,1.0,1,1,0,0
0,Overnight,7,0,0,0,1,520.0,2.0,1,1,0,0
0,Overnight,7,27,0,0,1,658.4,3.0,1,0,0,0
0,Full_Day,13,0,3,0,0,692.6,4.0,1,0,0,0
0,Full_Day,7,45,2,0,1,720.2,4.0,1,0,0,0
0,Full_Day,12,31,5,1,0,753.6,4.0,1,1,0,0
0,Full_Day,11,13,6,1,1,485.4906,4.0,1,1,0,0
0,Full_Day,7,41,5,1,1,475.0,0.0,1,0,0,0
0,Early_Return,13,29,6,1,0,427.0,0.0,1,0,1,0
0,Early_Return,13,24,0,0,0,345.6666666666667,0.0,1,0,0,0
0,Full_Day,13,27,1,0,0,295.75,0.0,1,1,0,0
0,Full_Day,7,16,3,0,1,324.4,0.0,1,0,0,0
0,Early_Return,13,15,3,0,0,324.0,0.0,1,0,0,0
0,Early_Return,7,20,5,1,1,288.0,0.0,1,0,0,0
0,Overnight,7,5,1,0,1,287.6,0.0,1,0,0,0
0,Overnight,7,28,4,0,1,479.6,1.0,1,0,0,0
1,Full_Day,13,1,3,0,0,648.0,2.0,1,1,0,0
0,Full_Day,7,15,0,0,1,485.4906,2.0,1,0,0,0
0,Early_Return,13,9,6,1,0,254.0,0.0,1,1,0,0
0,Full_Day,6,58,4,0,1,206.5,0.0,1,1,0,0
0,Early_Return,12,42,0,0,0,282.6666666666667,0.0,1,0,0,0
0,Full_Day,6,39,1,0,1,254.75,0.0,1,0,0,0
0,Full_Day,6,35,2,0,1,294.0,0.0,1,0,0,0
0,Early_Return,11,49,3,0,1,310.8,0.0,1,0,0,1
1,Overnight,7,15,0,0,1,292.6,0.0,1,1,0,0
0,Full_Day,7,38,3,0,1,485.4906,1.0,1,0,1,0
0,Early_Return,12,47,3,0,0,462.0,0.0,1,0,0,0
1,Full_Day,6,19,3,0,1,268.0,0.0,1,0,0,0
0,Overnight,6,52,5,1,1,485.4906,0.0,1,1,0,0
0,Full_Day,8,15,2,0,1,1121.0,1.0,1,0,0,0
0,Full_Day,7,16,4,0,1,704.0,1.0,1,1,0,0
0,Full_Day,7,36,4,0,1,630.0,1.0,1,0,0,1
0,Early_Return,12,37,6,1,0,541.0,1.0,1,0,0,1
0,Full_Day,6,44,2,0,1,461.2,1.0,1,0,0,0
0,Early_Return,13,3,6,1,0,339.2,1.0,1,0,1,0
1,Full_Day,7,20,2,0,1,307.8,1.0,1,0,0,0
1,Overnight,12,46,2,0,0,289.4,1.0,1,0,1,0
0,Early_Return,7,34,2,0,1,485.4906,2.0,1,0,1,0
0,Early_Return,12,50,3,0,0,163.0,0.0,1,0,1,0
0,Overnight,13,13,5,1,0,121.0,0.0,1,0,0,0
0,Full_Day,6,20,2,0,1,464.6666666666667,1.0,1,0,0,0
0,Early_Return,7,48,2,0,1,441.5,1.0,1,1,0,0
0,Full_Day,12,24,2,0,0,370.6,1.0,1,0,0,1
0,Early_Return,6,53,1,0,1,415.0,1.0,1,0,1,0
0,Full_Day,7,4,2,0,1,432.8,1.0,1,0,0,1
1,Early_Return,6,50,1,0,1,298.2,1.0,0,0,0,0
1,Full_Day,12,29,5,1,0,247.6,1.0,1,1,0,0
1,Full_Day,6,4,2,0,1,323.0,1.0,1,0,0,0
0,Early_Return,12,56,4,0,0,485.4906,1.0,1,0,0,1
0,Full_Day,6,50,4,0,1,62.0,0.0,1,0,0,0
0,Overnight,12,20,0,0,0,258.5,0.0,1,1,0,0
1,Early_Return,6,36,2,0,1,538.3333333333334,1.0,1,0,0,0
0,Early_Return,12,44,5,1,0,485.4906,1.0,1,1,0,0
0,Full_Day,13,1,3,0,0,88.0,0.0,1,1,0,0
0,Full_Day,12,22,1,0,0,259.0,0.0,1,0,0,0
0,Full_Day,7,14,4,0,1,323.6666666666667,0.0,1,0,0,0
1,Early_Return,7,39,4,0,1,333.5,0.0,1,0,1,0
0,Early_Return,6,47,6,1,1,485.4906,0.0,1,1,0,0
0,Full_Day,12,38,1,0,0,119.0,0.0,1,0,0,0
0,Overnight,5,47,4,0,1,210.0,0.0,1,0,0,0
0,Overnight,6,52,6,1,1,560.6666666666666,1.0,1,1,0,0
0,Early_Return,14,7,1,0,0,655.75,2.0,1,0,0,1
0,Full_Day,7,7,2,0,1,561.8,2.0,1,1,0,0
0,Early_Return,7,2,4,0,1,598.2,2.0,1,0,0,0
0,Full_Day,6,6,4,0,1,485.4906,2.0,1,1,0,0
0,Early_Return,12,10,3,0,0,518.0,0.0,1,0,0,0
0,Full_Day,7,28,5,1,1,356.5,0.0,1,0,1,0
0,Full_Day,6,24,0,0,1,363.3333333333333,0.0,1,0,0,0
0,Early_Return,7,7,2,0,1,366.5,0.0,1,0,1,0
1,Full_Day,6,42,1,0,1,325.4,0.0,1,0,0,0
0,Long_Term,6,47,1,0,1,485.4906,0.0,1,0,0,0
0,Full_Day,7,23,2,0,1,4251.0,0.0,1,1,0,0
0,Early_Return,13,14,0,0,0,2318.5,0.0,1,1,0,0
0,Full_Day,13,3,2,0,0,1573.0,0.0,1,0,1,0
0,Early_Return,6,18,5,1,1,1290.5,0.0,1,0,0,0
0,Early_Return,7,13,2,0,1,1057.2,0.0,1,1,0,0
1,Full_Day,13,11,3,0,0,243.0,0.0,1,1,0,0
1,Early_Return,6,28,5,1,1,257.2,0.0,1,0,0,0
0,Early_Return,11,58,5,1,1,485.4906,0.0,1,0,0,1
0,Full_Day,11,31,4,0,1,74.0,0.0,1,0,0,1
0,Overnight,13,51,1,0,0,238.5,0.0,1,0,0,0
0,Long_Term,7,0,6,1,1,625.0,1.0,1,0,1,0
0,Full_Day,6,38,3,0,1,1347.25,1.0,1,0,0,1
0,Full_Day,6,15,5,1,1,1168.4,1.0,1,0,0,0
1,Early_Return,12,58,0,0,0,1249.6,1.0,1,0,0,0
0,Full_Day,6,7,0,0,1,485.4906,1.0,1,0,0,0
0,Early_Return,6,58,3,0,1,377.0,0.0,1,1,0,0
0,Early_Return,6,47,4,0,1,275.0,0.0,1,1,0,0
0,Full_Day,6,11,5,1,1,206.33333333333334,0.0,1,0,0,0
0,Full_Day,6,46,5,1,1,272.25,0.0,1,1,0,0
0,Full_Day,12,45,5,1,0,270.0,0.0,1,1,0,0
0,Early_Return,6,56,4,0,1,250.0,0.0,1,0,0,0
1,Early_Return,6,28,5,1,1,252.0,0.0,1,0,0,0
0,Long_Term,12,17,5,1,0,485.4906,0.0,1,0,0,0
0,Full_Day,13,44,2,0,0,4228.0,0.0,1,0,0,1
0,Early_Return,13,13,4,0,0,2305.0,0.0,1,0,0,0
0,Full_Day,12,52,2,0,0,1602.6666666666667,0.0,1,0,1,0
0,Early_Return,7,40,0,0,1,1325.5,0.0,1,0,1,0
0,Early_Return,6,50,3,0,1,1078.8,0.0,1,0,0,0
0,Early_Return,7,18,4,0,1,268.6,0.0,1,1,0,0
0,Full_Day,12,51,5,1,0,233.8,0.0,1,0,0,0
0,Early_Return,11,8,6,1,1,287.6,0.0,1,0,0,0
1,Full_Day,12,42,4,0,0,228.6,0.0,1,0,1,0
1,Full_Day,8,7,5,1,1,275.6,0.0,1,0,1,0
0,Early_Return,6,3,3,0,1,485.4906,0.0,1,1,0,0
0,Early_Return,6,47,4,0,1,194.0,0.0,1,0,0,0
0,Full_Day,8,6,5,1,1,133.5,0.0,1,0,1,0
0,Early_Return,13,22,3,0,0,268.0,0.0,1,0,1,0
0,Full_Day,7,4,0,0,1,216.0,0.0,1,0,0,1
0,Early_Return,7,36,0,0,1,248.8,0.0,1,0,1,0
0,Full_Day,6,50,1,0,1,242.8,0.0,1,1,0,0
0,Full_Day,6,46,5,1,1,485.4906,0.0,1,1,0,0
0,Overnight,6,38,3,0,1,329.0,0.0,1,0,0,0
0,Early_Return,12,39,4,0,0,576.0,1.0,1,0,0,0
0,Early_Return,7,38,6,1,1,414.3333333333333,1.0,1,1,0,0
0,Full_Day,6,37,1,0,1,342.0,1.0,1,0,0,0
0,Early_Return,6,32,3,0,1,381.4,1.0,1,0,0,0
0,Full_Day,7,55,4,0,1,336.0,1.0,1,0,1,0
1,Early_Return,7,22,1,0,1,235.8,1.0,1,1,0,0
1,Full_Day,7,8,6,1,1,236.2,1.0,1,0,0,0
0,Full_Day,13,7,6,1,0,485.4906,1.0,1,0,1,0
0,Early_Return,7,2,2,0,1,479.0,0.0,1,0,0,0
0,Full_Day,6,26,2,0,1,340.5,0.0,1,0,1,0
0,Full_Day,12,30,2,0,0,323.3333333333333,0.0,1,0,1,0
1,Overnight,12,52,0,0,0,337.5,0.0,1,0,0,0
1,Early_Return,6,19,0,0,1,497.4,1.0,1,0,0,0
1,Early_Return,7,2,0,0,1,441.0,1.0,1,1,0,0
1,Early_Return,7,15,1,0,1,427.0,1.0,1,1,0,0
0,Early_Return,13,12,2,0,0,485.4906,1.0,1,0,0,0
0,Full_Day,7,34,0,0,1,109.0,0.0,1,1,0,0
0,Early_Return,13,23,4,0,0,178.5,0.0,1,1,0,0
0,Overnight,6,35,4,0,1,172.0,0.0,1,0,0,1
0,Full_Day,7,29,1,0,1,354.75,1.0,1,0,0,1
0,Full_Day,13,19,1,0,0,350.0,1.0,1,1,0,0
0,Early_Return,7,30,3,0,1,397.4,1.0,1,0,0,0
0,Overnight,7,9,5,1,1,371.4,1.0,1,0,1,0
1,Full_Day,7,9,6,1,1,614.0,2.0,1,0,0,0
0,Full_Day,7,4,2,0,1,485.4906,2.0,1,0,1,0
0,Early_Return,7,55,6,1,1,393.0,0.0,1,1,0,0
0,Full_Day,6,52,3,0,1,229.5,0.0,1,0,0,0
0,Early_Return,12,53,0,0,0,316.3333333333333,0.0,1,0,0,1
0,Early_Return,11,51,0,0,1,258.75,0.0,1,0,1,0
0,Overnight,6,18,2,0,1,220.4,0.0,1,1,0,0
1,Full_Day,11,56,0,0,1,392.0,1.0,1,1,0,0
0,Early_Return,6,44,6,1,1,485.4906,1.0,1,0,0,0
0,Full_Day,7,11,0,0,1,173.0,0.0,1,1,0,0
0,Full_Day,7,35,2,0,1,311.5,0.0,1,0,1,0
0,Early_Return,6,27,4,0,1,365.0,0.0,1,0,0,0
0,Full_Day,7,54,5,1,1,308.0,0.0,1,0,0,0
0,Early_Return,6,18,1,0,1,322.0,0.0,1,0,0,0
0,Full_Day,6,29,1,0,1,326.8,0.0,1,0,0,1
0,Early_Return,6,20,2,0,1,286.4,0.0,1,1,0,0
0,Early_Return,12,34,2,0,0,221.0,0.0,1,0,1,0
0,Early_Return,13,10,3,0,0,216.8,0.0,1,0,0,0
0,Overnight,7,2,1,0,1,159.6,0.0,1,0,0,0
0,Early_Return,13,24,2,0,0,357.0,1.0,1,0,0,0
0,Full_Day,6,45,0,0,1,485.4906,1.0,1,1,0,0
0,Long_Term,6,26,4,0,1,343.0,0.0,1,0,0,0
0,Early_Return,7,6,4,0,1,2239.5,0.0,1,0,0,0
0,Full_Day,12,13,6,1,0,1534.6666666666667,0.0,1,0,0,0
1,Early_Return,6,48,3,0,1,1270.25,0.0,1,1,0,0
0,Early_Return,6,38,4,0,1,485.4906,0.0,1,0,0,0
0,Full_Day,13,0,6,1,0,130.0,0.0,1,0,0,1
0,Overnight,12,7,1,0,0,323.0,0.0,1,0,0,0
0,Full_Day,6,56,6,1,1,484.3333333333333,1.0,1,1,0,0
0,Overnight,6,8,5,1,1,480.5,1.0,1,0,0,0
0,Full_Day,12,45,2,0,0,618.2,2.0,1,0,0,0
1,Early_Return,6,51,4,0,1,677.4,2.0,1,0,0,1
1,Long_Term,7,4,0,0,1,592.8,2.0,1,1,0,0
0,Full_Day,7,54,2,0,1,485.4906,2.0,1,1,0,0
0,Full_Day,7,34,0,0,1,512.0,0.0,1,0,1,0
0,Full_Day,11,48,1,0,1,378.5,0.0,1,0,1,0
0,Full_Day,8,29,3,0,1,346.3333333333333,0.0,1,0,0,1
0,Full_Day,7,17,1,0,1,360.75,0.0,1,0,1,0
0,Full_Day,6,34,2,0,1,373.2,0.0,1,1,0,0
1,Full_Day,12,38,0,0,0,331.8,0.0,1,1,0,0
1,Full_Day,7,4,4,0,1,333.2,0.0,1,1,0,0
1,Full_Day,12,57,4,0,0,377.0,0.0,1,1,0,0
0,Overnight,7,22,0,0,1,485.4906,0.0,1,1,0,0
0,Full_Day,6,39,6,1,1,1410.0,1.0,1,0,0,0
0,Full_Day,7,5,2,0,1,926.0,1.0,1,0,0,0
1,Long_Term,12,43,6,1,0,770.0,1.0,1,0,0,0
1,Full_Day,13,27,2,0,0,1599.5,1.0,1,1,0,0
0,Early_Return,6,44,0,0,1,485.4906,1.0,1,0,1,0
0,Full_Day,7,27,1,0,1,172.0,0.0,1,0,1,0
0,Early_Return,7,8,4,0,1,241.5,0.0,1,0,0,0
0,Full_Day,13,7,4,0,0,182.33333333333334,0.0,1,1,0,0
0,Full_Day,6,59,3,0,1,260.25,0.0,1,0,1,0
0,Full_Day,6,41,6,1,1,301.4,0.0,1,0,1,0
0,Full_Day,7,4,6,1,1,364.6,0.0,1,0,0,0
0,Full_Day,6,15,0,0,1,357.8,0.0,1,1,0,0
0,Full_Day,6,33,1,0,1,394.2,0.0,1,1,0,0
0,Full_Day,5,30,4,0,1,485.4906,0.0,1,0,0,0
0,Early_Return,6,48,4,0,1,290.0,0.0,1,0,0,0
0,Full_Day,7,25,2,0,1,198.5,0.0,1,0,0,0
0,Full_Day,12,13,2,0,0,260.3333333333333,0.0,1,0,0,1
1,Full_Day,12,31,3,0,0,306.25,0.0,1,0,0,1
0,Early_Return,6,50,6,1,1,485.4906,0.0,1,0,0,0
0,Overnight,12,44,1,0,0,175.0,0.0,1,1,0,0
0,Full_Day,6,53,5,1,1,531.5,1.0,0,0,0,0
0,Full_Day,7,47,5,1,1,499.3333333333333,1.0,1,1,0,0
1,Early_Return,7,28,2,0,1,498.0,1.0,1,0,0,0
1,Early_Return,7,24,2,0,1,418.4,1.0,1,0,1,0
0,Early_Return,12,25,4,0,0,485.4906,1.0,1,1,0,0
0,Early_Return,6,28,4,0,1,87.0,0.0,1,1,0,0
1,Early_Return,7,16,6,1,1,102.0,0.0,1,1,0,0
0,Early_Return,6,19,6,1,1,485.4906,0.0,1,0,0,0
0,Early_Return,6,40,5,1,1,127.0,0.0,1,0,0,0
0,Early_Return,13,23,6,1,0,129.5,0.0,1,0,1,0
0,Early_Return,7,14,0,0,1,120.0,0.0,1,0,1,0
0,Early_Return,7,12,0,0,1,141.0,0.0,1,1,0,0
0,Early_Return,7,11,1,0,1,137.2,0.0,1,1,0,0
1,Early_Return,6,59,0,0,1,150.0,0.0,1,1,0,0
1,Full_Day,6,47,3,0,1,137.2,0.0,1,0,1,0
0,Full_Day,6,56,3,0,1,485.4906,0.0,1,0,0,0
0,Full_Day,6,59,1,0,1,301.0,0.0,1,1,0,0
0,Early_Return,13,15,6,1,0,369.0,0.0,1,1,0,0
0,Early_Return,6,39,1,0,1,271.3333333333333,0.0,1,1,0,0
1,Early_Return,12,54,2,0,0,245.0,0.0,1,0,1,0
0,Long_Term,6,50,3,0,1,485.4906,0.0,1,1,0,0
0,Early_Return,12,49,3,0,0,1616.0,0.0,0,1,0,0
0,Full_Day,6,26,2,0,1,868.5,0.0,1,0,1,0
0,Full_Day,6,35,6,1,1,727.6666666666666,0.0,1,1,0,0
1,Full_Day,6,10,2,0,1,609.25,0.0,1,0,0,0
1,Early_Return,12,8,5,1,0,570.2,0.0,1,0,0,0
1,Early_Return,12,21,5,1,0,283.6,0.0,1,0,1,0
0,Early_Return,12,0,1,0,0,485.4906,0.0,1,0,0,0
0,Early_Return,6,52,0,0,1,121.0,0.0,1,1,0,0
0,Full_Day,7,19,3,0,1,93.0,0.0,1,0,0,0
1,Early_Return,12,33,5,1,0,237.33333333333334,0.0,1,0,0,0
0,Early_Return,12,44,3,0,0,485.4906,0.0,1,0,0,0
0,Full_Day,6,26,2,0,1,160.0,0.0,1,0,0,0
0,Full_Day,12,10,1,0,0,297.5,0.0,1,0,1,0
0,Early_Return,12,40,1,0,0,299.3333333333333,0.0,1,1,0,0
0,Full_Day,6,18,5,1,1,268.25,0.0,1,0,1,0
0,Early_Return,7,39,0,0,1,280.2,0.0,1,0,0,0
0,Early_Return,7,5,1,0,1,286.4,0.0,1,1,0,0
1,Full_Day,6,2,5,1,1,218.2,0.0,1,0,0,0
0,Early_Return,7,48,3,0,1,485.4906,0.0,1,1,0,0
0,Early_Return,6,48,1,0,1,167.0,0.0,1,0,0,0
0,Early_Return,13,54,4,0,0,170.0,0.0,1,1,0,0
0,Full_Day,6,53,2,0,1,175.0,0.0,1,1,0,0
0,Early_Return,12,59,3,0,0,202.5,0.0,1,0,0,0
1,Early_Return,7,57,4,0,1,186.0,0.0,1,0,1,0
0,Full_Day,13,59,6,1,0,485.4906,0.0,1,0,0,1
0,Full_Day,6,14,3,0,1,289.0,0.0,1,0,0,0
0,Full_Day,13,29,0,0,0,408.0,0.0,1,1,0,0
0,Early_Return,12,27,0,0,0,442.3333333333333,0.0,1,0,0,1
1,Long_Term,7,31,0,0,1,371.75,0.0,1,1,0,0
1,Overnight,6,20,6,1,1,1082.0,0.0,0,0,0,0
0,Full_Day,13,44,4,0,0,485.4906,1.0,1,0,1,0
0,Full_Day,7,39,6,1,1,491.0,0.0,1,0,0,0
0,Overnight,7,3,2,0,1,383.5,0.0,1,0,0,0
0,Early_Return,12,58,4,0,0,687.6666666666666,1.0,1,0,0,1
0,Full_Day,6,38,6,1,1,552.25,1.0,0,0,1,0
0,Full_Day,13,17,5,1,0,517.2,1.0,1,0,0,1
0,Full_Day,7,7,0,0,1,519.0,1.0,1,0,1,0
0,Full_Day,6,47,6,1,1,534.6,1.0,1,0,0,1
1,Early_Return,6,12,4,0,1,351.8,1.0,1,1,0,0
1,Overnight,13,0,0,0,0,355.6,1.0,1,0,0,0
0,Long_Term,6,48,5,1,1,485.4906,2.0,1,0,0,0
0,Full_Day,12,48,0,0,0,1871.0,0.0,1,0,1,0
0,Overnight,7,19,4,0,1,1070.5,0.0,1,1,0,0
0,Full_Day,8,4,6,1,1,1003.3333333333334,1.0,1,1,0,0
0,Full_Day,8,8,2,0,1,826.5,1.0,1,0,0,0
1,Full_Day,6,12,0,0,1,765.6,1.0,1,0,1,0
0,Early_Return,6,56,3,0,1,485.4906,1.0,1,1,0,0
0,Early_Return,6,42,3,0,1,138.0,0.0,1,1,0,0
0,Early_Return,7,12,5,1,1,145.0,0.0,0,1,0,0
0,Early_Return,7,16,0,0,1,136.66666666666666,0.0,1,0,0,0
0,Full_Day,12,51,3,0,0,151.0,0.0,1,1,0,0
0,Early_Return,7,35,5,1,1,217.8,0.0,1,0,0,0
0,Full_Day,12,39,5,1,0,221.2,0.0,1,0,1,0
0,Full_Day,12,10,4,0,0,239.6,0.0,1,0,1,0
0,Long_Term,6,58,3,0,1,274.4,0.0,1,1,0,0
0,Overnight,12,41,4,0,0,582.6,0.0,1,0,0,1
0,Long_Term,5,44,6,1,1,692.2,1.0,1,1,0,0
0,Early_Return,12,0,6,1,0,485.4906,1.0,1,0,1,0
0,Early_Return,13,2,6,1,0,173.0,0.0,1,0,0,0
0,Early_Return,6,49,2,0,1,140.5,0.0,1,1,0,0
0,Full_Day,12,57,2,0,0,124.66666666666667,0.0,1,0,0,1
1,Full_Day,7,55,5,1,1,172.5,0.0,1,0,0,0
0,Full_Day,7,1,0,0,1,485.4906,0.0,1,1,0,0
0,Early_Return,6,55,5,1,1,398.0,0.0,1,0,1,0
0,Early_Return,7,19,5,1,1,298.0,0.0,1,0,1,0
0,Full_Day,6,38,0,0,1,244.66666666666666,0.0,1,0,1,0
0,Early_Return,7,32,1,0,1,317.25,0.0,1,0,1,0
0,Early_Return,6,59,6,1,1,485.4906,0.0,1,1,0,0
0,Full_Day,7,40,6,1,1,92.0,0.0,1,1,0,0
0,Early_Return,7,21,0,0,1,272.0,0.0,1,1,0,0
0,Early_Return,5,32,6,1,1,249.33333333333334,0.0,1,0,0,0
0,Full_Day,11,24,1,0,1,234.25,0.0,1,0,0,0
0,Early_Return,6,52,2,0,1,242.0,0.0,1,0,1,0
1,Full_Day,7,13,4,0,1,264.2,0.0,1,1,0,0
1,Full_Day,7,3,0,0,1,264.2,0.0,1,0,0,0
0,Full_Day,12,50,3,0,0,485.4906,0.0,1,0,0,0
0,Early_Return,12,31,6,1,0,336.0,0.0,1,1,0,0
0,Long_Term,6,33,2,0,1,238.5,0.0,1,0,0,0
0,Full_Day,12,37,2,0,0,660.0,0.0,1,1,0,0
0,Full_Day,12,7,2,0,0,585.25,0.0,1,0,0,0
0,Long_Term,12,8,5,1,0,537.2,0.0,1,1,0,0
0,Full_Day,7,4,1,0,1,1131.4,0.0,1,1,0,0
0,Early_Return,7,1,2,0,1,1170.6,0.0,1,0,0,0
0,Early_Return,6,56,0,0,1,485.4906,0.0,1,0,0,0
0,Overnight,13,52,4,0,0,106.0,0.0,1,0,0,0
0,Early_Return,7,53,2,0,1,582.0,1.0,1,0,0,1
0,Early_Return,12,0,5,1,0,449.6666666666667,1.0,1,0,0,0
0,Early_Return,6,52,4,0,1,354.0,1.0,1,0,0,0
1,Full_Day,6,14,3,0,1,303.0,1.0,1,0,0,0
0,Full_Day,12,56,3,0,0,485.4906,1.0,1,0,0,0
0,Full_Day,6,58,3,0,1,294.0,0.0,1,0,0,0
0,Full_Day,6,59,1,0,1,293.0,0.0,1,0,1,0
0,Early_Return,7,36,5,1,1,312.3333333333333,0.0,1,1,0,0
0,Full_Day,6,59,2,0,1,250.5,0.0,1,0,1,0
0,Early_Return,7,48,2,0,1,274.2,0.0,1,0,0,0
0,Full_Day,7,1,3,0,1,236.0,0.0,1,1,0,0
0,Early_Return,7,27,5,1,1,259.8,0.0,1,0,0,0
0,Full_Day,7,10,3,0,1,206.2,0.0,1,0,0,0
0,Early_Return,7,11,5,1,1,292.8,0.0,1,0,1,0
0,Long_Term,6,8,3,0,1,235.2,0.0,1,1,0,0
1,Early_Return,6,43,1,0,1,690.8,0.0,1,0,0,0
1,Early_Return,12,54,3,0,0,626.8,0.0,1,0,0,0
1,Full_Day,7,35,5,1,1,636.8,0.0,1,0,0,0
0,Full_Day,13,33,3,0,0,485.4906,0.0,1,0,1,0
0,Early_Return,12,30,3,0,0,525.0,0.0,1,0,0,0
0,Early_Return,12,43,1,0,0,330.0,0.0,1,1,0,0
0,Early_Return,7,12,2,0,1,248.66666666666666,0.0,1,0,0,0
0,Early_Return,13,27,4,0,0,237.75,0.0,1,0,0,0
0,Full_Day,7,6,5,1,1,485.4906,0.0,1,0,0,0
0,Full_Day,13,8,6,1,0,344.0,0.0,0,1,0,0
0,Early_Return,7,17,5,1,1,393.0,0.0,1,1,0,0
0,Early_Return,7,26,2,0,1,485.4906,0.0,1,0,1,0
0,Early_Return,7,15,6,1,1,203.0,0.0,1,0,0,0
0,Full_Day,7,18,6,1,1,185.0,0.0,1,1,0,0
0,Overnight,7,17,6,1,1,229.66666666666666,0.0,1,0,0,1
0,Early_Return,12,41,0,0,0,419.0,1.0,1,0,0,0
0,Early_Return,13,19,4,0,0,359.6,1.0,1,0,0,0
0,Early_Return,6,23,5,1,1,358.4,1.0,1,0,1,0
0,Long_Term,6,35,5,1,1,359.2,1.0,1,0,0,0
0,Early_Return,6,33,0,0,1,1005.0,1.0,0,0,1,0
1,Full_Day,6,53,2,0,1,839.6,1.0,1,0,0,0
0,Long_Term,7,33,4,0,1,485.4906,1.0,1,1,0,0
0,Early_Return,6,54,3,0,1,3311.0,0.0,1,0,1,0
1,Full_Day,12,43,6,1,0,1736.0,0.0,1,0,0,0
1,Early_Return,7,9,0,0,1,1240.3333333333333,0.0,1,0,0,1
0,Overnight,7,53,5,1,1,485.4906,0.0,1,0,1,0
0,Full_Day,7,21,2,0,1,1197.0,1.0,0,0,1,0
0,Full_Day,7,25,1,0,1,771.5,1.0,1,0,0,0
0,Early_Return,6,45,0,0,1,675.0,1.0,1,0,0,0
0,Full_Day,6,39,6,1,1,549.5,1.0,1,0,0,1
1,Full_Day,7,13,3,0,1,493.2,1.0,1,0,1,0
1,Full_Day,12,25,5,1,0,325.2,1.0,1,0,0,0
1,Early_Return,12,45,6,1,0,346.2,1.0,1,1,0,0
0,Early_Return,6,22,6,1,1,485.4906,1.0,1,0,0,0
0,Early_Return,12,16,0,0,0,139.0,0.0,1,1,0,0
0,Full_Day,6,11,2,0,1,171.5,0.0,1,0,1,0
0,Full_Day,7,1,0,0,1,203.0,0.0,1,1,0,0
0,Early_Return,6,31,0,0,1,263.5,0.0,1,0,1,0
0,Early_Return,6,28,6,1,1,236.0,0.0,1,0,0,0
0,Early_Return,6,58,2,0,1,228.2,0.0,1,0,0,1
0,Full_Day,12,46,6,1,0,226.6,0.0,1,1,0,0
1,Full_Day,6,39,1,0,1,226.6,0.0,1,1,0,0
0,Overnight,6,50,2,0,1,485.4906,0.0,1,0,0,1
0,Full_Day,6,58,1,0,1,761.0,1.0,1,1,0,0
0,Early_Return,12,38,4,0,0,623.0,1.0,1,1,0,0
1,Early_Return,6,48,2,0,1,440.3333333333333,1.0,1,0,0,1
0,Full_Day,7,26,4,0,1,485.4906,1.0,1,0,1,0
0,Early_Return,7,4,5,1,1,283.0,0.0,1,1,0,0
1,Early_Return,6,35,2,0,1,180.0,0.0,1,0,0,0
0,Early_Return,6,54,5,1,1,485.4906,0.0,0,0,0,0
0,Full_Day,7,17,5,1,1,67.0,0.0,1,0,0,1
0,Early_Return,13,2,0,0,0,242.5,0.0,1,0,0,0
0,Full_Day,6,29,1,0,1,230.0,0.0,1,1,0,0
0,Early_Return,13,33,5,1,0,288.5,0.0,1,0,1,0
0,Long_Term,6,53,6,1,1,257.0,0.0,1,0,0,1
1,Full_Day,6,50,5,1,1,665.4,0.0,1,0,0,0
1,Early_Return,7,56,5,1,1,677.0,0.0,1,0,0,0
0,Full_Day,6,59,0,0,1,485.4906,0.0,1,0,1,0
0,Full_Day,6,5,4,0,1,422.0,0.0,1,0,0,0
0,Full_Day,13,34,0,0,0,334.0,0.0,1,0,0,1
0,Full_Day,6,49,0,0,1,342.6666666666667,0.0,1,1,0,0
0,Full_Day,7,16,4,0,1,380.5,0.0,1,1,0,0
0,Full_Day,6,52,1,0,1,382.0,0.0,1,0,0,0
1,Overnight,7,19,3,0,1,351.0,0.0,1,0,1,0
0,Overnight,12,13,6,1,0,485.4906,1.0,1,1,0,0
0,Full_Day,13,2,5,1,0,1304.0,1.0,1,1,0,0
1,Full_Day,7,27,3,0,1,862.0,1.0,1,0,1,0
1,Overnight,7,44,5,1,1,754.3333333333334,1.0,1,0,1,0
0,Early_Return,7,9,6,1,1,485.4906,2.0,1,0,1,0
0,Long_Term,7,31,2,0,1,157.0,0.0,1,0,0,0
0,Early_Return,7,7,3,0,1,1703.0,0.0,1,1,0,0
0,Full_Day,6,41,5,1,1,1164.3333333333333,0.0,1,1,0,0
0,Long_Term,6,0,0,0,1,978.5,0.0,1,0,0,1
0,Full_Day,6,50,4,0,1,1134.6,0.0,1,0,0,0
0,Full_Day,6,9,5,1,1,1194.2,0.0,1,1,0,0
0,Full_Day,6,55,1,0,1,626.8,0.0,1,0,1,0
1,Full_Day,12,21,5,1,0,702.6,0.0,1,0,0,0
1,Long_Term,6,21,6,1,1,687.8,0.0,1,0,1,0
0,Overnight,12,30,6,1,0,485.4906,0.0,1,0,0,1
0,Full_Day,6,5,6,1,1,1235.0,1.0,1,0,0,0
0,Early_Return,13,21,6,1,0,811.0,1.0,1,0,0,1
0,Early_Return,7,45,6,1,1,609.0,1.0,1,0,0,0
0,Full_Day,7,52,3,0,1,497.0,1.0,1,0,1,0
0,Full_Day,12,51,4,0,0,455.8,1.0,1,0,0,0
0,Early_Return,6,19,6,1,1,261.8,1.0,1,0,0,0
0,Early_Return,12,53,6,1,0,485.4906,1.0,1,0,1,0
0,Full_Day,7,35,1,0,1,133.0,0.0,1,1,0,0
0,Full_Day,6,15,4,0,1,189.0,0.0,1,0,0,0
0,Full_Day,6,44,6,1,1,211.0,0.0,1,0,0,1
0,Full_Day,8,22,6,1,1,233.25,0.0,1,0,0,0
0,Full_Day,12,41,6,1,0,259.0,0.0,1,0,1,0
0,Overnight,6,16,6,1,1,324.0,0.0,1,0,0,1
0,Early_Return,7,6,6,1,1,428.4,1.0,1,0,0,0
0,Early_Return,6,8,6,1,1,412.6,1.0,1,0,0,0
0,Full_Day,12,42,6,1,0,364.6,1.0,1,1,0,0
0,Full_Day,7,30,5,1,1,485.4906,1.0,1,0,1,0
0,Early_Return,12,24,6,1,0,335.0,0.0,1,1,0,0
0,Full_Day,7,5,5,1,1,222.5,0.0,1,1,0,0
0,Full_Day,12,50,6,1,0,304.6666666666667,0.0,1,0,0,0
0,Full_Day,13,9,6,1,0,297.25,0.0,1,0,1,0
0,Full_Day,12,52,2,0,0,325.6,0.0,1,0,0,0
0,Early_Return,13,11,5,1,0,310.0,0.0,1,0,0,0
1,Full_Day,7,0,6,1,1,323.0,0.0,1,0,0,0
0,Full_Day,6,45,6,1,1,485.4906,0.0,1,0,0,0
0,Early_Return,5,39,2,0,1,497.0,0.0,1,1,0,0
0,Early_Return,13,15,6,1,0,284.0,0.0,1,0,0,0
0,Early_Return,6,30,4,0,1,215.66666666666666,0.0,1,0,0,1
0,Full_Day,13,16,3,0,0,189.25,0.0,1,0,0,0
0,Full_Day,6,54,1,0,1,239.6,0.0,1,1,0,0
0,Long_Term,6,34,1,0,1,189.0,0.0,1,0,0,1
0,Early_Return,7,44,6,1,1,657.6,0.0,1,1,0,0
0,Full_Day,11,59,1,0,1,676.0,0.0,0,1,0,0
0,Overnight,6,57,3,0,1,723.0,0.0,1,0,0,0
0,Overnight,7,23,2,0,1,485.4906,1.0,1,0,1,0
0,Full_Day,7,44,2,0,1,963.0,1.0,1,0,1,0
0,Overnight,7,18,4,0,1,681.0,1.0,1,0,0,0
0,Full_Day,7,54,3,0,1,788.3333333333334,2.0,1,0,1,0
1,Full_Day,13,17,5,1,0,691.75,2.0,1,0,0,1
1,Full_Day,6,15,0,0,1,608.6,2.0,1,0,1,0
1,Early_Return,12,51,5,1,0,492.4,2.0,1,0,0,0
0,Early_Return,6,40,5,1,1,485.4906,2.0,1,1,0,0
0,Early_Return,6,51,6,1,1,150.0,0.0,1,1,0,0
0,Overnight,6,50,1,0,1,131.5,0.0,1,0,1,0
0,Overnight,7,45,4,0,1,405.0,1.0,1,0,0,1
0,Full_Day,6,32,2,0,1,590.0,2.0,1,0,1,0
0,Early_Return,7,26,0,0,1,485.4906,2.0,1,0,1,0
0,Early_Return,6,54,5,1,1,179.0,0.0,1,0,1,0
0,Early_Return,12,15,2,0,0,172.5,0.0,1,0,0,0
0,Full_Day,7,16,4,0,1,170.0,0.0,1,0,0,0
0,Early_Return,6,26,0,0,1,252.25,0.0,1,0,0,0
0,Full_Day,13,29,3,0,0,215.4,0.0,1,1,0,0
0,Full_Day,7,0,4,0,1,267.8,0.0,1,0,0,0
0,Full_Day,13,35,0,0,0,312.8,0.0,1,1,0,0
1,Full_Day,12,52,3,0,0,368.8,0.0,1,1,0,0
1,Full_Day,12,18,5,1,0,334.0,0.0,1,0,0,0
0,Early_Return,6,25,3,0,1,485.4906,0.0,1,0,0,0
0,Full_Day,7,8,3,0,1,158.0,0.0,1,1,0,0
0,Long_Term,6,56,6,1,1,226.0,0.0,1,1,0,0
0,Early_Return,6,31,6,1,1,1486.3333333333333,0.0,1,0,0,1
0,Full_Day,13,15,4,0,0,1152.25,0.0,1,0,1,0
0,Full_Day,12,22,3,0,0,983.4,0.0,1,0,0,0
1,Full_Day,12,56,5,1,0,1001.0,0.0,1,1,0,0
0,Early_Return,13,48,3,0,0,485.4906,0.0,1,0,0,0
0,Overnight,6,57,3,0,1,169.0,0.0,1,1,0,0
0,Full_Day,13,23,1,0,0,593.0,1.0,1,0,0,1
0,Full_Day,7,43,6,1,1,538.0,1.0,1,0,0,0
1,Full_Day,12,12,0,0,0,533.5,1.0,1,0,0,0
0,Early_Return,6,51,5,1,1,485.4906,1.0,1,0,0,1
0,Early_Return,12,29,5,1,0,134.0,0.0,1,1,0,0
0,Overnight,6,59,4,0,1,104.5,0.0,1,0,0,0
1,Early_Return,12,43,2,0,0,429.3333333333333,1.0,1,0,0,0
0,Full_Day,7,41,4,0,1,485.4906,1.0,1,1,0,0
0,Full_Day,6,56,3,0,1,491.0,0.0,1,0,0,0
0,Early_Return,12,48,1,0,0,450.0,0.0,1,0,0,1
0,Early_Return,6,25,0,0,1,345.0,0.0,1,0,0,0
1,Full_Day,6,37,1,0,1,282.75,0.0,1,0,0,0
1,Early_Return,12,20,6,1,0,318.2,0.0,1,1,0,0
1,Overnight,12,40,3,0,0,246.4,0.0,1,0,0,0
0,Full_Day,7,6,2,0,1,485.4906,1.0,1,0,0,0
0,Full_Day,12,56,6,1,0,298.0,0.0,1,0,0,0
0,Full_Day,7,39,0,0,1,409.5,0.0,1,0,0,0
0,Overnight,12,37,3,0,0,405.0,0.0,1,0,0,1
0,Early_Return,7,25,4,0,1,610.75,1.0,1,1,0,0
1,Full_Day,12,22,3,0,0,525.2,1.0,1,1,0,0
0,Early_Return,6,4,2,0,1,485.4906,1.0,1,0,1,0
0,Early_Return,6,55,4,0,1,140.0,0.0,1,0,0,0
0,Early_Return,7,1,1,0,1,124.0,0.0,1,0,0,0
0,Early_Return,6,38,6,1,1,124.0,0.0,1,0,0,0
0,Early_Return,12,13,2,0,0,123.75,0.0,1,0,1,0
0,Early_Return,5,56,4,0,1,127.0,0.0,1,0,0,0
0,Overnight,12,29,3,0,0,132.4,0.0,1,0,0,0
0,Overnight,7,39,0,0,1,286.0,1.0,1,0,0,1
0,Full_Day,7,5,1,0,1,405.6,2.0,1,1,0,0
0,Full_Day,6,55,5,1,1,455.2,2.0,1,0,1,0
0,Early_Return,13,6,1,0,0,504.2,2.0,1,1,0,0
1,Early_Return,13,20,1,0,0,498.0,2.0,1,0,0,0
0,Early_Return,6,48,5,1,1,485.4906,2.0,1,1,0,0
0,Early_Return,13,8,6,1,0,126.0,0.0,1,1,0,0
0,Early_Return,13,9,2,0,0,102.5,0.0,1,0,0,0
0,Full_Day,7,23,5,1,1,134.33333333333334,0.0,1,0,0,0
0,Full_Day,6,50,1,0,1,179.25,0.0,1,0,0,0
0,Full_Day,13,3,5,1,0,242.6,0.0,1,1,0,0
0,Full_Day,6,29,6,1,1,307.4,0.0,1,1,0,0
0,Overnight,11,49,6,1,1,349.8,0.0,1,0,1,0
0,Full_Day,13,41,5,1,0,554.4,1.0,1,0,1,0
0,Full_Day,6,6,6,1,1,485.4906,1.0,1,0,0,0
0,Overnight,6,3,4,0,1,290.0,0.0,1,1,0,0
0,Early_Return,12,4,4,0,0,542.5,1.0,1,0,0,1
0,Full_Day,7,7,4,0,1,407.0,1.0,1,0,1,0
0,Full_Day,11,38,4,0,1,418.75,1.0,1,0,1,0
0,Full_Day,7,16,1,0,1,427.0,1.0,1,0,0,0
1,Full_Day,7,37,3,0,1,429.0,1.0,1,1,0,0
1,Full_Day,13,42,5,1,0,331.2,1.0,1,0,0,0
0,Full_Day,6,8,6,1,1,485.4906,1.0,1,0,0,1
0,Early_Return,6,19,1,0,1,445.0,0.0,1,0,0,0
0,Full_Day,12,38,1,0,0,326.5,0.0,1,0,0,0
0,Overnight,12,17,4,0,0,347.3333333333333,0.0,1,0,0,0
0,Long_Term,6,5,5,1,1,482.25,1.0,1,1,0,0
0,Full_Day,6,59,3,0,1,971.6,1.0,1,1,0,0
0,Early_Return,6,0,1,0,1,946.2,1.0,1,0,0,0
0,Early_Return,5,59,4,0,1,931.2,1.0,1,1,0,0
1,Full_Day,12,36,5,1,0,874.2,1.0,1,0,0,0
0,Early_Return,7,18,1,0,1,485.4906,1.0,1,0,0,1
0,Full_Day,7,57,3,0,1,121.0,0.0,1,0,0,1
0,Full_Day,7,19,6,1,1,203.0,0.0,1,1,0,0
0,Full_Day,12,26,5,1,0,262.3333333333333,0.0,1,0,0,0
0,Full_Day,13,25,6,1,0,305.25,0.0,1,0,0,0
0,Early_Return,7,20,0,0,1,330.4,0.0,1,1,0,0
0,Full_Day,12,50,4,0,0,335.8,0.0,1,1,0,0
0,Full_Day,7,37,1,0,1,374.2,0.0,1,1,0,0
0,Full_Day,7,11,3,0,1,346.4,0.0,1,0,0,0
1,Full_Day,8,1,0,0,1,358.6,0.0,1,1,0,0
0,Full_Day,7,3,6,1,1,485.4906,0.0,1,1,0,0
0,Full_Day,7,13,5,1,1,443.0,0.0,1,0,1,0
0,Full_Day,5,59,4,0,1,459.5,0.0,1,0,1,0
0,Full_Day,12,35,0,0,0,421.3333333333333,0.0,1,1,0,0
0,Early_Return,12,52,5,1,0,427.5,0.0,1,0,0,1
0,Early_Return,5,56,0,0,1,367.4,0.0,1,0,0,0
0,Early_Return,6,57,0,0,1,303.2,0.0,1,0,0,0
0,Early_Return,7,21,4,0,1,223.6,0.0,1,0,0,0
0,Early_Return,13,0,0,0,0,195.6,0.0,1,0,1,0
0,Overnight,12,42,0,0,0,123.8,0.0,1,0,1,0
1,Full_Day,12,30,2,0,0,261.2,1.0,1,0,0,0
1,Full_Day,12,42,4,0,0,335.8,1.0,1,0,1,0
0,Full_Day,12,23,4,0,0,485.4906,1.0,1,0,0,0
0,Early_Return,6,27,2,0,1,524.0,0.0,1,0,0,0
0,Early_Return,6,15,0,0,1,308.5,0.0,1,0,1,0
0,Early_Return,7,43,5,1,1,241.0,0.0,1,1,0,0
0,Full_Day,12,56,5,1,0,204.5,0.0,1,1,0,0
0,Overnight,6,56,5,1,1,240.0,0.0,1,0,0,1
1,Full_Day,7,13,0,0,1,323.6,1.0,1,0,0,0
1,Full_Day,7,35,4,0,1,408.6,1.0,1,0,0,0
1,Early_Return,6,27,4,0,1,478.4,1.0,1,0,0,0
0,Full_Day,6,58,3,0,1,485.4906,1.0,1,0,0,0
0,Early_Return,7,23,5,1,1,261.0,0.0,1,1,0,0
0,Overnight,7,19,2,0,1,222.5,0.0,1,1,0,0
0,Early_Return,7,31,2,0,1,568.0,1.0,1,0,0,0
0,Full_Day,12,55,4,0,0,443.75,1.0,1,0,0,0
0,Full_Day,13,12,6,1,0,434.4,1.0,1,0,1,0
0,Overnight,13,6,1,0,0,431.4,1.0,1,0,0,1
0,Full_Day,7,1,4,0,1,617.0,2.0,1,1,0,0
1,Early_Return,13,18,5,1,0,470.0,2.0,1,0,0,0
0,Early_Return,7,21,2,0,1,485.4906,2.0,1,0,0,0
0,Full_Day,11,48,5,1,1,121.0,0.0,1,0,0,0
0,Overnight,7,27,0,0,1,264.0,0.0,1,0,1,0
0,Full_Day,13,3,6,1,0,645.6666666666666,1.0,1,0,0,0
0,Full_Day,13,6,6,1,0,583.25,1.0,1,1,0,0
0,Full_Day,6,16,6,1,1,539.2,1.0,1,0,1,0
0,Early_Return,13,10,2,0,0,571.6,1.0,1,1,0,0
0,Early_Return,6,41,3,0,1,525.2,1.0,1,0,0,0
0,Overnight,7,5,1,0,1,268.4,1.0,1,1,0,0
0,Full_Day,7,30,4,0,1,364.0,2.0,1,0,0,0
1,Early_Return,6,32,4,0,1,346.4,2.0,1,0,0,0
0,Overnight,6,34,2,0,1,485.4906,2.0,1,0,1,0
0,Early_Return,12,40,3,0,0,1131.0,1.0,1,0,0,0
0,Early_Return,12,30,0,0,0,627.0,1.0,1,1,0,0
0,Early_Return,7,9,1,0,1,450.0,1.0,1,0,1,0
0,Early_Return,7,20,0,0,1,358.0,1.0,1,0,1,0
0,Early_Return,7,28,5,1,1,315.6,1.0,1,1,0,0
0,Early_Return,7,23,5,1,1,130.2,1.0,1,1,0,0
0,Full_Day,7,26,5,1,1,142.2,1.0,1,0,1,0
0,Full_Day,11,57,5,1,1,171.0,1.0,1,0,1,0
0,Full_Day,12,34,1,0,0,255.2,1.0,1,0,0,1
0,Full_Day,6,19,0,0,1,304.6,1.0,1,1,0,0
0,Full_Day,13,24,6,1,0,335.4,1.0,1,1,0,0
0,Full_Day,8,0,1,0,1,353.4,1.0,1,0,0,0
0,Full_Day,6,26,5,1,1,402.2,1.0,1,0,1,0
1,Full_Day,7,37,1,0,1,406.0,1.0,1,0,1,0
1,Full_Day,7,22,4,0,1,411.8,1.0,1,1,0,0
1,Long_Term,12,26,0,0,0,400.2,1.0,1,0,0,0
0,Full_Day,6,37,2,0,1,485.4906,1.0,1,1,0,0
0,Early_Return,5,57,2,0,1,254.0,0.0,1,0,0,0
0,Full_Day,7,7,0,0,1,195.5,0.0,1,0,0,1
0,Full_Day,6,45,3,0,1,230.0,0.0,1,0,0,0
0,Full_Day,7,9,6,1,1,275.75,0.0,1,0,0,0
1,Early_Return,12,50,1,0,0,300.6,0.0,1,1,0,0
0,Full_Day,7,5,5,1,1,485.4906,0.0,1,1,0,0
0,Full_Day,13,10,0,0,0,304.0,0.0,1,1,0,0
0,Early_Return,12,52,5,1,0,327.0,0.0,1,0,0,0
0,Early_Return,6,49,1,0,1,285.0,0.0,1,1,0,0
0,Full_Day,5,47,5,1,1,259.0,0.0,1,0,0,0
0,Full_Day,6,38,2,0,1,279.8,0.0,1,0,0,0
1,Full_Day,6,12,5,1,1,272.8,0.0,1,1,0,0
0,Full_Day,12,20,2,0,0,485.4906,0.0,1,0,0,0
0,Overnight,7,49,1,0,1,499.0,0.0,1,0,0,0
0,Full_Day,12,37,5,1,0,777.0,1.0,1,0,0,1
0,Full_Day,6,32,5,1,1,618.3333333333334,1.0,1,1,0,0
0,Full_Day,6,47,0,0,1,577.5,1.0,1,0,1,0
0,Early_Return,6,29,4,0,1,560.6,1.0,1,0,0,0
0,Full_Day,6,58,4,0,1,478.8,1.0,1,1,0,0
0,Full_Day,6,17,0,0,1,328.2,1.0,1,0,0,0
0,Full_Day,12,16,1,0,0,337.6,1.0,1,1,0,0
0,Full_Day,7,0,5,1,1,485.4906,1.0,1,1,0,0
0,Early_Return,7,38,5,1,1,433.0,0.0,1,0,1,0
0,Early_Return,7,29,1,0,1,277.5,0.0,1,0,0,0
0,Full_Day,13,27,2,0,0,248.33333333333334,0.0,1,0,1,0
0,Full_Day,13,36,2,0,0,280.75,0.0,1,1,0,0
0,Full_Day,6,40,4,0,1,303.2,0.0,1,1,0,0
0,Early_Return,7,21,3,0,1,318.4,0.0,1,0,1,0
0,Full_Day,7,18,3,0,1,306.4,0.0,1,0,0,0
1,Full_Day,7,31,3,0,1,333.2,0.0,1,0,0,0
1,Long_Term,12,59,5,1,0,323.8,0.0,1,0,1,0
0,Full_Day,12,1,4,0,0,485.4906,0.0,1,1,0,0
0,Full_Day,6,39,5,1,1,424.0,0.0,1,1,0,0
0,Full_Day,7,28,3,0,1,348.5,0.0,1,1,0,0
0,Early_Return,13,59,3,0,0,346.0,0.0,1,1,0,0
0,Full_Day,13,1,3,0,0,281.25,0.0,1,1,0,0
1,Full_Day,6,54,3,0,1,291.0,0.0,0,0,0,0
1,Early_Return,8,19,0,0,1,310.4,0.0,1,1,0,0
1,Full_Day,13,6,0,0,0,279.4,0.0,1,0,1,0
1,Early_Return,12,26,3,0,0,278.4,0.0,1,0,0,0
0,Long_Term,7,26,4,0,1,485.4906,0.0,1,1,0,0
0,Overnight,7,22,6,1,1,4064.0,0.0,1,0,0,0
0,Early_Return,8,21,3,0,1,2734.5,1.0,1,1,0,0
0,Full_Day,6,22,6,1,1,1876.3333333333333,1.0,1,0,1,0
0,Full_Day,7,35,2,0,1,1485.75,1.0,1,0,0,0
1,Full_Day,13,33,1,0,0,1291.4,1.0,1,1,0,0
0,Full_Day,12,35,6,1,0,485.4906,1.0,1,0,0,0
0,Early_Return,6,28,0,0,1,346.0,0.0,1,1,0,0
0,Early_Return,5,44,2,0,1,210.5,0.0,1,0,0,0
0,Overnight,12,9,0,0,0,198.33333333333334,0.0,1,1,0,0
0,Full_Day,8,2,5,1,1,402.0,1.0,1,0,0,1
0,Full_Day,12,31,6,1,0,423.2,1.0,1,0,0,0
1,Full_Day,7,48,4,0,1,407.6,1.0,1,1,0,0
1,Full_Day,13,11,3,0,0,494.6,1.0,1,1,0,0
1,Full_Day,6,28,4,0,1,540.0,1.0,1,1,0,0
1,Long_Term,12,20,6,1,0,395.4,1.0,1,0,0,0
1,Full_Day,13,42,2,0,0,874.0,1.0,1,1,0,0
0,Early_Return,6,52,5,1,1,485.4906,1.0,1,0,1,0
0,Early_Return,6,5,5,1,1,159.0,0.0,1,1,0,0
0,Full_Day,6,32,3,0,1,177.5,0.0,1,1,0,0
0,Full_Day,13,13,0,0,0,200.0,0.0,1,0,0,0
0,Full_Day,6,23,5,1,1,256.5,0.0,1,0,0,0
0,Overnight,12,2,0,0,0,256.6,0.0,1,0,1,0
0,Full_Day,7,5,6,1,1,381.4,1.0,1,1,0,0
0,Full_Day,12,45,0,0,0,396.6,1.0,1,0,0,0
0,Early_Return,12,51,6,1,0,422.6,1.0,1,0,0,0
0,Early_Return,6,23,5,1,1,352.6,1.0,1,0,1,0
0,Full_Day,12,31,5,1,0,334.6,1.0,1,1,0,0
1,Full_Day,6,47,2,0,1,233.0,1.0,1,0,0,0
1,Early_Return,12,52,4,0,0,279.2,1.0,1,0,1,0
0,Early_Return,12,27,5,1,0,485.4906,1.0,1,1,0,0
0,Full_Day,6,41,3,0,1,154.0,0.0,1,0,0,1
0,Full_Day,7,13,1,0,1,335.5,0.0,1,0,0,0
0,Full_Day,12,2,2,0,0,374.0,0.0,1,0,0,0
0,Full_Day,6,35,1,0,1,364.25,0.0,1,0,0,0
0,Early_Return,6,29,5,1,1,485.4906,0.0,1,0,0,0
0,Full_Day,12,1,5,1,0,82.0,0.0,1,0,1,0
0,Overnight,7,0,5,1,1,199.5,0.0,1,0,0,0
0,Full_Day,7,2,1,0,1,421.0,1.0,1,0,1,0
0,Early_Return,7,2,1,0,1,422.25,1.0,1,0,1,0
0,Full_Day,7,26,0,0,1,354.0,1.0,1,0,0,0
0,Full_Day,6,45,3,0,1,399.6,1.0,1,0,1,0
0,Early_Return,12,59,6,1,0,414.2,1.0,1,0,0,0
0,Full_Day,6,36,1,0,1,269.8,1.0,1,1,0,0
0,Overnight,7,16,0,0,1,485.4906,1.0,1,0,0,0
0,Early_Return,13,0,0,0,0,1170.0,1.0,1,0,0,1
0,Full_Day,6,42,6,1,1,685.0,1.0,1,0,1,0
0,Overnight,13,1,5,1,0,485.4906,1.0,1,1,0,0
0,Full_Day,7,21,6,1,1,1256.0,1.0,1,0,0,0
0,Full_Day,12,40,6,1,0,784.0,1.0,1,1,0,0
0,Full_Day,13,18,1,0,0,664.0,1.0,1,0,0,0
0,Full_Day,12,33,1,0,0,567.25,1.0,1,0,1,0
0,Full_Day,7,15,4,0,1,507.4,1.0,1,0,1,0
0,Full_Day,6,50,6,1,1,311.2,1.0,1,1,0,0
1,Early_Return,13,24,2,0,0,330.0,1.0,1,0,0,0
1,Full_Day,6,52,4,0,1,271.4,1.0,1,0,0,0
1,Early_Return,12,50,2,0,0,297.2,1.0,1,0,0,0
0,Full_Day,7,7,3,0,1,485.4906,1.0,1,0,1,0
0,Early_Return,7,48,0,0,1,279.0,0.0,1,0,0,0
0,Early_Return,13,3,5,1,0,200.5,0.0,1,0,0,0
0,Full_Day,7,23,4,0,1,190.66666666666666,0.0,1,1,0,0
0,Early_Return,13,35,4,0,0,263.5,0.0,1,1,0,0
0,Early_Return,6,30,2,0,1,234.6,0.0,1,1,0,0
0,Full_Day,8,8,3,0,1,485.4906,0.0,1,1,0,0
0,Early_Return,12,13,2,0,0,333.0,0.0,1,0,0,0
0,Overnight,6,55,1,0,1,209.5,0.0,1,0,0,0
0,Early_Return,7,37,2,0,1,477.0,1.0,1,0,0,0
0,Overnight,8,3,6,1,1,387.0,1.0,1,0,0,0
0,Long_Term,12,35,0,0,0,582.8,2.0,1,0,0,0
0,Early_Return,6,47,3,0,1,1175.0,2.0,1,0,1,0
0,Full_Day,6,44,6,1,1,1192.0,2.0,1,1,0,0
0,Full_Day,6,39,5,1,1,1055.0,2.0,1,0,0,0
1,Early_Return,5,58,1,0,1,1117.6,2.0,1,1,0,0
0,Long_Term,13,32,0,0,0,485.4906,2.0,1,0,0,0
0,Overnight,12,48,6,1,0,4115.0,0.0,1,1,0,0
0,Full_Day,6,29,0,0,1,2545.5,1.0,1,1,0,0
0,Full_Day,7,10,6,1,1,1809.0,1.0,1,1,0,0
0,Full_Day,6,49,3,0,1,1448.5,1.0,1,0,0,0
1,Full_Day,13,8,3,0,0,1249.4,1.0,1,1,0,0
1,Full_Day,6,11,6,1,1,483.4,1.0,1,1,0,0
0,Early_Return,6,53,5,1,1,485.4906,1.0,1,1,0,0
0,Full_Day,13,27,0,0,0,164.0,0.0,1,0,0,0
0,Full_Day,7,20,4,0,1,325.0,0.0,1,0,1,0
0,Full_Day,6,27,3,0,1,485.4906,0.0,1,1,0,0
0,Full_Day,12,36,6,1,0,528.0,0.0,1,0,1,0
0,Full_Day,7,2,0,0,1,443.5,0.0,1,0,1,0
0,Full_Day,6,44,3,0,1,430.6666666666667,0.0,1,1,0,0
0,Overnight,12,54,2,0,0,404.5,0.0,1,0,0,0
0,Early_Return,6,49,4,0,1,485.4906,1.0,1,0,1,0
0,Full_Day,7,24,2,0,1,171.0,0.0,1,0,0,0
0,Overnight,12,50,4,0,0,315.0,0.0,1,0,0,0
0,Long_Term,12,12,2,0,0,476.0,1.0,1,1,0,0
0,Full_Day,12,48,3,0,0,799.25,1.0,1,0,0,0
1,Early_Return,6,20,4,0,1,740.8,1.0,1,0,0,0
0,Full_Day,6,25,5,1,1,485.4906,1.0,1,0,0,0
0,Early_Return,6,54,2,0,1,447.0,0.0,1,0,0,0
0,Full_Day,6,19,1,0,1,326.5,0.0,1,1,0,0
0,Early_Return,7,32,5,1,1,312.0,0.0,1,0,0,0
0,Full_Day,7,11,4,0,1,268.75,0.0,1,0,0,0
0,Full_Day,6,58,5,1,1,308.0,0.0,1,0,0,0
0,Full_Day,13,8,2,0,0,271.6,0.0,1,1,0,0
0,Full_Day,7,13,0,0,1,293.4,0.0,1,0,1,0
0,Full_Day,12,49,0,0,0,485.4906,0.0,1,1,0,0
0,Early_Return,6,47,3,0,1,446.0,0.0,1,1,0,0
0,Full_Day,12,11,5,1,0,285.0,0.0,1,1,0,0
0,Early_Return,12,51,1,0,0,347.3333333333333,0.0,1,0,0,0
0,Full_Day,7,24,3,0,1,294.25,0.0,1,0,1,0
0,Early_Return,6,53,4,0,1,286.4,0.0,1,0,0,0
0,Early_Return,12,39,2,0,0,225.6,0.0,1,0,0,0
0,Full_Day,7,3,3,0,1,242.4,0.0,1,0,1,0
1,Full_Day,6,21,5,1,1,252.0,0.0,1,1,0,0
1,Full_Day,7,36,4,0,1,295.6,0.0,1,1,0,0
0,Full_Day,12,23,6,1,0,485.4906,0.0,1,0,0,0
0,Early_Return,6,36,2,0,1,282.0,0.0,1,0,1,0
0,Full_Day,13,14,5,1,0,212.5,0.0,0,1,0,0
0,Full_Day,6,17,3,0,1,282.0,0.0,1,1,0,0
0,Early_Return,6,42,4,0,1,485.4906,0.0,1,1,0,0
0,Full_Day,12,50,4,0,0,172.0,0.0,1,0,0,0
0,Early_Return,6,55,2,0,1,485.4906,0.0,1,1,0,0
0,Overnight,7,6,1,0,1,200.0,0.0,1,1,0,0
0,Full_Day,7,3,0,0,1,619.5,1.0,1,0,0,0
0,Full_Day,7,9,2,0,1,553.0,1.0,1,1,0,0
1,Full_Day,6,44,4,0,1,515.25,1.0,1,0,1,0
1,Overnight,12,26,4,0,0,513.0,1.0,1,0,0,0
0,Full_Day,6,45,4,0,1,485.4906,2.0,1,0,0,0
0,Early_Return,7,51,2,0,1,261.0,0.0,0,0,0,1
0,Full_Day,6,49,1,0,1,191.0,0.0,1,0,0,1
0,Full_Day,7,32,1,0,1,238.66666666666666,0.0,1,0,1,0
0,Early_Return,7,37,5,1,1,291.25,0.0,1,0,1,0
0,Full_Day,13,13,6,1,0,252.4,0.0,1,1,0,0
0,Overnight,7,10,1,0,1,277.2,0.0,1,0,0,0
0,Full_Day,12,45,3,0,0,485.4906,1.0,1,0,0,1
0,Full_Day,6,44,2,0,1,411.0,0.0,1,0,1,0
0,Full_Day,13,22,3,0,0,359.0,0.0,1,0,0,0
0,Early_Return,12,50,5,1,0,343.0,0.0,1,1,0,0
0,Full_Day,7,10,0,0,1,276.75,0.0,1,0,1,0
0,Full_Day,12,46,6,1,0,315.6,0.0,1,1,0,0
0,Early_Return,7,25,1,0,1,299.0,0.0,1,0,1,0
1,Full_Day,12,5,0,0,0,272.2,0.0,1,1,0,0
0,Long_Term,7,44,6,1,1,485.4906,0.0,1,0,1,0
0,Early_Return,12,23,4,0,0,2334.0,0.0,1,0,1,0
1,Early_Return,6,44,1,0,1,1237.5,0.0,1,0,0,0
1,Early_Return,12,44,6,1,0,858.6666666666666,0.0,1,0,1,0
0,Full_Day,12,54,5,1,0,485.4906,0.0,1,0,1,0
0,Early_Return,6,8,2,0,1,516.0,0.0,1,1,0,0
0,Full_Day,12,50,1,0,0,292.0,0.0,0,1,0,0
0,Early_Return,13,11,6,1,0,328.0,0.0,1,0,0,0
0,Overnight,13,10,6,1,0,279.5,0.0,0,0,1,0
0,Full_Day,12,31,5,1,0,504.2,1.0,1,1,0,0
1,Early_Return,7,15,1,0,1,499.4,1.0,1,1,0,0
0,Overnight,6,36,0,0,1,485.4906,1.0,1,1,0,0
0,Full_Day,12,41,2,0,0,1327.0,1.0,1,0,1,0
0,Full_Day,7,18,1,0,1,871.5,1.0,1,0,0,1
0,Full_Day,12,18,0,0,0,695.6666666666666,1.0,1,0,0,0
0,Early_Return,7,9,6,1,1,609.75,1.0,0,0,1,0
0,Early_Return,12,56,6,1,0,506.2,1.0,0,0,1,0
0,Full_Day,7,15,4,0,1,252.8,1.0,1,0,1,0
1,Early_Return,12,47,0,0,0,236.0,1.0,1,0,1,0
0,Full_Day,6,12,6,1,1,485.4906,1.0,1,0,0,0
0,Early_Return,7,9,3,0,1,397.0,0.0,1,0,1,0
0,Early_Return,12,37,1,0,0,302.5,0.0,1,0,1,0
0,Early_Return,12,32,2,0,0,244.66666666666666,0.0,1,0,1,0
0,Overnight,12,26,5,1,0,485.4906,0.0,1,0,0,0
0,Early_Return,6,31,4,0,1,1277.0,1.0,1,0,1,0
0,Overnight,7,37,1,0,1,722.0,1.0,1,1,0,0
0,Full_Day,7,22,2,0,1,913.3333333333334,2.0,1,1,0,0
0,Full_Day,6,44,6,1,1,801.25,2.0,1,1,0,0
1,Full_Day,6,38,2,0,1,722.0,2.0,1,1,0,0
0,Early_Return,6,44,1,0,1,485.4906,2.0,1,1,0,0
0,Early_Return,7,23,6,1,1,89.0,0.0,1,0,0,0
0,Overnight,12,47,1,0,0,130.5,0.0,1,1,0,0
0,Long_Term,7,2,6,1,1,469.0,1.0,1,0,0,0
1,Early_Return,13,10,1,0,0,1080.25,1.0,1,0,0,0
1,Overnight,12,58,3,0,0,886.4,1.0,1,1,0,0
0,Overnight,6,25,0,0,1,485.4906,2.0,1,0,0,0
0,Long_Term,6,32,4,0,1,895.0,1.0,1,0,0,0
0,Full_Day,7,8,6,1,1,2194.5,1.0,1,0,0,0
0,Early_Return,13,0,5,1,0,1580.3333333333333,1.0,1,0,0,1
0,Overnight,7,9,4,0,1,1231.0,1.0,1,1,0,0
0,Early_Return,6,50,6,1,1,1247.4,2.0,1,1,0,0
0,Early_Return,7,19,3,0,1,1088.6,2.0,1,0,0,0
0,Early_Return,6,36,0,0,1,402.2,2.0,1,0,1,0
0,Early_Return,12,54,4,0,0,349.4,2.0,1,0,1,0
1,Full_Day,6,30,5,1,1,336.8,2.0,1,0,1,0
1,Early_Return,6,56,5,1,1,158.4,2.0,1,1,0,0
0,Early_Return,6,26,2,0,1,485.4906,2.0,1,1,0,0
0,Early_Return,13,11,5,1,0,150.0,0.0,1,0,0,0
0,Full_Day,12,58,0,0,0,142.5,0.0,1,0,0,0
0,Early_Return,7,14,0,0,1,187.33333333333334,0.0,1,0,0,0
0,Full_Day,7,1,2,0,1,158.25,0.0,1,0,1,0
0,Full_Day,6,43,2,0,1,186.6,0.0,1,0,0,1
0,Full_Day,8,39,0,0,1,231.8,0.0,1,0,0,0
1,Early_Return,13,31,4,0,0,312.2,0.0,1,0,0,0
1,Full_Day,12,46,5,1,0,286.2,0.0,1,0,0,0
0,Full_Day,6,15,0,0,1,485.4906,0.0,1,0,1,0
0,Early_Return,12,25,3,0,0,333.0,0.0,1,0,0,0
0,Early_Return,12,17,4,0,0,210.0,0.0,1,1,0,0
0,Early_Return,12,46,6,1,0,187.33333333333334,0.0,1,1,0,0
0,Early_Return,6,46,0,0,1,182.75,0.0,1,1,0,0
0,Full_Day,12,25,3,0,0,167.4,0.0,1,0,0,0
0,Overnight,12,15,6,1,0,150.8,0.0,1,0,0,0
0,Full_Day,7,17,0,0,1,419.2,1.0,1,1,0,0
0,Full_Day,7,0,5,1,1,439.6,1.0,1,1,0,0
1,Early_Return,12,46,0,0,0,510.8,1.0,1,0,0,0
1,Early_Return,7,17,1,0,1,529.0,1.0,1,0,0,0
1,Early_Return,7,0,2,0,1,515.2,1.0,1,0,1,0
1,Early_Return,12,25,5,1,0,258.4,1.0,1,0,0,0
0,Early_Return,13,6,2,0,0,485.4906,1.0,1,0,1,0
0,Full_Day,7,34,6,1,1,71.0,0.0,1,0,0,1
0,Full_Day,13,16,0,0,0,267.5,0.0,1,0,0,0
0,Early_Return,13,30,1,0,0,485.4906,0.0,1,1,0,0
0,Early_Return,12,10,0,0,0,205.0,0.0,1,0,0,1
0,Full_Day,6,45,6,1,1,178.0,0.0,1,1,0,0
0,Early_Return,7,23,1,0,1,267.0,0.0,1,1,0,0
0,Early_Return,6,5,0,0,1,231.25,0.0,1,0,1,0
0,Overnight,12,45,2,0,0,215.8,0.0,1,0,0,0
0,Early_Return,6,37,3,0,1,378.8,1.0,1,0,1,0
0,Full_Day,6,46,4,0,1,366.4,1.0,1,0,1,0
0,Full_Day,5,55,1,0,1,374.0,1.0,1,0,1,0
0,Early_Return,6,30,0,0,1,485.4906,1.0,1,0,1,0
0,Full_Day,7,12,2,0,1,203.0,0.0,1,0,0,0
0,Early_Return,11,58,4,0,1,339.0,0.0,1,0,0,0
0,Early_Return,7,12,1,0,1,265.6666666666667,0.0,1,1,0,0
0,Overnight,12,2,4,0,0,248.0,0.0,1,0,0,0
0,Full_Day,11,57,1,0,1,345.6,1.0,1,0,0,1
0,Early_Return,6,22,2,0,1,375.8,1.0,1,1,0,0
1,Early_Return,7,5,6,1,1,297.8,1.0,1,0,1,0
1,Early_Return,6,11,1,0,1,315.8,1.0,1,1,0,0
1,Early_Return,7,17,5,1,1,292.6,1.0,1,0,0,0
0,Full_Day,12,27,2,0,0,485.4906,1.0,1,0,0,0
0,Full_Day,6,49,6,1,1,410.0,0.0,1,0,0,0
0,Overnight,7,19,0,0,1,335.5,0.0,1,1,0,0
0,Early_Return,12,49,1,0,0,613.3333333333334,1.0,1,0,0,0
0,Overnight,7,45,3,0,1,492.75,1.0,1,0,0,0
0,Early_Return,12,18,5,1,0,566.2,2.0,1,0,1,0
0,Full_Day,7,2,1,0,1,498.8,2.0,1,0,0,0
1,Full_Day,6,55,6,1,1,548.6,2.0,1,0,1,0
0,Overnight,7,5,4,0,1,485.4906,2.0,1,0,0,1
0,Full_Day,6,13,3,0,1,1375.0,1.0,0,0,0,0
0,Early_Return,6,45,6,1,1,825.5,1.0,1,1,0,0
0,Full_Day,6,30,0,0,1,606.3333333333334,1.0,1,0,0,0
0,Full_Day,12,49,1,0,0,580.5,1.0,1,0,1,0
0,Early_Return,12,51,3,0,0,543.0,1.0,1,0,0,1
0,Full_Day,7,9,2,0,1,283.0,1.0,1,0,1,0
1,Overnight,6,48,1,0,1,332.2,1.0,1,0,0,1
1,Full_Day,12,57,4,0,0,490.2,2.0,1,0,1,0
0,Full_Day,7,19,2,0,1,485.4906,2.0,1,0,0,1
0,Full_Day,8,10,4,0,1,241.0,0.0,1,0,0,0
0,Early_Return,7,4,2,0,1,324.0,0.0,1,0,0,1
1,Full_Day,7,20,6,1,1,250.66666666666666,0.0,1,1,0,0
1,Full_Day,6,46,6,1,1,311.75,0.0,1,1,0,0
1,Long_Term,12,57,3,0,0,315.2,0.0,1,0,1,0
0,Early_Return,6,46,0,0,1,485.4906,0.0,1,1,0,0
0,Full_Day,13,10,2,0,0,115.0,0.0,1,0,1,0
0,Early_Return,12,13,2,0,0,265.0,0.0,1,0,1,0
0,Early_Return,6,37,2,0,1,225.0,0.0,1,0,0,0
0,Full_Day,6,43,6,1,1,485.4906,0.0,1,0,0,0
0,Full_Day,7,28,6,1,1,467.0,0.0,1,1,0,0
0,Full_Day,6,51,6,1,1,428.5,0.0,1,1,0,0
0,Overnight,7,6,3,0,1,413.6666666666667,0.0,1,1,0,0
0,Full_Day,12,56,1,0,0,545.25,1.0,1,1,0,0
0,Long_Term,6,23,2,0,1,508.8,1.0,1,0,0,0
0,Full_Day,7,0,3,0,1,802.2,1.0,1,0,0,0
1,Early_Return,7,2,0,0,1,804.6,1.0,1,1,0,0
1,Full_Day,12,34,2,0,0,753.8,1.0,1,0,0,1
1,Full_Day,6,17,3,0,1,648.0,1.0,1,0,1,0
0,Full_Day,6,26,0,0,1,485.4906,1.0,1,1,0,0
0,Early_Return,12,39,5,1,0,372.0,0.0,1,1,0,0
0,Full_Day,6,57,3,0,1,237.5,0.0,1,0,0,0
0,Full_Day,7,34,5,1,1,279.0,0.0,1,0,0,1
0,Full_Day,7,57,1,0,1,289.5,0.0,1,1,0,0
0,Full_Day,6,56,0,0,1,485.4906,0.0,1,1,0,0
1,Full_Day,7,5,4,0,1,409.0,0.0,1,0,0,1
0,Full_Day,7,9,0,0,1,485.4906,0.0,1,0,0,0
0,Early_Return,12,55,4,0,0,287.0,0.0,1,0,0,0
0,Early_Return,12,47,1,0,0,182.5,0.0,1,1,0,0
1,Overnight,13,6,5,1,0,150.33333333333334,0.0,1,1,0,0
1,Full_Day,7,47,2,0,1,387.5,1.0,1,0,0,0
0,Early_Return,6,59,0,0,1,485.4906,1.0,1,0,0,1
0,Early_Return,7,15,4,0,1,92.0,0.0,1,1,0,0
0,Overnight,12,13,5,1,0,148.0,0.0,1,0,1,0
0,Long_Term,6,44,1,0,1,443.0,1.0,1,0,0,0
0,Full_Day,6,27,3,0,1,1195.0,1.0,1,1,0,0
1,Full_Day,12,48,2,0,0,1053.2,1.0,1,0,0,0
0,Full_Day,7,27,5,1,1,485.4906,1.0,1,1,0,0
0,Full_Day,7,41,2,0,1,504.0,0.0,1,0,0,0
0,Full_Day,12,10,0,0,0,429.5,0.0,1,0,0,0
0,Full_Day,6,26,5,1,1,431.6666666666667,0.0,1,0,0,0
0,Full_Day,12,46,1,0,0,397.25,0.0,1,0,0,0
0,Early_Return,12,50,3,0,0,390.8,0.0,1,0,0,1
0,Long_Term,12,48,6,1,0,329.8,0.0,1,0,1,0
0,Long_Term,13,17,3,0,0,585.4,0.0,1,0,0,1
0,Overnight,6,42,5,1,1,1173.8,0.0,0,0,0,0
1,Early_Return,7,45,0,0,1,1346.0,1.0,1,0,1,0
1,Overnight,7,16,1,0,1,1305.2,1.0,1,1,0,0
0,Overnight,5,55,0,0,1,485.4906,2.0,1,1,0,0
0,Full_Day,13,11,3,0,0,1337.0,1.0,1,0,0,0
0,Early_Return,7,28,5,1,1,881.5,1.0,1,0,0,0
0,Early_Return,7,25,6,1,1,642.6666666666666,1.0,1,0,1,0
0,Early_Return,6,59,0,0,1,521.25,1.0,1,0,0,0
0,Full_Day,12,13,0,0,0,445.4,1.0,1,1,0,0
0,Early_Return,6,37,4,0,1,252.2,1.0,1,0,1,0
1,Early_Return,5,46,2,0,1,190.6,1.0,1,0,0,0
1,Full_Day,7,23,4,0,1,197.8,1.0,1,0,1,0
0,Overnight,7,13,1,0,1,485.4906,1.0,1,1,0,0
0,Early_Return,6,8,2,0,1,1330.0,1.0,1,0,0,0
0,Early_Return,7,19,6,1,1,752.5,1.0,1,0,1,0
0,Full_Day,7,30,5,1,1,533.0,1.0,1,1,0,0
0,Early_Return,7,20,5,1,1,522.0,1.0,1,0,1,0
0,Full_Day,5,50,0,0,1,445.8,1.0,1,0,0,0
0,Full_Day,12,26,2,0,0,232.6,1.0,1,0,0,1
0,Early_Return,6,23,3,0,1,289.8,1.0,1,0,0,1
0,Full_Day,12,32,0,0,0,283.8,1.0,1,0,0,0
1,Early_Return,12,42,3,0,0,276.0,1.0,1,0,1,0
0,Full_Day,7,23,5,1,1,485.4906,1.0,1,0,0,0
0,Early_Return,6,48,5,1,1,306.0,0.0,1,0,0,0
0,Full_Day,11,47,0,0,1,202.5,0.0,1,1,0,0
0,Full_Day,7,3,5,1,1,228.0,0.0,1,0,1,0
0,Early_Return,13,3,6,1,0,278.75,0.0,1,1,0,0
0,Early_Return,7,15,1,0,1,252.4,0.0,1,0,0,0
1,Full_Day,7,13,0,0,1,231.8,0.0,1,1,0,0
1,Early_Return,12,34,4,0,0,277.4,0.0,1,0,0,0
1,Early_Return,12,35,4,0,0,261.0,0.0,1,0,0,0
0,Early_Return,12,25,6,1,0,485.4906,0.0,1,0,1,0
0,Early_Return,6,35,4,0,1,180.0,0.0,1,0,0,0
0,Overnight,11,47,4,0,1,165.0,0.0,1,1,0,0
0,Full_Day,14,5,0,0,0,488.6666666666667,1.0,1,0,0,0
0,Early_Return,6,58,2,0,1,493.0,1.0,1,0,0,1
0,Early_Return,6,33,5,1,1,422.6,1.0,1,1,0,0
0,Full_Day,6,48,6,1,1,410.8,1.0,1,0,0,0
0,Early_Return,11,12,5,1,1,480.6,1.0,1,0,0,0
0,Full_Day,7,19,5,1,1,273.2,1.0,1,1,0,0
0,Early_Return,13,19,2,0,0,265.6,1.0,1,1,0,0
0,Overnight,7,0,6,1,1,485.4906,1.0,1,1,0,0
0,Early_Return,13,19,1,0,0,955.0,1.0,1,0,1,0
0,Early_Return,6,58,4,0,1,578.0,1.0,1,1,0,0
0,Full_Day,7,8,2,0,1,447.6666666666667,1.0,1,0,0,0
0,Early_Return,7,13,5,1,1,428.75,1.0,1,0,0,0
0,Early_Return,12,44,2,0,0,485.4906,1.0,1,0,0,0
0,Full_Day,12,38,3,0,0,142.0,0.0,1,0,0,0
0,Early_Return,7,16,0,0,1,247.5,0.0,1,0,1,0
0,Full_Day,6,59,5,1,1,192.0,0.0,1,1,0,0
0,Full_Day,12,36,6,1,0,212.25,0.0,1,1,0,0
0,Early_Return,6,13,2,0,1,253.0,0.0,1,0,1,0
0,Full_Day,6,47,0,0,1,485.4906,0.0,1,1,0,0
0,Full_Day,11,50,4,0,1,485.4906,0.0,1,0,0,1
0,Early_Return,12,42,0,0,0,462.0,0.0,1,0,1,0
0,Full_Day,6,50,1,0,1,334.0,0.0,0,0,0,0
0,Full_Day,6,58,3,0,1,333.0,0.0,1,0,0,0
0,Early_Return,6,9,2,0,1,383.5,0.0,1,0,0,0
1,Full_Day,6,38,1,0,1,322.6,0.0,1,1,0,0
1,Early_Return,12,23,5,1,0,320.8,0.0,1,0,1,0
1,Full_Day,12,32,5,1,0,293.0,0.0,1,0,0,0
1,Early_Return,12,37,5,1,0,307.8,0.0,1,1,0,0
0,Early_Return,7,34,4,0,1,485.4906,0.0,1,0,0,0
0,Early_Return,6,55,1,0,1,165.0,0.0,1,0,1,0
0,Full_Day,13,29,6,1,0,162.5,0.0,1,0,0,0
0,Full_Day,12,19,6,1,0,276.0,0.0,1,0,0,0
0,Full_Day,12,32,2,0,0,329.5,0.0,1,0,1,0
0,Early_Return,6,47,3,0,1,331.2,0.0,1,0,0,0
0,Early_Return,6,44,6,1,1,333.6,0.0,1,0,1,0
0,Long_Term,6,52,5,1,1,337.0,0.0,1,1,0,0
0,Full_Day,6,14,5,1,1,1076.6,0.0,1,0,0,0
0,Full_Day,13,23,1,0,0,485.4906,0.0,1,1,0,0
0,Full_Day,7,14,2,0,1,485.4906,0.0,1,0,0,0
0,Early_Return,7,42,5,1,1,256.0,0.0,1,0,0,1
0,Early_Return,12,6,0,0,0,204.0,0.0,1,0,0,0
0,Early_Return,12,3,4,0,0,166.33333333333334,0.0,1,0,0,0
0,Overnight,6,11,6,1,1,173.75,0.0,1,1,0,0
1,Long_Term,11,28,3,0,1,425.4,1.0,1,1,0,0
0,Full_Day,7,39,5,1,1,485.4906,1.0,1,1,0,0
0,Early_Return,8,10,4,0,1,485.4906,0.0,1,1,0,0
0,Full_Day,7,14,6,1,1,175.0,0.0,1,0,0,0
0,Early_Return,6,42,5,1,1,211.0,0.0,1,1,0,0
0,Full_Day,12,15,1,0,0,178.0,0.0,1,0,1,0
0,Early_Return,6,41,6,1,1,235.0,0.0,1,0,0,1
0,Overnight,13,4,6,1,0,220.2,0.0,1,1,0,0
0,Full_Day,6,58,2,0,1,423.2,1.0,1,1,0,0
0,Full_Day,6,35,6,1,1,478.8,1.0,1,1,0,0
0,Long_Term,7,33,1,0,1,541.8,1.0,1,0,0,1
0,Full_Day,13,22,1,0,0,1242.2,1.0,1,0,0,1
0,Early_Return,6,43,3,0,1,1311.8,1.0,1,0,1,0
1,Early_Return,7,3,1,0,1,1093.4,1.0,1,1,0,0
0,Early_Return,6,42,4,0,1,485.4906,1.0,1,0,0,0
0,Full_Day,13,27,6,1,0,165.0,0.0,1,0,0,0
0,Early_Return,7,38,6,1,1,204.0,0.0,1,0,0,0
0,Early_Return,6,48,5,1,1,197.33333333333334,0.0,1,1,0,0
0,Full_Day,7,10,3,0,1,174.25,0.0,1,1,0,0
0,Early_Return,12,54,5,1,0,190.4,0.0,1,1,0,0
0,Early_Return,13,1,3,0,0,171.4,0.0,1,1,0,0
1,Early_Return,7,1,4,0,1,147.0,0.0,1,0,1,0
0,Full_Day,6,48,2,0,1,485.4906,0.0,1,0,1,0
0,Full_Day,7,48,5,1,1,504.0,0.0,0,0,0,0
0,Early_Return,6,55,6,1,1,510.5,0.0,1,0,0,0
1,Full_Day,7,5,2,0,1,362.0,0.0,1,0,0,1
0,Early_Return,6,29,0,0,1,485.4906,0.0,1,1,0,0
0,Full_Day,7,41,3,0,1,68.0,0.0,1,1,0,0
0,Early_Return,6,31,3,0,1,273.0,0.0,1,0,0,0
1,Overnight,6,40,3,0,1,222.66666666666666,0.0,1,0,0,0
0,Early_Return,7,17,6,1,1,485.4906,1.0,1,0,0,0
0,Early_Return,6,48,0,0,1,94.0,0.0,1,0,0,0
0,Early_Return,13,13,5,1,0,142.5,0.0,1,0,0,0
0,Full_Day,7,10,2,0,1,147.33333333333334,0.0,1,1,0,0
0,Early_Return,6,33,5,1,1,184.5,0.0,1,0,1,0
0,Full_Day,7,13,6,1,1,186.0,0.0,1,1,0,0
0,Early_Return,6,2,3,0,1,244.4,0.0,1,0,0,0
0,Full_Day,13,15,3,0,0,223.8,0.0,1,0,1,0
0,Early_Return,12,43,4,0,0,272.6,0.0,1,0,0,0
0,Early_Return,6,29,0,0,1,253.4,0.0,1,0,0,0
0,Full_Day,6,17,1,0,1,238.0,0.0,1,1,0,0
0,Full_Day,12,21,3,0,0,265.6,0.0,1,1,0,0
1,Full_Day,6,48,5,1,1,332.6,0.0,1,0,0,1
1,Early_Return,7,16,5,1,1,345.8,0.0,1,1,0,0
0,Long_Term,7,51,2,0,1,485.4906,0.0,1,1,0,0
0,Early_Return,12,52,3,0,0,485.4906,0.0,1,1,0,0
0,Full_Day,6,40,4,0,1,101.0,0.0,0,0,0,1
0,Early_Return,12,43,6,1,0,223.5,0.0,1,1,0,0
0,Overnight,6,59,5,1,1,197.0,0.0,1,1,0,0
0,Full_Day,7,7,4,0,1,405.5,1.0,1,0,1,0
0,Long_Term,6,36,5,1,1,383.2,1.0,1,0,1,0
0,Full_Day,7,29,4,0,1,991.2,1.0,1,1,0,0
0,Full_Day,7,22,0,0,1,995.0,1.0,1,1,0,0
0,Full_Day,6,49,3,0,1,1025.6,1.0,1,0,0,0
0,Full_Day,7,25,6,1,1,870.4,1.0,1,1,0,0
0,Full_Day,7,28,6,1,1,903.2,1.0,1,0,0,0
0,Early_Return,12,52,4,0,0,485.4906,1.0,1,0,0,0
0,Full_Day,6,33,2,0,1,155.0,0.0,1,1,0,0
0,Full_Day,6,58,0,0,1,315.5,0.0,1,0,0,0
0,Full_Day,13,29,0,0,0,317.6666666666667,0.0,1,0,0,1
0,Full_Day,12,59,0,0,0,358.0,0.0,1,1,0,0
0,Long_Term,13,31,1,0,0,382.4,0.0,1,0,0,0
0,Full_Day,7,42,3,0,1,968.4,0.0,1,0,0,0
0,Full_Day,6,8,3,0,1,485.4906,0.0,1,0,1,0
0,Full_Day,12,42,0,0,0,254.0,0.0,1,0,1,0
0,Early_Return,7,24,1,0,1,255.5,0.0,1,0,0,0
0,Long_Term,13,26,1,0,0,197.0,0.0,1,0,1,0
0,Full_Day,12,22,1,0,0,953.0,0.0,1,0,0,1
0,Full_Day,7,32,3,0,1,855.0,0.0,1,1,0,0
0,Full_Day,6,53,6,1,1,882.4,0.0,1,1,0,0
0,Full_Day,13,24,1,0,0,918.6,0.0,1,1,0,0
0,Full_Day,13,5,2,0,0,977.6,0.0,1,1,0,0
0,Full_Day,6,28,5,1,1,485.4906,0.0,1,0,0,0
0,Early_Return,7,38,0,0,1,420.0,0.0,1,0,1,0
0,Early_Return,7,44,4,0,1,286.0,0.0,1,1,0,0
0,Full_Day,7,4,4,0,1,216.0,0.0,1,0,0,0
0,Early_Return,6,25,1,0,1,249.25,0.0,1,0,0,1
0,Full_Day,13,16,0,0,0,485.4906,0.0,1,0,0,1
0,Overnight,7,37,4,0,1,381.0,0.0,1,0,0,0
0,Full_Day,5,30,0,0,1,566.0,1.0,1,0,0,0
0,Full_Day,6,1,6,1,1,471.3333333333333,1.0,1,0,0,0
0,Early_Return,6,33,6,1,1,449.75,1.0,1,1,0,0
0,Early_Return,12,53,2,0,0,485.4906,1.0,1,0,0,0
0,Overnight,12,47,5,1,0,63.0,0.0,1,0,0,0
0,Overnight,7,29,2,0,1,519.0,1.0,1,0,0,0
0,Full_Day,12,26,0,0,0,614.6666666666666,2.0,1,1,0,0
0,Overnight,6,38,3,0,1,580.5,2.0,1,0,0,0
0,Full_Day,7,16,1,0,1,613.2,3.0,1,1,0,0
0,Early_Return,7,7,2,0,1,485.4906,3.0,1,1,0,0
0,Overnight,12,55,0,0,0,102.0,0.0,1,0,1,0
0,Early_Return,13,13,0,0,0,449.0,1.0,1,1,0,0
0,Overnight,12,39,5,1,0,330.6666666666667,1.0,1,1,0,0
0,Early_Return,6,51,2,0,1,535.75,2.0,1,0,1,0
0,Early_Return,6,17,5,1,1,457.2,2.0,1,0,0,0
0,Full_Day,6,24,2,0,1,455.4,2.0,1,0,0,1
0,Full_Day,7,0,4,0,1,385.8,2.0,1,0,0,0
0,Full_Day,7,4,6,1,1,423.2,2.0,1,0,0,0
0,Full_Day,6,34,1,0,1,254.0,2.0,1,1,0,0
0,Early_Return,6,58,4,0,1,485.4906,2.0,1,0,0,0
0,Full_Day,13,45,2,0,0,86.0,0.0,1,0,0,0
0,Full_Day,12,43,3,0,0,253.5,0.0,1,0,0,0
0,Full_Day,7,14,3,0,1,331.6666666666667,0.0,1,1,0,0
0,Full_Day,7,23,1,0,1,485.4906,0.0,1,1,0,0
0,Full_Day,7,44,3,0,1,330.0,0.0,1,1,0,0
0,Full_Day,6,34,1,0,1,417.0,0.0,1,0,0,1
0,Full_Day,12,37,1,0,0,388.0,0.0,1,0,1,0
0,Full_Day,7,35,3,0,1,390.0,0.0,1,0,1,0
1,Full_Day,8,5,0,0,1,415.2,0.0,1,0,0,0
1,Early_Return,12,19,1,0,0,414.4,0.0,1,0,1,0
1,Early_Return,7,0,5,1,1,339.4,0.0,1,1,0,0
0,Early_Return,7,22,1,0,1,485.4906,0.0,1,0,0,0
0,Early_Return,7,28,3,0,1,132.0,0.0,1,0,0,0
0,Full_Day,7,11,1,0,1,101.0,0.0,1,0,0,0
0,Full_Day,7,26,0,0,1,206.66666666666666,0.0,1,0,0,0
0,Full_Day,12,53,1,0,0,216.0,0.0,1,0,0,0
0,Full_Day,12,57,6,1,0,226.0,0.0,1,0,0,1
0,Full_Day,7,27,4,0,1,279.8,0.0,1,0,0,0
0,Full_Day,12,57,5,1,0,327.2,0.0,1,0,1,0
1,Full_Day,6,50,5,1,1,348.8,0.0,1,0,0,0
0,Early_Return,12,51,1,0,0,485.4906,0.0,1,1,0,0
0,Full_Day,7,7,4,0,1,146.0,0.0,1,0,1,0
0,Early_Return,7,4,4,0,1,214.0,0.0,1,0,0,0
0,Long_Term,12,44,3,0,0,190.0,0.0,1,0,0,0
0,Early_Return,6,27,1,0,1,650.0,0.0,1,0,0,0
1,Full_Day,5,55,2,0,1,538.4,0.0,1,0,0,0
0,Full_Day,6,57,0,0,1,485.4906,0.0,1,1,0,0
0,Early_Return,12,25,1,0,0,310.0,0.0,1,0,1,0
0,Early_Return,6,32,5,1,1,230.0,0.0,1,0,0,0
0,Early_Return,7,27,6,1,1,201.0,0.0,1,0,0,0
0,Full_Day,12,22,0,0,0,169.5,0.0,1,1,0,0
1,Full_Day,7,10,3,0,1,194.6,0.0,1,0,0,0
1,Full_Day,6,51,6,1,1,219.0,0.0,1,1,0,0
0,Early_Return,12,36,6,1,0,485.4906,0.0,1,0,0,0
0,Full_Day,6,39,4,0,1,177.0,0.0,1,0,1,0
0,Early_Return,13,10,0,0,0,353.5,0.0,1,0,1,0
0,Full_Day,6,23,2,0,1,272.6666666666667,0.0,1,0,0,1
0,Early_Return,13,23,1,0,0,485.4906,0.0,1,0,0,1
1,Full_Day,12,44,5,1,0,126.0,0.0,1,0,1,0
0,Early_Return,6,34,3,0,1,485.4906,0.0,1,0,0,0
0,Early_Return,6,34,1,0,1,162.0,0.0,1,0,0,0
0,Early_Return,12,6,4,0,0,148.5,0.0,1,0,1,0
0,Overnight,7,41,5,1,1,144.0,0.0,1,0,1,0
0,Overnight,8,2,3,0,1,298.25,1.0,1,0,0,0
0,Full_Day,7,27,3,0,1,394.2,2.0,1,1,0,0
0,Early_Return,6,57,1,0,1,441.2,2.0,1,0,1,0
1,Full_Day,7,23,5,1,1,449.4,2.0,1,1,0,0
1,Early_Return,7,11,4,0,1,514.6,2.0,1,1,0,0
1,Early_Return,6,17,5,1,1,395.2,2.0,1,1,0,0
0,Long_Term,7,15,5,1,1,485.4906,2.0,1,1,0,0
0,Early_Return,6,39,0,0,1,2074.0,0.0,1,0,0,0
0,Early_Return,7,14,0,0,1,1076.5,0.0,1,0,0,0
0,Full_Day,7,34,1,0,1,756.3333333333334,0.0,1,1,0,0
0,Full_Day,7,34,2,0,1,695.5,0.0,1,1,0,0
0,Early_Return,6,51,3,0,1,656.2,0.0,1,0,0,0
0,Full_Day,12,33,5,1,0,281.2,0.0,1,1,0,0
0,Full_Day,7,32,6,1,1,355.4,0.0,1,0,0,0
0,Full_Day,11,49,5,1,1,404.0,0.0,1,0,0,0
0,Early_Return,6,12,1,0,1,386.4,0.0,1,1,0,0
0,Full_Day,13,40,1,0,0,328.4,0.0,1,0,1,0
1,Early_Return,12,0,3,0,0,361.8,0.0,1,0,0,0
1,Full_Day,8,14,4,0,1,306.6,0.0,1,0,0,0
0,Full_Day,6,57,4,0,1,485.4906,0.0,1,0,0,0
0,Early_Return,13,44,2,0,0,494.0,0.0,1,1,0,0
0,Full_Day,8,4,6,1,1,335.5,0.0,1,0,0,0
0,Full_Day,12,34,5,1,0,339.0,0.0,1,1,0,0
0,Full_Day,11,38,1,0,1,343.0,0.0,1,0,0,1
0,Full_Day,6,44,3,0,1,333.8,0.0,1,0,0,1
0,Early_Return,6,52,3,0,1,289.2,0.0,1,0,1,0
0,Full_Day,7,0,1,0,1,272.2,0.0,1,0,0,0
0,Full_Day,12,23,5,1,0,309.8,0.0,1,0,1,0
0,Full_Day,12,5,4,0,0,294.0,0.0,1,0,1,0
0,Overnight,12,8,0,0,0,341.8,0.0,1,1,0,0
1,Overnight,7,25,6,1,1,562.8,1.0,1,0,0,0
0,Long_Term,6,58,6,1,1,485.4906,2.0,1,1,0,0
0,Early_Return,6,4,6,1,1,3657.0,0.0,1,0,1,0
0,Full_Day,12,32,5,1,0,1911.0,0.0,1,0,0,0
0,Full_Day,6,55,1,0,1,1436.6666666666667,0.0,1,0,1,0
0,Full_Day,6,29,4,0,1,1197.75,0.0,1,0,0,0
0,Full_Day,8,9,4,0,1,1016.0,0.0,1,0,1,0
0,Early_Return,12,35,3,0,0,372.8,0.0,1,0,0,1
0,Full_Day,7,55,2,0,1,364.4,0.0,1,0,0,0
0,Full_Day,6,40,0,0,1,340.2,0.0,1,0,1,0
1,Overnight,6,38,1,0,1,335.8,0.0,1,0,1,0
1,Early_Return,6,53,4,0,1,492.2,1.0,1,0,0,0
1,Full_Day,13,34,4,0,0,434.4,1.0,1,0,1,0
0,Full_Day,6,35,6,1,1,485.4906,1.0,1,0,0,0
0,Full_Day,12,45,0,0,0,484.0,0.0,1,1,0,0
0,Early_Return,13,9,1,0,0,467.5,0.0,1,0,0,0
0,Early_Return,7,35,0,0,1,375.6666666666667,0.0,1,1,0,0
0,Full_Day,12,41,3,0,0,303.5,0.0,1,1,0,0
0,Full_Day,11,48,0,0,1,308.8,0.0,1,0,1,0
0,Full_Day,7,19,1,0,1,290.4,0.0,1,0,0,0
1,Overnight,13,39,1,0,0,250.8,0.0,1,0,1,0
0,Full_Day,6,28,6,1,1,485.4906,1.0,1,0,0,0
0,Long_Term,6,47,0,0,1,467.0,0.0,1,0,0,0
0,Full_Day,7,10,0,0,1,2008.0,0.0,1,1,0,0
0,Early_Return,7,6,1,0,1,1446.6666666666667,0.0,1,1,0,0
0,Full_Day,12,59,1,0,0,1120.0,0.0,1,1,0,0
0,Full_Day,12,46,5,1,0,969.8,0.0,1,0,0,0
1,Full_Day,11,48,1,0,1,934.4,0.0,1,0,1,0
0,Early_Return,7,17,2,0,1,485.4906,0.0,1,0,0,0
0,Full_Day,7,19,3,0,1,97.0,0.0,1,0,0,0
0,Full_Day,6,33,3,0,1,181.0,0.0,1,1,0,0
0,Overnight,13,40,3,0,0,269.3333333333333,0.0,0,1,0,0
0,Early_Return,6,34,0,0,1,473.75,1.0,1,0,0,0
0,Early_Return,7,18,3,0,1,406.4,1.0,1,1,0,0
0,Overnight,6,2,1,0,1,423.2,1.0,1,0,1,0
0,Full_Day,12,34,3,0,0,523.8,2.0,1,1,0,0
0,Early_Return,13,12,1,0,0,485.4906,2.0,1,0,1,0
0,Full_Day,7,8,5,1,1,160.0,0.0,1,1,0,0
0,Full_Day,11,54,6,1,1,209.0,0.0,1,0,0,0
0,Full_Day,12,44,3,0,0,302.6666666666667,0.0,1,0,1,0
0,Early_Return,13,17,3,0,0,350.0,0.0,1,0,0,0
0,Early_Return,6,43,6,1,1,308.8,0.0,1,1,0,0
0,Full_Day,6,56,4,0,1,306.4,0.0,1,0,0,0
0,Overnight,7,13,4,0,1,485.4906,0.0,1,0,1,0
0,Full_Day,7,31,4,0,1,959.0,1.0,1,0,0,1
0,Early_Return,7,37,0,0,1,620.0,1.0,1,0,0,0
0,Full_Day,11,50,0,0,1,445.0,1.0,1,0,0,0
0,Early_Return,13,18,3,0,0,412.25,1.0,1,0,1,0
0,Early_Return,7,1,1,0,1,350.0,1.0,1,1,0,0
1,Full_Day,6,57,5,1,1,183.6,1.0,1,0,1,0
0,Full_Day,7,25,3,0,1,485.4906,1.0,1,0,0,0
0,Early_Return,6,48,2,0,1,535.0,0.0,1,0,0,0
0,Full_Day,6,14,3,0,1,358.5,0.0,1,0,1,0
0,Early_Return,13,2,4,0,0,381.6666666666667,0.0,1,0,0,1
0,Full_Day,7,11,6,1,1,333.5,0.0,1,0,0,0
0,Full_Day,6,43,0,0,1,485.4906,0.0,1,0,0,0
0,Early_Return,6,58,4,0,1,307.0,0.0,1,0,0,0
0,Full_Day,12,12,4,0,0,239.0,0.0,1,1,0,0
0,Early_Return,7,1,6,1,1,259.0,0.0,1,1,0,0
0,Overnight,7,46,3,0,1,209.75,0.0,1,0,0,0
1,Full_Day,6,40,3,0,1,329.0,1.0,1,0,1,0
0,Early_Return,6,58,2,0,1,485.4906,1.0,1,0,0,0
0,Full_Day,12,23,3,0,0,161.0,0.0,1,0,0,0
0,Early_Return,6,9,6,1,1,247.0,0.0,1,1,0,0
0,Full_Day,6,32,2,0,1,226.66666666666666,0.0,1,0,0,1
0,Full_Day,7,26,4,0,1,289.0,0.0,1,0,0,0
0,Early_Return,6,31,1,0,1,311.8,0.0,1,1,0,0
0,Full_Day,7,5,1,0,1,314.0,0.0,1,0,1,0
0,Long_Term,6,34,5,1,1,298.6,0.0,1,1,0,0
0,Full_Day,6,12,1,0,1,959.4,0.0,1,0,1,0
0,Full_Day,12,30,2,0,0,953.8,0.0,1,0,0,0
0,Full_Day,13,4,0,0,0,954.2,0.0,1,0,0,1
0,Full_Day,11,55,5,1,1,982.0,0.0,1,0,1,0
0,Full_Day,7,25,0,0,1,485.4906,0.0,1,1,0,0
0,Early_Return,12,58,5,1,0,344.0,0.0,1,0,1,0
0,Full_Day,12,49,4,0,0,212.0,0.0,1,0,1,0
0,Full_Day,7,1,5,1,1,313.3333333333333,0.0,1,1,0,0
0,Early_Return,6,58,0,0,1,367.0,0.0,0,0,0,0
1,Full_Day,6,52,4,0,1,312.6,0.0,1,0,0,0
1,Early_Return,6,37,1,0,1,293.8,0.0,1,0,0,0
0,Long_Term,6,58,6,1,1,485.4906,0.0,1,0,0,0
0,Full_Day,7,37,2,0,1,1839.0,0.0,1,1,0,0
0,Full_Day,12,54,1,0,0,1139.0,0.0,1,1,0,0
0,Overnight,7,58,4,0,1,921.0,0.0,1,0,1,0
0,Early_Return,7,5,6,1,1,1047.5,1.0,1,0,1,0
0,Full_Day,6,40,0,0,1,874.6,1.0,1,0,0,0
0,Full_Day,12,27,1,0,0,485.4906,1.0,1,0,0,0
0,Full_Day,6,58,4,0,1,535.0,0.0,1,1,0,0
0,Long_Term,6,17,0,0,1,482.5,0.0,1,0,0,1
0,Early_Return,6,4,1,0,1,1723.3333333333333,0.0,1,0,0,0
0,Full_Day,7,6,1,0,1,1330.25,0.0,0,0,1,0
0,Full_Day,12,42,3,0,0,485.4906,0.0,1,0,1,0
0,Overnight,12,30,4,0,0,275.0,0.0,1,1,0,0
0,Early_Return,7,15,5,1,1,629.5,1.0,1,1,0,0
0,Full_Day,6,36,6,1,1,476.0,1.0,1,1,0,0
0,Early_Return,12,18,5,1,0,445.0,1.0,1,1,0,0
0,Full_Day,7,6,6,1,1,378.8,1.0,1,0,0,0
1,Early_Return,6,54,0,0,1,388.6,1.0,1,0,0,0
1,Full_Day,6,52,4,0,1,209.0,1.0,1,0,1,0
0,Early_Return,12,5,2,0,0,485.4906,1.0,1,0,0,0
0,Early_Return,12,10,4,0,0,80.0,0.0,1,0,0,0
0,Early_Return,7,17,6,1,1,82.5,0.0,1,1,0,0
0,Early_Return,7,4,6,1,1,85.66666666666667,0.0,1,0,1,0
0,Early_Return,12,32,1,0,0,99.0,0.0,1,0,0,0
0,Full_Day,12,41,5,1,0,115.8,0.0,1,0,0,1
0,Early_Return,6,28,1,0,1,192.4,0.0,1,0,0,0
0,Early_Return,7,47,2,0,1,204.2,0.0,1,0,0,1
0,Overnight,6,52,4,0,1,485.4906,0.0,1,0,1,0
0,Early_Return,7,12,4,0,1,736.0,1.0,0,1,0,0
0,Full_Day,6,5,0,0,1,443.0,1.0,1,0,1,0
0,Early_Return,11,54,5,1,1,436.0,1.0,1,0,0,1
0,Early_Return,13,14,1,0,0,371.5,1.0,1,0,0,0
0,Early_Return,7,1,5,1,1,329.8,1.0,1,1,0,0
0,Full_Day,6,0,6,1,1,206.2,1.0,1,0,0,1
1,Full_Day,13,3,1,0,0,240.8,1.0,1,1,0,0
0,Early_Return,11,29,3,0,1,485.4906,1.0,1,0,0,0
0,Overnight,12,45,6,1,0,203.0,0.0,1,1,0,0
0,Full_Day,6,36,4,0,1,542.5,1.0,1,0,1,0
0,Overnight,6,40,6,1,1,512.6666666666666,1.0,1,0,0,0
1,Early_Return,7,25,5,1,1,684.75,2.0,1,0,0,0
0,Full_Day,6,30,6,1,1,485.4906,2.0,1,0,0,1
0,Early_Return,5,50,0,0,1,494.0,0.0,1,0,0,0
0,Full_Day,7,43,0,0,1,281.0,0.0,1,0,0,0
0,Overnight,6,43,2,0,1,324.0,0.0,1,0,0,0
1,Early_Return,6,54,0,0,1,435.0,1.0,1,0,1,0
0,Full_Day,7,11,5,1,1,485.4906,1.0,1,0,1,0
0,Overnight,12,11,5,1,0,447.0,0.0,1,1,0,0
0,Full_Day,6,50,0,0,1,807.0,1.0,1,0,0,0
0,Full_Day,13,10,1,0,0,679.6666666666666,1.0,0,0,1,0
0,Full_Day,6,18,1,0,1,574.75,1.0,1,0,0,0
0,Early_Return,6,36,2,0,1,521.2,1.0,1,0,1,0
0,Full_Day,7,49,5,1,1,470.4,1.0,1,1,0,0
1,Early_Return,12,13,5,1,0,297.8,1.0,1,0,1,0
0,Full_Day,7,24,4,0,1,485.4906,1.0,1,0,1,0
0,Early_Return,7,54,0,0,1,474.0,0.0,1,0,0,1
0,Full_Day,11,34,0,0,1,331.0,0.0,1,0,1,0
0,Full_Day,6,58,2,0,1,365.0,0.0,1,0,0,0
0,Early_Return,7,34,0,0,1,358.0,0.0,1,0,0,1
0,Full_Day,7,32,5,1,1,317.0,0.0,1,1,0,0
0,Early_Return,8,1,4,0,1,302.6,0.0,1,1,0,0
0,Full_Day,7,31,4,0,1,292.8,0.0,1,0,1,0
1,Early_Return,6,6,1,0,1,255.8,0.0,1,0,0,0
1,Early_Return,12,27,4,0,0,206.4,0.0,0,0,1,0
0,Early_Return,12,48,5,1,0,485.4906,0.0,1,1,0,0
0,Overnight,6,48,2,0,1,153.0,0.0,1,1,0,0
0,Overnight,12,51,3,0,0,556.0,1.0,1,1,0,0
0,Full_Day,7,26,5,1,1,788.6666666666666,2.0,1,0,1,0
0,Full_Day,12,38,0,0,0,652.25,2.0,1,0,0,0
0,Overnight,12,54,0,0,0,597.2,2.0,1,0,1,0
0,Full_Day,6,38,5,1,1,772.8,3.0,1,1,0,0
1,Full_Day,6,24,2,0,1,675.4,3.0,1,1,0,0
1,Overnight,8,5,5,1,1,518.6,3.0,1,0,0,0
0,Full_Day,13,28,5,1,0,485.4906,4.0,1,0,1,0
0,Full_Day,13,12,5,1,0,296.0,0.0,1,0,0,0
1,Full_Day,6,5,2,0,1,343.5,0.0,0,0,1,0
0,Overnight,5,51,2,0,1,485.4906,0.0,1,1,0,0
0,Full_Day,6,54,6,1,1,1282.0,1.0,1,0,1,0
1,Early_Return,6,57,4,0,1,819.0,1.0,1,0,0,0
1,Full_Day,12,30,2,0,0,598.3333333333334,1.0,1,1,0,0
0,Full_Day,7,1,0,0,1,485.4906,1.0,1,0,0,1
0,Full_Day,7,6,0,0,1,285.0,0.0,1,0,0,1
0,Full_Day,12,40,4,0,0,270.5,0.0,1,0,0,0
0,Early_Return,6,41,2,0,1,276.3333333333333,0.0,1,0,0,0
0,Full_Day,12,26,3,0,0,243.5,0.0,1,0,0,0
0,Long_Term,13,31,4,0,0,485.4906,0.0,1,0,0,0
0,Full_Day,12,33,5,1,0,3082.0,0.0,1,1,0,0
0,Early_Return,6,3,6,1,1,1757.0,0.0,1,0,0,0
0,Early_Return,13,42,3,0,0,1193.0,0.0,1,0,0,0
0,Full_Day,13,36,2,0,0,942.5,0.0,1,0,0,1
0,Full_Day,7,16,6,1,1,853.2,0.0,1,0,1,0
0,Overnight,7,37,2,0,1,332.0,0.0,1,0,0,0
0,Full_Day,6,20,5,1,1,482.0,1.0,1,1,0,0
1,Full_Day,6,34,0,0,1,566.6,1.0,1,0,0,0
0,Full_Day,12,42,5,1,0,485.4906,1.0,1,0,0,0
0,Early_Return,6,52,4,0,1,305.0,0.0,1,0,1,0
0,Early_Return,7,10,4,0,1,221.0,0.0,1,0,1,0
0,Overnight,12,38,2,0,0,187.33333333333334,0.0,1,0,0,0
0,Early_Return,7,2,2,0,1,463.75,1.0,1,1,0,0
1,Early_Return,12,8,0,0,0,387.8,1.0,1,0,0,0
0,Full_Day,7,23,4,0,1,485.4906,1.0,1,0,1,0
0,Full_Day,7,22,2,0,1,244.0,0.0,1,1,0,0
0,Overnight,6,52,6,1,1,388.0,0.0,1,0,1,0
0,Early_Return,7,30,6,1,1,676.6666666666666,1.0,1,1,0,0
0,Full_Day,7,20,3,0,1,524.5,1.0,1,1,0,0
0,Full_Day,7,40,4,0,1,509.6,1.0,1,0,0,1
1,Early_Return,7,14,1,0,1,526.8,1.0,1,0,1,0
0,Full_Day,6,33,1,0,1,485.4906,1.0,1,1,0,0
0,Early_Return,12,23,3,0,0,252.0,0.0,1,0,0,0
0,Full_Day,12,48,5,1,0,198.5,0.0,1,0,0,0
1,Full_Day,6,57,3,0,1,284.0,0.0,1,0,0,0
0,Long_Term,13,3,0,0,0,485.4906,0.0,1,0,1,0
0,Full_Day,7,29,0,0,1,1680.0,0.0,1,0,0,0
0,Full_Day,7,12,5,1,1,1066.5,0.0,1,1,0,0
0,Full_Day,7,21,6,1,1,869.6666666666666,0.0,1,0,0,0
0,Full_Day,12,58,0,0,0,713.5,0.0,1,1,0,0
0,Early_Return,12,45,3,0,0,648.8,0.0,1,1,0,0
0,Early_Return,7,23,6,1,1,485.4906,0.0,1,1,0,0
0,Full_Day,6,38,0,0,1,208.0,0.0,1,0,0,0
0,Early_Return,12,58,3,0,0,317.0,0.0,1,0,0,0
0,Full_Day,6,22,2,0,1,247.33333333333334,0.0,1,1,0,0
0,Full_Day,7,43,1,0,1,258.5,0.0,1,0,0,0
0,Full_Day,7,20,1,0,1,290.2,0.0,1,0,0,0
1,Early_Return,6,17,5,1,1,318.4,0.0,1,0,1,0
0,Overnight,7,48,4,0,1,485.4906,0.0,1,0,0,1
0,Early_Return,12,22,3,0,0,1046.0,1.0,1,0,1,0
0,Early_Return,7,6,5,1,1,617.0,1.0,1,0,0,0
0,Full_Day,6,37,1,0,1,455.0,1.0,1,0,1,0
0,Full_Day,13,10,2,0,0,428.25,1.0,1,0,0,0
0,Early_Return,6,48,5,1,1,396.0,1.0,1,0,0,0
0,Full_Day,11,53,2,0,1,205.6,1.0,1,0,0,0
1,Full_Day,7,20,2,0,1,239.2,1.0,1,0,0,1
1,Full_Day,12,44,0,0,0,290.2,1.0,1,0,0,0
0,Early_Return,6,57,1,0,1,485.4906,1.0,1,1,0,0
0,Early_Return,13,17,5,1,0,172.0,0.0,1,1,0,0
0,Long_Term,12,4,3,0,0,118.5,0.0,1,1,0,0
1,Full_Day,6,3,2,0,1,774.6666666666666,0.0,1,0,0,0
0,Early_Return,12,47,2,0,0,485.4906,0.0,1,0,1,0
0,Full_Day,5,47,3,0,1,73.0,0.0,1,0,0,0
0,Full_Day,7,39,2,0,1,206.0,0.0,1,0,1,0
1,Full_Day,6,37,0,0,1,294.3333333333333,0.0,1,0,0,0
0,Full_Day,13,10,6,1,0,485.4906,0.0,1,1,0,0
0,Early_Return,7,10,2,0,1,300.0,0.0,1,0,0,0
0,Early_Return,6,53,3,0,1,240.5,0.0,1,0,0,1
0,Full_Day,6,53,1,0,1,225.33333333333334,0.0,1,1,0,0
0,Full_Day,13,8,6,1,0,262.75,0.0,1,1,0,0
0,Early_Return,7,25,4,0,1,277.2,0.0,1,1,0,0
0,Full_Day,14,13,4,0,0,251.8,0.0,1,1,0,0
0,Early_Return,12,20,5,1,0,303.2,0.0,1,1,0,0
0,Early_Return,12,19,6,1,0,304.6,0.0,1,0,0,0
0,Full_Day,6,51,0,0,1,262.4,0.0,1,0,0,0
1,Early_Return,5,49,4,0,1,289.8,0.0,1,0,0,0
1,Overnight,6,41,6,1,1,282.2,0.0,1,1,0,0
0,Early_Return,12,40,0,0,0,485.4906,1.0,1,0,0,0
0,Full_Day,13,2,3,0,0,61.0,0.0,1,0,0,0
0,Full_Day,7,7,2,0,1,274.0,0.0,1,0,0,0
0,Early_Return,12,6,6,1,0,263.0,0.0,0,0,1,0
0,Early_Return,12,28,0,0,0,215.5,0.0,1,0,1,0
0,Early_Return,6,31,1,0,1,203.4,0.0,1,0,0,0
0,Early_Return,6,52,3,0,1,485.4906,0.0,1,0,0,0
0,Full_Day,7,40,6,1,1,93.0,0.0,1,0,0,0
0,Overnight,6,57,4,0,1,277.5,0.0,1,0,0,0
0,Early_Return,8,8,6,1,1,439.0,1.0,1,1,0,0
0,Long_Term,6,43,5,1,1,345.25,1.0,1,0,0,1
0,Full_Day,6,27,4,0,1,948.6,1.0,1,1,0,0
0,Early_Return,7,6,4,0,1,1006.2,1.0,1,0,1,0
1,Full_Day,7,25,6,1,1,938.0,1.0,1,1,0,0
1,Overnight,12,0,3,0,0,839.8,1.0,1,1,0,0
0,Early_Return,7,49,2,0,1,485.4906,2.0,1,0,1,0
0,Full_Day,8,0,4,0,1,103.0,0.0,0,0,1,0
0,Early_Return,6,22,6,1,1,261.5,0.0,1,1,0,0
0,Overnight,7,15,2,0,1,198.0,0.0,1,0,1,0
0,Full_Day,6,25,3,0,1,439.0,1.0,1,0,0,1
0,Full_Day,6,31,3,0,1,436.0,1.0,1,1,0,0
0,Full_Day,7,22,3,0,1,493.8,1.0,1,1,0,0
0,Early_Return,12,47,3,0,0,502.0,1.0,1,0,1,0
0,Full_Day,7,13,4,0,1,528.0,1.0,1,0,0,0
0,Long_Term,12,29,4,0,0,369.6,1.0,1,0,1,0
0,Full_Day,12,58,5,1,0,722.0,1.0,1,1,0,0
0,Full_Day,13,17,3,0,0,703.4,1.0,1,0,1,0
0,Full_Day,6,10,0,0,1,485.4906,1.0,1,0,0,0
0,Early_Return,6,53,0,0,1,473.0,0.0,1,0,0,1
0,Early_Return,11,26,3,0,1,291.0,0.0,1,0,1,0
0,Early_Return,6,36,2,0,1,258.3333333333333,0.0,1,0,0,0
0,Full_Day,13,38,4,0,0,239.25,0.0,1,0,1,0
0,Early_Return,7,19,3,0,1,266.0,0.0,1,0,1,0
1,Full_Day,6,32,4,0,1,208.6,0.0,1,0,0,1
1,Early_Return,6,29,0,0,1,237.4,0.0,1,0,0,0
1,Full_Day,6,55,4,0,1,227.8,0.0,1,1,0,0
0,Full_Day,7,48,4,0,1,485.4906,0.0,1,0,1,0
0,Early_Return,7,49,2,0,1,395.0,0.0,1,0,0,0
0,Early_Return,7,16,1,0,1,243.0,0.0,1,0,0,0
1,Overnight,7,1,3,0,1,183.0,0.0,1,1,0,0
0,Early_Return,6,51,6,1,1,485.4906,1.0,1,0,0,0
0,Full_Day,6,35,0,0,1,153.0,0.0,1,0,0,1
0,Full_Day,7,25,2,0,1,249.5,0.0,1,0,0,0
0,Early_Return,7,2,4,0,1,290.6666666666667,0.0,1,0,0,0
0,Full_Day,7,10,5,1,1,242.75,0.0,1,1,0,0
0,Long_Term,7,32,5,1,1,263.8,0.0,1,0,0,1
0,Early_Return,12,49,5,1,0,637.8,0.0,1,1,0,0
0,Full_Day,13,3,4,0,0,602.8,0.0,1,1,0,0
0,Early_Return,12,56,0,0,0,623.8,0.0,1,0,0,0
1,Full_Day,7,9,2,0,1,620.6,0.0,1,0,0,0
1,Early_Return,12,59,6,1,0,652.4,0.0,1,0,0,1
0,Long_Term,12,36,6,1,0,485.4906,0.0,1,0,0,1
0,Full_Day,6,40,3,0,1,2785.0,0.0,1,1,0,0
0,Full_Day,12,49,3,0,0,1652.5,0.0,1,0,0,0
0,Full_Day,12,48,0,0,0,1200.3333333333333,0.0,1,0,0,0
0,Early_Return,12,46,1,0,0,485.4906,0.0,1,0,0,0
0,Early_Return,12,33,4,0,0,177.0,0.0,0,1,0,0
0,Full_Day,12,16,4,0,0,164.0,0.0,1,0,0,0
0,Full_Day,12,29,1,0,0,231.66666666666666,0.0,1,0,0,0
0,Early_Return,13,2,4,0,0,296.5,0.0,1,1,0,0
0,Overnight,13,4,1,0,0,256.0,0.0,1,0,0,0
0,Early_Return,6,50,3,0,1,477.6,1.0,1,0,0,0
1,Early_Return,7,30,0,0,1,459.6,1.0,1,0,0,0
1,Full_Day,6,41,1,0,1,411.4,1.0,1,0,0,0
1,Early_Return,7,11,3,0,1,373.0,1.0,1,0,0,0
0,Overnight,13,20,1,0,0,485.4906,1.0,1,0,1,0
0,Overnight,6,58,4,0,1,755.0,1.0,1,0,0,0
0,Full_Day,6,49,6,1,1,781.5,2.0,1,1,0,0
0,Long_Term,6,32,4,0,1,651.3333333333334,2.0,1,0,0,0
0,Early_Return,6,36,1,0,1,1129.5,2.0,1,0,0,1
0,Full_Day,7,36,5,1,1,924.6,2.0,1,0,0,1
0,Full_Day,12,51,5,1,0,822.4,2.0,1,0,1,0
0,Full_Day,6,18,0,0,1,710.6,2.0,1,0,0,0
0,Early_Return,6,22,6,1,1,731.6,2.0,1,1,0,0
0,Full_Day,6,35,0,0,1,239.0,2.0,1,0,0,0
1,Early_Return,11,49,5,1,1,298.6,2.0,1,0,0,0
1,Full_Day,7,19,1,0,1,287.0,2.0,1,0,0,1
1,Long_Term,13,8,5,1,0,340.6,2.0,1,1,0,0
0,Full_Day,7,5,0,0,1,485.4906,2.0,1,1,0,0
0,Early_Return,5,50,1,0,1,489.0,0.0,1,0,0,0
0,Early_Return,8,44,1,0,1,291.5,0.0,1,1,0,0
0,Full_Day,7,22,0,0,1,217.66666666666666,0.0,1,0,0,0
0,Full_Day,6,34,4,0,1,267.0,0.0,1,1,0,0
0,Full_Day,7,18,0,0,1,310.8,0.0,1,0,0,0
0,Full_Day,11,50,2,0,1,303.6,0.0,1,0,1,0
1,Full_Day,6,30,1,0,1,380.0,0.0,1,0,0,0
1,Early_Return,7,34,1,0,1,434.4,0.0,1,1,0,0
0,Overnight,6,42,1,0,1,485.4906,0.0,1,0,0,0
0,Early_Return,13,42,5,1,0,1242.0,1.0,1,0,1,0
0,Full_Day,7,9,6,1,1,655.0,1.0,1,0,0,1
0,Early_Return,7,15,1,0,1,543.3333333333334,1.0,1,0,1,0
0,Early_Return,13,8,2,0,0,453.0,1.0,1,1,0,0
0,Full_Day,13,36,3,0,0,402.8,1.0,1,1,0,0
0,Full_Day,12,36,3,0,0,256.8,1.0,1,0,0,0
0,Full_Day,7,2,2,0,1,322.4,1.0,1,0,1,0
0,Full_Day,11,46,5,1,1,333.4,1.0,1,0,0,0
0,Full_Day,12,56,6,1,0,485.4906,1.0,1,0,0,0
0,Full_Day,7,39,1,0,1,444.0,0.0,1,0,0,0
0,Full_Day,6,47,4,0,1,353.5,0.0,1,0,0,1
0,Early_Return,12,16,1,0,0,395.0,0.0,1,0,0,0
0,Full_Day,7,41,5,1,1,325.5,0.0,1,0,0,0
0,Full_Day,6,33,6,1,1,312.2,0.0,1,0,1,0
0,Early_Return,7,33,1,0,1,277.4,0.0,1,0,0,0
1,Early_Return,7,20,4,0,1,250.4,0.0,1,1,0,0
0,Full_Day,6,43,5,1,1,485.4906,0.0,1,0,1,0
0,Full_Day,6,39,0,0,1,505.0,0.0,1,0,0,0
0,Full_Day,6,42,0,0,1,481.5,0.0,1,0,1,0
0,Full_Day,12,10,4,0,0,479.6666666666667,0.0,0,1,0,0
0,Full_Day,12,27,2,0,0,470.25,0.0,1,0,0,0
0,Overnight,7,6,6,1,1,441.2,0.0,1,0,0,0
1,Early_Return,12,33,4,0,0,508.6,1.0,1,0,0,0
0,Full_Day,12,55,0,0,0,485.4906,1.0,1,1,0,0
0,Early_Return,7,41,5,1,1,487.0,0.0,1,1,0,0
0,Early_Return,14,0,1,0,0,287.0,0.0,1,0,0,0
0,Early_Return,6,29,6,1,1,257.6666666666667,0.0,1,0,0,0
1,Full_Day,6,43,6,1,1,223.75,0.0,1,0,0,0
0,Overnight,7,16,0,0,1,485.4906,0.0,1,0,1,0
0,Full_Day,6,38,1,0,1,1229.0,1.0,1,1,0,0
0,Full_Day,6,53,4,0,1,764.5,1.0,1,0,0,0
0,Early_Return,7,4,3,0,1,628.6666666666666,1.0,1,1,0,0
0,Overnight,13,19,4,0,0,490.25,1.0,1,0,0,0
0,Early_Return,7,2,6,1,1,648.4,2.0,1,1,0,0
0,Full_Day,6,31,5,1,1,420.4,2.0,1,0,1,0
0,Full_Day,6,37,6,1,1,435.2,2.0,1,1,0,0
0,Full_Day,12,4,4,0,0,458.8,2.0,1,1,0,0
0,Full_Day,13,19,5,1,0,530.4,2.0,1,0,0,0
0,Long_Term,6,59,3,0,1,485.4906,2.0,1,0,1,0
0,Full_Day,6,43,1,0,1,1555.0,0.0,1,0,0,0
0,Overnight,6,53,1,0,1,924.0,0.0,1,1,0,0
0,Full_Day,5,35,3,0,1,856.0,1.0,1,0,0,0
1,Long_Term,7,1,5,1,1,741.75,1.0,1,0,1,0
1,Early_Return,12,17,3,0,0,1255.8,1.0,1,0,0,0
0,Full_Day,7,16,1,0,1,485.4906,1.0,1,0,0,0
0,Early_Return,7,20,6,1,1,438.0,0.0,1,0,1,0
0,Early_Return,7,26,3,0,1,316.0,0.0,1,1,0,0
0,Long_Term,12,38,6,1,0,271.0,0.0,1,0,1,0
1,Overnight,12,53,6,1,0,1175.75,0.0,1,0,0,0
1,Early_Return,7,21,4,0,1,1204.0,1.0,1,0,0,0
1,Early_Return,12,18,2,0,0,1158.2,1.0,1,0,1,0
0,Early_Return,6,48,6,1,1,485.4906,1.0,1,0,0,0
0,Full_Day,8,8,4,0,1,165.0,0.0,1,0,1,0
0,Early_Return,12,9,4,0,0,235.5,0.0,1,0,0,0
1,Full_Day,7,18,0,0,1,191.0,0.0,1,1,0,0
1,Full_Day,6,25,2,0,1,249.5,0.0,1,0,1,0
0,Full_Day,7,29,5,1,1,485.4906,0.0,1,0,0,0
0,Early_Return,5,43,2,0,1,459.0,0.0,1,0,0,0
0,Early_Return,7,0,0,0,1,304.5,0.0,1,0,0,1
0,Overnight,13,8,5,1,0,248.66666666666666,0.0,1,0,1,0
0,Overnight,7,20,2,0,1,447.75,1.0,1,1,0,0
0,Overnight,6,41,5,1,1,522.6,2.0,1,0,1,0
0,Full_Day,12,0,1,0,0,612.0,3.0,1,0,1,0
0,Early_Return,7,26,0,0,1,689.6,3.0,1,0,1,0
1,Early_Return,6,40,2,0,1,687.0,3.0,1,0,0,0
1,Full_Day,7,20,0,0,1,499.6,3.0,1,0,0,0
0,Full_Day,12,4,0,0,0,485.4906,3.0,1,0,0,0
0,Overnight,7,18,5,1,1,524.0,0.0,1,0,1,0
0,Early_Return,12,28,1,0,0,671.0,1.0,1,1,0,0
0,Full_Day,13,7,2,0,0,501.3333333333333,1.0,1,0,0,0
0,Full_Day,6,43,5,1,1,441.0,1.0,1,0,1,0
1,Early_Return,5,56,6,1,1,417.8,1.0,1,0,0,0
1,Early_Return,6,41,3,0,1,327.6,1.0,1,0,1,0
0,Early_Return,12,34,1,0,0,485.4906,1.0,1,0,1,0
0,Overnight,7,24,6,1,1,128.0,0.0,1,1,0,0
0,Full_Day,6,18,5,1,1,657.5,1.0,1,0,0,0
0,Early_Return,13,0,4,0,0,615.0,1.0,1,1,0,0
0,Full_Day,12,39,5,1,0,499.75,1.0,1,0,0,0
1,Full_Day,7,58,5,1,1,493.0,1.0,1,0,1,0
0,Full_Day,7,30,0,0,1,485.4906,1.0,1,0,0,0
0,Full_Day,13,9,4,0,0,332.0,0.0,1,0,1,0
0,Early_Return,13,6,1,0,0,358.5,0.0,1,1,0,0
0,Full_Day,6,48,1,0,1,273.0,0.0,1,0,0,0
0,Full_Day,12,55,5,1,0,270.75,0.0,1,1,0,0
0,Early_Return,6,44,4,0,1,285.8,0.0,1,1,0,0
0,Full_Day,7,23,4,0,1,238.8,0.0,1,0,1,0
0,Full_Day,12,29,0,0,0,217.6,0.0,0,1,0,0
1,Overnight,7,55,1,0,1,296.2,0.0,1,0,0,0
1,Early_Return,12,58,2,0,0,433.4,1.0,1,1,0,0
1,Early_Return,7,57,4,0,1,399.8,1.0,1,0,0,0
1,Early_Return,7,4,5,1,1,408.0,1.0,1,0,0,0
0,Full_Day,13,25,4,0,0,485.4906,1.0,1,0,1,0
0,Full_Day,7,19,0,0,1,403.0,0.0,1,0,0,0
0,Early_Return,7,6,5,1,1,364.5,0.0,1,1,0,0
0,Full_Day,11,55,5,1,1,291.0,0.0,1,0,1,0
0,Early_Return,7,17,0,0,1,326.75,0.0,1,1,0,0
0,Full_Day,6,42,5,1,1,292.8,0.0,1,1,0,0
1,Full_Day,7,18,3,0,1,284.6,0.0,1,1,0,0
0,Full_Day,6,22,6,1,1,485.4906,0.0,1,0,1,0
0,Early_Return,7,32,6,1,1,320.0,0.0,1,0,0,0
0,Early_Return,13,18,3,0,0,264.5,0.0,1,1,0,0
0,Overnight,12,46,2,0,0,216.66666666666666,0.0,1,0,0,0
0,Early_Return,7,29,4,0,1,349.5,1.0,1,0,0,1
0,Full_Day,13,17,2,0,0,314.2,1.0,0,1,0,0
0,Full_Day,6,33,3,0,1,315.4,1.0,1,0,0,0
0,Long_Term,6,51,2,0,1,485.4906,1.0,1,1,0,0
0,Long_Term,6,18,3,0,1,4046.0,0.0,1,0,0,1
0,Full_Day,7,18,6,1,1,2744.0,0.0,1,0,0,0
0,Early_Return,13,43,6,1,0,1941.3333333333333,0.0,1,0,0,0
0,Full_Day,7,6,2,0,1,1490.75,0.0,1,0,0,1
0,Full_Day,13,27,0,0,0,1273.4,0.0,1,1,0,0
0,Full_Day,12,53,1,0,0,521.4,0.0,1,0,1,0
0,Full_Day,6,25,5,1,1,338.0,0.0,1,0,1,0
0,Full_Day,12,53,3,0,0,371.8,0.0,1,0,0,0
1,Early_Return,6,40,0,0,1,401.2,0.0,1,0,0,0
0,Full_Day,7,0,4,0,1,485.4906,0.0,1,0,0,0
0,Full_Day,6,30,4,0,1,242.0,0.0,1,0,0,1
0,Full_Day,7,5,5,1,1,340.5,0.0,0,1,0,0
0,Full_Day,6,10,3,0,1,308.6666666666667,0.0,1,0,1,0
0,Early_Return,7,19,0,0,1,296.75,0.0,1,0,0,0
0,Overnight,6,45,1,0,1,257.4,0.0,1,1,0,0
0,Overnight,7,19,3,0,1,480.4,1.0,1,0,0,0
0,Overnight,7,18,3,0,1,618.0,2.0,1,0,1,0
0,Early_Return,6,28,6,1,1,761.0,3.0,0,0,1,0
0,Full_Day,7,27,0,0,1,747.0,3.0,1,1,0,0
0,Full_Day,7,24,2,0,1,485.4906,3.0,1,0,0,0
0,Full_Day,6,40,1,0,1,460.0,0.0,1,0,0,0
0,Full_Day,6,53,2,0,1,477.5,0.0,1,1,0,0
0,Early_Return,6,55,1,0,1,497.0,0.0,1,1,0,0
0,Early_Return,7,39,5,1,1,485.4906,0.0,1,0,0,0
0,Overnight,7,5,6,1,1,83.0,0.0,1,0,1,0
0,Full_Day,6,35,2,0,1,513.0,1.0,1,0,1,0
0,Early_Return,6,49,6,1,1,428.3333333333333,1.0,1,1,0,0
0,Full_Day,12,25,6,1,0,371.75,1.0,1,0,0,0
0,Full_Day,6,55,4,0,1,381.4,1.0,1,0,1,0
1,Full_Day,11,55,6,1,1,422.0,1.0,1,0,0,0
1,Full_Day,6,11,4,0,1,334.6,1.0,1,0,0,0
0,Full_Day,12,19,6,1,0,485.4906,1.0,1,0,1,0
0,Full_Day,6,56,1,0,1,278.0,0.0,1,1,0,0
0,Full_Day,6,58,0,0,1,333.5,0.0,1,0,0,0
0,Full_Day,7,0,0,0,1,401.0,0.0,1,0,0,0
0,Early_Return,6,30,1,0,1,419.5,0.0,1,0,0,0
0,Full_Day,7,32,5,1,1,371.4,0.0,1,0,0,0
0,Full_Day,7,2,3,0,1,383.0,0.0,1,1,0,0
0,Full_Day,6,17,6,1,1,379.6,0.0,1,0,0,0
0,Full_Day,7,7,6,1,1,369.0,0.0,1,0,0,0
0,Full_Day,6,10,6,1,1,359.2,0.0,1,0,1,0
1,Full_Day,7,8,0,0,1,413.0,0.0,1,0,0,0
1,Early_Return,13,31,1,0,0,437.0,0.0,1,1,0,0
1,Full_Day,12,42,5,1,0,379.0,0.0,1,0,1,0
1,Overnight,12,59,5,1,0,337.2,0.0,1,0,0,1
0,Full_Day,13,23,0,0,0,485.4906,1.0,1,0,0,0
0,Overnight,6,58,0,0,1,481.0,0.0,1,1,0,0
0,Full_Day,6,6,2,0,1,639.0,1.0,1,0,1,0
0,Full_Day,12,53,2,0,0,515.6666666666666,1.0,1,1,0,0
0,Early_Return,7,0,2,0,1,448.75,1.0,1,0,0,0
1,Overnight,7,47,1,0,1,400.8,1.0,1,1,0,0
1,Full_Day,11,56,2,0,1,519.8,2.0,1,0,0,1
0,Full_Day,13,2,6,1,0,485.4906,2.0,1,0,0,0
0,Early_Return,13,22,5,1,0,374.0,0.0,1,1,0,0
0,Overnight,8,20,5,1,1,251.0,0.0,1,1,0,0
0,Full_Day,7,11,5,1,1,633.3333333333334,1.0,1,0,1,0
0,Full_Day,12,42,0,0,0,574.5,1.0,1,0,0,0
0,Overnight,6,48,6,1,1,558.6,1.0,1,0,0,0
0,Full_Day,6,44,0,0,1,485.4906,2.0,1,0,1,0
0,Early_Return,12,59,1,0,0,446.0,0.0,1,1,0,0
0,Early_Return,8,8,2,0,1,313.0,0.0,0,1,0,0
0,Full_Day,7,0,1,0,1,240.33333333333334,0.0,1,0,1,0
0,Early_Return,12,38,6,1,0,282.75,0.0,1,1,0,0
0,Full_Day,6,39,5,1,1,256.6,0.0,1,1,0,0
0,Full_Day,7,40,0,0,1,253.2,0.0,1,0,0,0
0,Early_Return,7,14,5,1,1,301.6,0.0,1,1,0,0
1,Early_Return,7,29,0,0,1,323.8,0.0,1,0,0,0
0,Early_Return,6,59,6,1,1,485.4906,0.0,1,0,0,0
0,Long_Term,7,40,0,0,1,137.0,0.0,0,1,0,0
0,Early_Return,7,9,2,0,1,1981.5,0.0,1,1,0,0
0,Full_Day,7,18,2,0,1,1342.0,0.0,1,0,1,0
0,Early_Return,13,3,2,0,0,1135.25,0.0,1,1,0,0
0,Early_Return,6,4,4,0,1,922.8,0.0,1,0,0,0
0,Early_Return,12,10,1,0,0,927.2,0.0,1,0,0,0
0,Early_Return,7,14,2,0,1,177.8,0.0,1,0,0,0
1,Early_Return,6,39,4,0,1,190.4,0.0,1,0,0,0
0,Early_Return,7,1,0,0,1,485.4906,0.0,1,0,0,0
0,Long_Term,6,33,5,1,1,76.0,0.0,1,0,0,0
0,Early_Return,6,31,6,1,1,1435.0,0.0,1,0,1,0
0,Full_Day,6,51,5,1,1,1004.3333333333334,0.0,1,0,0,1
0,Full_Day,7,9,1,0,1,845.75,0.0,1,1,0,0
0,Full_Day,7,39,4,0,1,772.4,0.0,1,0,0,0
0,Full_Day,6,54,3,0,1,485.4906,0.0,1,0,0,0
0,Early_Return,6,23,4,0,1,495.0,0.0,1,0,0,0
0,Early_Return,12,40,2,0,0,309.5,0.0,1,1,0,0
0,Full_Day,7,26,5,1,1,258.3333333333333,0.0,1,0,0,0
0,Early_Return,7,9,4,0,1,269.5,0.0,1,0,1,0
0,Early_Return,7,8,4,0,1,245.0,0.0,1,0,1,0
0,Full_Day,7,21,1,0,1,485.4906,0.0,1,0,1,0
0,Overnight,6,24,5,1,1,400.0,0.0,1,1,0,0
0,Full_Day,6,54,5,1,1,485.4906,1.0,1,0,0,0
0,Full_Day,12,1,0,0,0,478.0,0.0,1,0,0,1
0,Full_Day,12,18,4,0,0,508.0,0.0,1,0,0,0
0,Full_Day,6,16,0,0,1,435.6666666666667,0.0,1,1,0,0
0,Full_Day,6,52,0,0,1,403.0,0.0,1,0,0,1
0,Early_Return,12,24,0,0,0,393.4,0.0,1,0,0,0
0,Early_Return,6,7,3,0,1,313.2,0.0,1,0,0,0
0,Full_Day,7,41,3,0,1,227.6,0.0,1,0,0,0
0,Early_Return,7,35,5,1,1,221.8,0.0,1,0,0,0
1,Full_Day,6,23,3,0,1,182.4,0.0,1,0,1,0
0,Full_Day,12,58,0,0,0,485.4906,0.0,1,0,0,0
0,Early_Return,6,36,5,1,1,437.0,0.0,1,1,0,0
0,Early_Return,7,17,1,0,1,255.0,0.0,1,0,0,0
0,Full_Day,6,35,4,0,1,206.33333333333334,0.0,1,0,1,0
0,Early_Return,12,50,6,1,0,249.75,0.0,1,0,1,0
0,Full_Day,7,51,1,0,1,228.8,0.0,1,0,1,0
0,Full_Day,6,9,5,1,1,219.0,0.0,1,0,0,0
0,Full_Day,6,51,1,0,1,272.0,0.0,1,1,0,0
1,Early_Return,13,25,3,0,0,332.8,0.0,1,0,0,1
0,Full_Day,7,7,4,0,1,485.4906,0.0,1,1,0,0
0,Full_Day,6,22,5,1,1,251.0,0.0,1,0,0,1
0,Full_Day,11,34,6,1,1,261.0,0.0,1,0,0,1
0,Full_Day,6,47,6,1,1,272.3333333333333,0.0,1,1,0,0
0,Early_Return,7,57,0,0,1,305.75,0.0,1,1,0,0
0,Full_Day,7,35,0,0,1,264.0,0.0,1,1,0,0
0,Overnight,12,51,3,0,0,273.4,0.0,1,1,0,0
1,Full_Day,6,33,3,0,1,412.8,1.0,1,0,0,0
0,Early_Return,6,58,3,0,1,485.4906,1.0,1,0,0,1
0,Early_Return,6,14,6,1,1,133.0,0.0,1,0,0,0
0,Early_Return,6,30,6,1,1,159.5,0.0,1,1,0,0
0,Early_Return,5,57,4,0,1,143.66666666666666,0.0,1,0,0,1
0,Early_Return,6,39,4,0,1,157.0,0.0,1,1,0,0
0,Early_Return,6,42,2,0,1,165.8,0.0,1,0,0,0
1,Full_Day,12,56,0,0,0,169.0,0.0,1,0,0,0
1,Early_Return,13,1,2,0,0,218.6,0.0,1,0,0,0
0,Full_Day,6,39,0,0,1,485.4906,0.0,1,0,0,0
0,Full_Day,7,12,0,0,1,323.0,0.0,1,0,0,0
0,Early_Return,7,18,1,0,1,356.5,0.0,1,1,0,0
0,Early_Return,12,12,1,0,0,266.3333333333333,0.0,1,0,0,0
0,Full_Day,5,58,3,0,1,226.5,0.0,1,0,1,0
0,Full_Day,7,0,1,0,1,267.4,0.0,1,0,0,0
0,Early_Return,6,16,5,1,1,294.6,0.0,1,0,1,0
1,Early_Return,7,53,0,0,1,229.2,0.0,1,0,0,0
1,Full_Day,6,53,5,1,1,229.4,0.0,1,0,0,0
0,Full_Day,7,4,4,0,1,485.4906,0.0,1,0,0,0
0,Overnight,13,7,5,1,0,303.0,0.0,1,0,0,1
0,Early_Return,12,4,2,0,0,726.0,1.0,1,1,0,0
0,Early_Return,6,17,2,0,1,533.0,1.0,1,0,0,0
0,Full_Day,13,9,2,0,0,431.5,1.0,1,0,1,0
0,Full_Day,13,26,3,0,0,450.6,1.0,1,1,0,0
0,Full_Day,8,26,0,0,1,482.0,1.0,1,0,0,0
1,Full_Day,7,2,6,1,1,334.8,1.0,1,0,1,0
1,Early_Return,6,57,0,0,1,385.6,1.0,1,0,0,1
1,Early_Return,7,3,3,0,1,398.4,1.0,1,1,0,0
1,Overnight,12,54,1,0,0,328.8,1.0,1,0,0,0
0,Full_Day,6,54,2,0,1,485.4906,2.0,1,1,0,0
0,Early_Return,6,45,6,1,1,432.0,0.0,1,0,1,0
0,Full_Day,12,59,0,0,0,287.0,0.0,1,0,0,0
1,Early_Return,6,59,2,0,1,282.3333333333333,0.0,1,0,0,0
0,Early_Return,5,38,1,0,1,485.4906,0.0,1,0,0,0
0,Early_Return,12,2,5,1,0,163.0,0.0,1,0,0,0
0,Early_Return,6,32,4,0,1,143.5,0.0,1,1,0,0
0,Overnight,12,1,6,1,0,147.0,0.0,1,0,0,0
0,Early_Return,6,35,1,0,1,343.25,1.0,1,1,0,0
0,Early_Return,12,34,2,0,0,312.8,1.0,1,0,1,0
0,Early_Return,8,16,1,0,1,320.2,1.0,1,0,0,1
0,Full_Day,7,42,0,0,1,325.4,1.0,1,0,0,0
1,Long_Term,7,37,5,1,1,401.8,1.0,1,0,1,0
0,Early_Return,6,26,0,0,1,485.4906,1.0,1,1,0,0
0,Early_Return,12,50,6,1,0,156.0,0.0,1,0,0,0
0,Overnight,13,17,5,1,0,157.0,0.0,1,1,0,0
0,Full_Day,12,55,6,1,0,414.0,1.0,1,0,0,0
0,Long_Term,7,1,4,0,1,404.25,1.0,1,0,0,1
0,Early_Return,6,53,4,0,1,1164.0,1.0,1,0,0,0
0,Early_Return,7,26,0,0,1,1163.2,1.0,1,1,0,0
1,Early_Return,7,9,2,0,1,1146.2,1.0,1,0,0,0
0,Early_Return,7,3,1,0,1,485.4906,1.0,1,0,1,0
0,Long_Term,6,39,4,0,1,103.0,0.0,1,1,0,0
0,Long_Term,6,7,1,0,1,1946.5,0.0,1,0,0,0
0,Early_Return,7,8,1,0,1,2521.3333333333335,0.0,1,0,0,0
0,Full_Day,7,8,0,0,1,1937.75,0.0,1,0,0,1
0,Full_Day,7,22,2,0,1,1606.6,0.0,1,1,0,0
0,Full_Day,12,46,1,0,0,1688.8,0.0,0,0,0,0
0,Full_Day,12,57,0,0,0,1009.6,0.0,1,0,0,0
0,Full_Day,12,39,5,1,0,325.2,0.0,1,0,1,0
0,Full_Day,6,35,6,1,1,348.6,0.0,1,0,0,0
0,Full_Day,7,9,6,1,1,380.2,0.0,1,0,0,0
0,Full_Day,6,8,4,0,1,343.2,0.0,1,0,0,0
0,Early_Return,12,52,6,1,0,329.4,0.0,1,1,0,0
0,Full_Day,7,7,0,0,1,299.6,0.0,1,0,1,0
1,Full_Day,7,9,2,0,1,329.6,0.0,1,1,0,0
0,Full_Day,7,16,2,0,1,485.4906,0.0,1,1,0,0
0,Early_Return,7,34,2,0,1,471.0,0.0,1,0,0,0
0,Full_Day,6,52,3,0,1,329.5,0.0,1,0,1,0
1,Full_Day,7,9,0,0,1,394.3333333333333,0.0,1,1,0,0
0,Full_Day,7,23,2,0,1,485.4906,0.0,1,1,0,0
0,Early_Return,6,43,3,0,1,373.0,0.0,1,0,1,0
0,Early_Return,13,4,5,1,0,282.5,0.0,1,0,0,1
0,Early_Return,7,14,4,0,1,240.33333333333334,0.0,1,0,0,0
0,Full_Day,7,42,6,1,1,225.25,0.0,1,0,0,1
0,Long_Term,7,44,5,1,1,235.2,0.0,1,1,0,0
0,Full_Day,6,39,4,0,1,485.4906,0.0,1,0,0,0
0,Long_Term,6,33,4,0,1,362.0,0.0,1,0,1,0
0,Full_Day,7,45,1,0,1,2329.5,0.0,1,0,0,0
0,Early_Return,7,26,2,0,1,1696.6666666666667,0.0,1,1,0,0
0,Full_Day,7,5,0,0,1,1294.75,0.0,1,0,1,0
0,Overnight,6,53,6,1,1,1134.6,0.0,1,0,0,0
0,Full_Day,12,32,4,0,0,1341.0,1.0,1,0,0,0
0,Early_Return,13,1,0,0,0,549.4,1.0,1,0,0,1
0,Overnight,6,45,4,0,1,485.4906,1.0,1,0,0,0
0,Early_Return,12,30,0,0,0,1188.0,1.0,1,0,0,0
0,Long_Term,7,23,3,0,1,690.0,1.0,1,1,0,0
0,Full_Day,12,37,0,0,0,1019.3333333333334,1.0,1,0,1,0
0,Full_Day,6,13,6,1,1,837.25,1.0,1,0,1,0
0,Full_Day,13,10,5,1,0,756.8,1.0,1,1,0,0
1,Early_Return,6,26,4,0,1,583.0,1.0,1,1,0,0
0,Early_Return,13,18,3,0,0,485.4906,1.0,1,0,0,0
0,Long_Term,12,13,6,1,0,78.0,0.0,1,0,0,0
0,Full_Day,12,48,2,0,0,1244.5,0.0,1,1,0,0
0,Early_Return,6,30,4,0,1,939.0,0.0,1,0,0,1
1,Early_Return,6,37,2,0,1,743.75,0.0,1,0,0,0
0,Early_Return,12,51,5,1,0,485.4906,0.0,1,0,0,1
0,Early_Return,13,48,1,0,0,87.0,0.0,1,1,0,0
0,Full_Day,7,24,3,0,1,120.5,0.0,1,1,0,0
0,Overnight,6,24,2,0,1,161.33333333333334,0.0,1,0,0,0
0,Early_Return,12,25,4,0,0,430.75,1.0,1,1,0,0
0,Full_Day,7,15,2,0,1,380.2,1.0,1,1,0,0
0,Full_Day,12,29,1,0,0,448.8,1.0,1,0,0,0
0,Early_Return,12,50,4,0,0,485.4906,1.0,1,1,0,0
0,Early_Return,7,0,2,0,1,177.0,0.0,1,0,0,1
0,Full_Day,7,14,2,0,1,177.5,0.0,1,0,1,0
0,Full_Day,6,55,4,0,1,229.0,0.0,1,0,0,1
0,Early_Return,12,59,6,1,0,279.5,0.0,1,1,0,0
0,Full_Day,12,36,2,0,0,485.4906,0.0,1,0,0,0
0,Early_Return,12,11,3,0,0,378.0,0.0,1,1,0,0
0,Full_Day,7,38,2,0,1,261.0,0.0,1,0,0,0
0,Overnight,12,13,1,0,0,264.6666666666667,0.0,1,0,0,0
0,Long_Term,12,57,5,1,0,485.4906,1.0,1,1,0,0
0,Early_Return,7,29,1,0,1,1945.0,0.0,1,0,0,0
0,Full_Day,7,10,5,1,1,1050.0,0.0,1,1,0,0
0,Full_Day,13,3,3,0,0,822.6666666666666,0.0,1,1,0,0
1,Early_Return,6,45,2,0,1,726.0,0.0,1,1,0,0
1,Early_Return,6,39,5,1,1,609.8,0.0,1,0,0,0
0,Early_Return,7,56,2,0,1,485.4906,0.0,1,0,1,0
0,Full_Day,7,53,0,0,1,175.0,0.0,1,0,1,0
0,Overnight,8,5,2,0,1,245.5,0.0,1,1,0,0
0,Overnight,7,8,6,1,1,465.0,1.0,1,1,0,0
0,Early_Return,12,8,3,0,0,708.25,2.0,1,0,1,0
1,Long_Term,6,37,5,1,1,602.6,2.0,1,0,0,0
1,Full_Day,6,34,4,0,1,1118.4,2.0,1,0,0,0
0,Full_Day,7,3,5,1,1,485.4906,2.0,1,1,0,0
0,Full_Day,8,31,3,0,1,362.0,0.0,1,0,1,0
0,Full_Day,13,28,4,0,0,365.0,0.0,1,0,0,0
0,Full_Day,13,15,6,1,0,336.3333333333333,0.0,1,1,0,0
0,Long_Term,7,45,3,0,1,338.5,0.0,0,1,0,0
0,Full_Day,11,48,5,1,1,1107.8,0.0,1,1,0,0
1,Overnight,7,20,6,1,1,1126.8,0.0,1,1,0,0
1,Early_Return,6,54,0,0,1,1298.8,1.0,1,0,0,0
0,Full_Day,7,5,4,0,1,485.4906,1.0,1,1,0,0
0,Long_Term,12,28,4,0,0,512.0,0.0,1,0,0,1
0,Full_Day,13,19,0,0,0,1429.5,0.0,1,0,0,0
0,Full_Day,12,32,6,1,0,1054.6666666666667,0.0,1,1,0,0
0,Early_Return,6,28,1,0,1,887.25,0.0,0,0,1,0
0,Early_Return,7,18,1,0,1,747.8,0.0,1,1,0,0
0,Full_Day,13,5,2,0,0,670.6,0.0,1,0,0,1
0,Full_Day,12,34,4,0,0,252.0,0.0,1,1,0,0
0,Full_Day,7,6,6,1,1,249.2,0.0,1,1,0,0
0,Full_Day,6,52,5,1,1,222.8,0.0,1,0,1,0
0,Full_Day,11,47,1,0,1,290.4,0.0,1,1,0,0
0,Full_Day,7,45,6,1,1,364.8,0.0,1,0,0,0
0,Full_Day,7,12,6,1,1,379.0,0.0,1,0,0,0
0,Full_Day,7,42,6,1,1,399.0,0.0,1,1,0,0
0,Full_Day,7,15,6,1,1,439.4,0.0,1,0,1,0
1,Early_Return,13,1,5,1,0,387.4,0.0,1,0,0,0
1,Early_Return,7,18,6,1,1,317.2,0.0,1,0,0,0
1,Early_Return,7,49,5,1,1,287.4,0.0,1,1,0,0
0,Full_Day,12,35,6,1,0,485.4906,0.0,1,1,0,0
0,Early_Return,13,2,1,0,0,244.0,0.0,1,0,0,1
0,Long_Term,13,8,5,1,0,218.5,0.0,1,1,0,0
0,Overnight,7,1,1,0,1,752.6666666666666,0.0,1,0,0,0
0,Full_Day,6,33,4,0,1,771.75,1.0,1,0,0,0
1,Early_Return,7,2,3,0,1,668.6,1.0,1,1,0,0
0,Early_Return,5,59,4,0,1,485.4906,1.0,1,1,0,0
0,Full_Day,12,47,3,0,0,116.0,0.0,1,0,0,1
0,Long_Term,12,47,4,0,0,178.5,0.0,1,0,0,0
0,Early_Return,12,1,5,1,0,1482.0,0.0,1,1,0,0
0,Full_Day,12,40,5,1,0,1158.25,0.0,1,0,0,0
1,Early_Return,6,6,2,0,1,1007.6,0.0,1,0,0,1
1,Full_Day,7,38,4,0,1,1025.4,0.0,1,0,1,0
0,Overnight,7,0,5,1,1,485.4906,0.0,1,0,0,1
0,Early_Return,13,2,1,0,0,925.0,1.0,1,0,1,0
0,Early_Return,7,21,4,0,1,527.0,1.0,1,0,0,0
0,Full_Day,12,25,0,0,0,386.3333333333333,1.0,1,0,0,1
0,Early_Return,5,57,4,0,1,402.0,1.0,1,0,0,1
0,Early_Return,6,24,4,0,1,485.4906,1.0,1,0,1,0
0,Early_Return,12,58,5,1,0,115.0,0.0,1,1,0,0
0,Early_Return,6,41,0,0,1,146.5,0.0,1,0,0,0
0,Full_Day,12,42,2,0,0,158.33333333333334,0.0,1,0,0,0
0,Early_Return,7,28,1,0,1,250.0,0.0,1,1,0,0
0,Early_Return,13,1,1,0,0,212.8,0.0,1,0,1,0
0,Full_Day,12,59,0,0,0,228.8,0.0,1,0,1,0
0,Long_Term,12,42,3,0,0,274.4,0.0,1,1,0,0
0,Full_Day,7,2,1,0,1,799.6,0.0,1,1,0,0
0,Early_Return,12,7,4,0,0,794.2,0.0,1,1,0,0
0,Full_Day,12,42,2,0,0,485.4906,0.0,1,1,0,0
0,Full_Day,7,36,5,1,1,334.0,0.0,1,0,0,0
0,Early_Return,7,41,5,1,1,396.5,0.0,1,0,0,0
0,Overnight,13,5,3,0,0,304.3333333333333,0.0,1,0,0,0
0,Overnight,13,16,3,0,0,512.75,1.0,1,0,1,0
0,Full_Day,7,25,2,0,1,587.6,2.0,1,0,0,1
0,Full_Day,13,34,5,1,0,570.4,2.0,1,0,0,0
0,Early_Return,7,4,4,0,1,558.6,2.0,1,1,0,0
0,Long_Term,6,18,5,1,1,554.2,2.0,1,1,0,0
1,Full_Day,7,4,1,0,1,728.6,2.0,1,0,0,0
1,Early_Return,6,59,4,0,1,639.8,2.0,1,0,0,1
0,Full_Day,7,2,1,0,1,485.4906,2.0,1,0,1,0
0,Early_Return,11,48,0,0,1,529.0,0.0,1,0,0,0
0,Overnight,6,29,1,0,1,365.5,0.0,1,0,0,0
0,Full_Day,6,36,3,0,1,636.3333333333334,1.0,1,0,1,0
0,Full_Day,12,8,5,1,0,586.0,1.0,1,0,0,0
0,Long_Term,6,37,3,0,1,546.6,1.0,1,0,0,0
0,Early_Return,6,49,0,0,1,1187.6,1.0,1,1,0,0
0,Full_Day,6,33,2,0,1,1159.2,1.0,1,0,0,0
0,Overnight,13,20,1,0,0,1005.6,1.0,1,1,0,0
0,Early_Return,12,9,6,1,0,1067.6,2.0,1,0,0,0
1,Full_Day,12,12,1,0,0,1012.0,2.0,1,0,0,0
0,Early_Return,7,9,3,0,1,485.4906,2.0,1,0,0,0
0,Full_Day,6,23,6,1,1,92.0,0.0,1,1,0,0
0,Full_Day,12,51,5,1,0,236.5,0.0,1,0,0,1
0,Early_Return,7,15,3,0,1,248.33333333333334,0.0,1,0,0,0
0,Early_Return,7,24,2,0,1,206.75,0.0,1,0,0,0
1,Early_Return,7,3,1,0,1,177.6,0.0,1,0,1,0
1,Full_Day,7,36,1,0,1,178.6,0.0,1,0,1,0
1,Early_Return,12,48,4,0,0,195.2,0.0,1,0,0,1
0,Early_Return,13,8,0,0,0,485.4906,0.0,1,0,0,0
0,Full_Day,6,23,6,1,1,176.0,0.0,0,0,0,0
0,Full_Day,12,51,6,1,0,224.0,0.0,1,1,0,0
0,Early_Return,6,14,3,0,1,485.4906,0.0,1,1,0,0
0,Early_Return,7,13,2,0,1,64.0,0.0,0,0,0,0
0,Full_Day,7,10,2,0,1,107.5,0.0,1,1,0,0
0,Long_Term,6,53,5,1,1,176.66666666666666,0.0,1,1,0,0
0,Overnight,12,32,0,0,0,792.5,0.0,1,1,0,0
0,Early_Return,12,35,0,0,0,858.2,1.0,1,1,0,0
0,Early_Return,6,25,3,0,1,882.0,1.0,1,0,0,0
0,Full_Day,6,44,4,0,1,881.4,1.0,1,0,0,0
0,Early_Return,6,21,3,0,1,873.0,1.0,1,1,0,0
0,Long_Term,6,45,2,0,1,364.2,1.0,1,0,1,0
0,Early_Return,8,50,2,0,1,811.0,1.0,1,0,0,0
0,Overnight,12,40,6,1,0,807.4,1.0,1,0,1,0
1,Full_Day,7,12,6,1,1,924.8,2.0,1,0,0,0
1,Full_Day,12,59,2,0,0,950.4,2.0,1,0,0,0
0,Early_Return,12,4,4,0,0,485.4906,2.0,1,1,0,0
0,Full_Day,13,7,3,0,0,154.0,0.0,1,0,0,0
0,Early_Return,6,44,6,1,1,207.5,0.0,1,0,0,0
0,Early_Return,6,59,6,1,1,189.0,0.0,1,0,0,0
0,Full_Day,7,8,6,1,1,182.25,0.0,1,0,1,0
0,Full_Day,13,6,0,0,0,216.4,0.0,1,1,0,0
0,Full_Day,7,26,6,1,1,240.0,0.0,1,0,1,0
0,Full_Day,13,31,3,0,0,293.4,0.0,1,0,0,0
0,Early_Return,6,50,1,0,1,319.2,0.0,1,0,0,0
1,Full_Day,7,3,2,0,1,325.8,0.0,1,0,0,0
1,Early_Return,6,28,5,1,1,362.2,0.0,1,0,0,0
0,Early_Return,6,57,6,1,1,485.4906,0.0,1,1,0,0
0,Overnight,6,51,1,0,1,176.0,0.0,1,0,1,0
0,Early_Return,7,7,5,1,1,461.0,1.0,1,0,0,0
0,Full_Day,7,50,4,0,1,360.6666666666667,1.0,1,1,0,0
1,Early_Return,12,20,5,1,0,391.25,1.0,1,0,0,0
0,Early_Return,8,13,5,1,1,485.4906,1.0,1,0,0,1
0,Full_Day,7,11,4,0,1,178.0,0.0,1,0,1,0
0,Full_Day,7,21,3,0,1,318.0,0.0,1,0,0,0
0,Early_Return,12,3,3,0,0,316.3333333333333,0.0,1,0,1,0
0,Full_Day,12,57,1,0,0,261.5,0.0,1,0,0,0
0,Full_Day,13,12,5,1,0,276.6,0.0,1,0,0,0
1,Early_Return,11,54,5,1,1,320.2,0.0,1,0,0,0
0,Long_Term,13,9,2,0,0,485.4906,0.0,1,0,0,0
0,Full_Day,6,51,2,0,1,2045.0,0.0,1,0,0,0
0,Early_Return,7,43,6,1,1,1276.0,0.0,1,0,0,0
0,Early_Return,11,26,5,1,1,911.0,0.0,1,0,1,0
1,Early_Return,7,17,6,1,1,702.75,0.0,1,0,0,0
1,Full_Day,7,5,0,0,1,590.0,0.0,1,1,0,0
0,Full_Day,6,24,6,1,1,485.4906,0.0,1,0,1,0
0,Early_Return,7,1,4,0,1,375.0,0.0,1,0,1,0
0,Full_Day,7,22,3,0,1,261.0,0.0,1,0,0,0
0,Early_Return,7,6,4,0,1,333.0,0.0,1,1,0,0
0,Early_Return,12,58,5,1,0,286.75,0.0,1,0,1,0
0,Early_Return,6,55,0,0,1,244.6,0.0,0,0,0,0
1,Full_Day,12,33,4,0,0,198.6,0.0,1,0,0,0
0,Early_Return,13,0,0,0,0,485.4906,0.0,1,0,1,0
0,Early_Return,13,30,2,0,0,65.0,0.0,1,1,0,0
0,Early_Return,7,21,4,0,1,102.0,0.0,1,0,0,1
0,Early_Return,7,13,3,0,1,119.66666666666667,0.0,1,0,0,0
0,Full_Day,7,23,3,0,1,117.0,0.0,1,0,0,0
0,Early_Return,7,21,1,0,1,188.6,0.0,1,0,1,0
1,Early_Return,6,43,5,1,1,188.8,0.0,1,1,0,0
1,Early_Return,6,41,2,0,1,185.8,0.0,1,1,0,0
0,Full_Day,12,37,5,1,0,485.4906,0.0,1,0,0,0
0,Full_Day,6,26,2,0,1,503.0,0.0,1,0,1,0
0,Full_Day,6,26,5,1,1,468.5,0.0,1,0,0,0
0,Full_Day,13,30,6,1,0,465.3333333333333,0.0,1,0,0,0
0,Full_Day,12,4,3,0,0,479.5,0.0,1,0,0,0
0,Long_Term,12,48,1,0,0,461.2,0.0,1,0,0,1
0,Full_Day,6,41,4,0,1,1171.8,0.0,1,0,0,1
1,Early_Return,13,22,6,1,0,1184.2,0.0,1,0,1,0
1,Full_Day,12,27,1,0,0,1115.8,0.0,1,0,0,0
0,Long_Term,6,18,2,0,1,485.4906,0.0,1,0,0,0
0,Full_Day,12,27,5,1,0,2782.0,0.0,1,0,1,0
0,Full_Day,13,0,5,1,0,1515.5,0.0,1,0,0,0
0,Full_Day,7,56,1,0,1,1144.3333333333333,0.0,1,0,1,0
0,Overnight,6,32,4,0,1,980.25,0.0,1,0,0,0
0,Full_Day,12,45,3,0,0,1066.4,1.0,1,0,0,0
0,Early_Return,12,55,0,0,0,485.4906,1.0,1,0,0,0
0,Overnight,12,52,6,1,0,189.0,0.0,1,1,0,0
0,Early_Return,7,43,4,0,1,624.0,1.0,1,1,0,0
0,Early_Return,7,5,6,1,1,457.3333333333333,1.0,0,0,0,0
0,Full_Day,12,22,3,0,0,366.5,1.0,1,0,0,0
0,Early_Return,12,15,0,0,0,392.8,1.0,1,0,0,0
0,Full_Day,6,41,0,0,1,369.4,1.0,1,0,0,0
0,Early_Return,12,42,5,1,0,230.0,1.0,1,0,0,0
1,Early_Return,7,10,3,0,1,239.4,1.0,1,0,1,0
1,Full_Day,12,55,3,0,0,261.2,1.0,1,1,0,0
1,Early_Return,12,17,2,0,0,266.0,1.0,1,0,1,0
1,Early_Return,13,47,3,0,0,268.6,1.0,1,0,0,1
0,Full_Day,7,12,0,0,1,485.4906,1.0,1,1,0,0
0,Full_Day,6,48,5,1,1,245.0,0.0,1,0,0,0
0,Full_Day,7,11,0,0,1,256.5,0.0,1,0,0,1
0,Early_Return,6,23,1,0,1,310.6666666666667,0.0,1,0,0,0
0,Full_Day,7,25,3,0,1,268.5,0.0,1,0,1,0
0,Early_Return,6,35,5,1,1,315.6,0.0,1,1,0,0
1,Full_Day,7,7,1,0,1,303.4,0.0,1,1,0,0
0,Full_Day,6,54,2,0,1,485.4906,0.0,1,1,0,0
0,Long_Term,7,9,2,0,1,490.0,0.0,1,1,0,0
0,Full_Day,12,40,3,0,0,1913.0,0.0,1,0,1,0
0,Full_Day,6,49,0,0,1,1441.0,0.0,1,0,0,0
0,Full_Day,7,34,5,1,1,1207.75,0.0,1,0,0,0
0,Full_Day,12,58,4,0,0,1051.8,0.0,1,1,0,0
0,Full_Day,6,55,1,0,1,485.4906,0.0,1,0,1,0
0,Full_Day,7,14,2,0,1,447.0,0.0,1,0,1,0
0,Full_Day,7,52,0,0,1,453.5,0.0,1,0,0,0
0,Full_Day,6,29,4,0,1,382.6666666666667,0.0,1,1,0,0
0,Early_Return,12,16,2,0,0,358.25,0.0,1,1,0,0
0,Full_Day,6,46,1,0,1,302.0,0.0,0,0,0,0
0,Early_Return,6,51,4,0,1,318.8,0.0,1,0,0,0
0,Full_Day,7,23,6,1,1,268.4,0.0,1,1,0,0
0,Early_Return,13,9,3,0,0,276.8,0.0,1,1,0,0
0,Full_Day,6,28,6,1,1,245.4,0.0,1,0,0,1
0,Full_Day,12,48,6,1,0,327.4,0.0,1,0,0,0
1,Early_Return,6,41,0,0,1,271.0,0.0,1,1,0,0
1,Early_Return,7,18,3,0,1,267.2,0.0,1,1,0,0
1,Early_Return,6,23,3,0,1,233.4,0.0,1,1,0,0
0,Full_Day,6,59,6,1,1,485.4906,0.0,1,0,1,0
0,Full_Day,12,32,1,0,0,417.0,0.0,1,0,1,0
0,Full_Day,6,37,1,0,1,379.5,0.0,1,1,0,0
0,Full_Day,13,1,2,0,0,485.4906,0.0,1,0,1,0
0,Early_Return,6,55,6,1,1,278.0,0.0,1,1,0,0
0,Full_Day,13,18,2,0,0,234.0,0.0,1,0,0,0
0,Full_Day,7,17,5,1,1,275.6666666666667,0.0,1,1,0,0
0,Full_Day,7,11,4,0,1,279.5,0.0,1,0,1,0
1,Long_Term,6,40,2,0,1,294.4,0.0,1,0,0,0
0,Early_Return,6,57,1,0,1,485.4906,0.0,1,0,1,0
0,Full_Day,7,18,0,0,1,181.0,0.0,1,0,0,1
0,Early_Return,6,50,4,0,1,228.5,0.0,1,0,0,0
0,Early_Return,7,33,2,0,1,194.33333333333334,0.0,1,0,1,0
0,Full_Day,7,7,1,0,1,171.5,0.0,1,1,0,0
1,Full_Day,6,19,4,0,1,226.6,0.0,1,0,0,0
0,Full_Day,6,41,5,1,1,485.4906,0.0,1,0,0,0
0,Full_Day,7,8,1,0,1,348.0,0.0,1,0,0,0
0,Full_Day,13,5,4,0,0,355.0,0.0,1,1,0,0
0,Early_Return,7,2,3,0,1,379.3333333333333,0.0,1,1,0,0
0,Early_Return,7,13,3,0,1,329.5,0.0,1,0,0,0
1,Overnight,7,48,2,0,1,277.2,0.0,0,0,0,0
1,Full_Day,13,8,0,0,0,444.4,1.0,1,1,0,0
0,Early_Return,7,28,0,0,1,485.4906,1.0,1,0,1,0
0,Early_Return,7,20,3,0,1,175.0,0.0,1,0,1,0
0,Full_Day,11,54,1,0,1,145.0,0.0,1,1,0,0
0,Overnight,6,17,3,0,1,182.33333333333334,0.0,1,1,0,0
0,Early_Return,6,36,1,0,1,431.5,1.0,1,1,0,0
0,Full_Day,6,39,6,1,1,386.2,1.0,1,1,0,0
0,Early_Return,12,30,4,0,0,445.6,1.0,1,0,0,0
0,Full_Day,6,7,5,1,1,458.2,1.0,1,0,0,0
0,Full_Day,6,38,1,0,1,485.4906,1.0,1,0,0,0
0,Long_Term,7,43,1,0,1,420.0,0.0,1,0,0,0
0,Early_Return,12,49,2,0,0,1151.0,0.0,1,0,0,0
0,Full_Day,13,21,2,0,0,813.6666666666666,0.0,1,0,0,0
0,Full_Day,6,37,1,0,1,732.25,0.0,1,0,1,0
1,Full_Day,7,24,1,0,1,641.0,0.0,1,0,0,0
0,Early_Return,7,5,4,0,1,485.4906,0.0,1,1,0,0
0,Long_Term,12,39,5,1,0,71.0,0.0,1,1,0,0
0,Early_Return,7,35,2,0,1,1614.5,0.0,1,1,0,0
0,Long_Term,7,5,3,0,1,1107.0,0.0,1,1,0,0
0,Early_Return,12,44,3,0,0,1416.25,0.0,1,1,0,0
0,Early_Return,6,52,1,0,1,1159.0,0.0,1,1,0,0
0,Early_Return,6,40,2,0,1,1179.2,0.0,1,1,0,0
0,Early_Return,7,14,3,0,1,576.0,0.0,1,0,0,1
0,Early_Return,7,22,3,0,1,485.4906,0.0,1,1,0,0
0,Early_Return,12,49,1,0,0,68.0,0.0,1,0,0,0
0,Full_Day,6,29,1,0,1,76.5,0.0,1,1,0,0
0,Early_Return,13,16,3,0,0,196.0,0.0,1,0,0,0
0,Early_Return,13,16,5,1,0,197.75,0.0,1,1,0,0
0,Full_Day,7,9,6,1,1,193.2,0.0,1,0,0,0
0,Full_Day,7,16,5,1,1,246.4,0.0,1,0,0,0
1,Early_Return,13,2,3,0,0,318.0,0.0,1,1,0,0
0,Overnight,13,7,5,1,0,485.4906,0.0,1,0,0,0
0,Full_Day,6,22,0,0,1,839.0,1.0,1,1,0,0
0,Full_Day,6,47,4,0,1,657.5,1.0,1,0,1,0
0,Full_Day,12,39,3,0,0,522.6666666666666,1.0,1,0,0,1
0,Full_Day,12,29,5,1,0,457.25,1.0,1,0,0,0
0,Overnight,13,18,2,0,0,458.0,1.0,1,1,0,0
0,Full_Day,6,4,5,1,1,571.0,2.0,1,1,0,0
0,Full_Day,7,30,4,0,1,526.4,2.0,1,0,1,0
0,Full_Day,7,41,0,0,1,485.4906,2.0,0,0,0,0
0,Full_Day,6,27,1,0,1,443.0,0.0,1,0,0,0
0,Full_Day,7,29,3,0,1,369.0,0.0,1,0,1,0
0,Early_Return,13,2,5,1,0,343.3333333333333,0.0,1,1,0,0
0,Overnight,5,54,4,0,1,290.75,0.0,1,0,1,0
0,Full_Day,7,37,0,0,1,432.4,1.0,1,0,0,0
0,Early_Return,7,15,2,0,1,402.2,1.0,1,0,0,0
0,Full_Day,12,13,4,0,0,372.6,1.0,1,0,0,1
0,Long_Term,7,15,5,1,1,367.6,1.0,1,0,0,0
0,Early_Return,6,31,1,0,1,1142.4,1.0,1,0,1,0
0,Full_Day,7,13,5,1,1,975.6,1.0,1,0,1,0
0,Full_Day,8,12,5,1,1,1020.4,1.0,1,0,0,0
0,Full_Day,6,44,3,0,1,1041.8,1.0,1,1,0,0
0,Full_Day,6,31,1,0,1,1044.6,1.0,1,1,0,0
0,Long_Term,7,28,6,1,1,327.6,1.0,1,0,0,0
1,Full_Day,14,2,6,1,0,935.6,1.0,1,0,0,0
1,Full_Day,13,10,1,0,0,923.6,1.0,1,0,0,0
1,Early_Return,12,12,0,0,0,939.2,1.0,1,0,0,0
0,Full_Day,7,5,4,0,1,485.4906,1.0,1,0,0,1
0,Long_Term,12,44,0,0,0,359.0,0.0,1,1,0,0
0,Full_Day,12,56,6,1,0,1833.5,0.0,1,1,0,0
0,Early_Return,6,54,4,0,1,1384.6666666666667,0.0,1,0,0,0
0,Full_Day,6,55,6,1,1,1056.0,0.0,1,0,1,0
0,Overnight,6,53,1,0,1,485.4906,0.0,1,0,0,0
0,Full_Day,7,33,3,0,1,1075.0,1.0,1,0,1,0
0,Full_Day,13,28,3,0,0,667.0,1.0,1,1,0,0
0,Overnight,12,8,5,1,0,553.3333333333334,1.0,1,0,1,0
0,Early_Return,7,41,5,1,1,600.25,2.0,1,0,1,0
0,Full_Day,7,6,4,0,1,485.4906,2.0,1,0,0,0
0,Full_Day,7,29,0,0,1,303.0,0.0,1,0,0,1
0,Early_Return,7,11,1,0,1,380.5,0.0,1,0,0,1
0,Early_Return,12,13,1,0,0,316.0,0.0,1,0,0,0
0,Overnight,6,15,2,0,1,277.25,0.0,1,0,1,0
0,Early_Return,12,30,2,0,0,426.0,1.0,1,1,0,0
0,Early_Return,6,8,6,1,1,379.2,1.0,1,1,0,0
0,Early_Return,13,9,5,1,0,324.2,1.0,1,0,0,1
0,Overnight,7,6,5,1,1,485.4906,1.0,1,1,0,0
0,Long_Term,12,30,2,0,0,1286.0,1.0,1,0,0,0
0,Full_Day,6,3,5,1,1,1373.5,1.0,1,0,0,1
0,Long_Term,6,31,2,0,1,1045.6666666666667,1.0,1,1,0,0
0,Full_Day,6,51,3,0,1,1574.5,1.0,1,0,0,0
0,Early_Return,12,1,4,0,0,485.4906,1.0,1,1,0,0
0,Overnight,6,44,3,0,1,196.0,0.0,1,0,0,0
0,Full_Day,7,39,1,0,1,616.0,1.0,1,0,0,0
1,Full_Day,6,53,1,0,1,554.6666666666666,1.0,1,1,0,0
1,Full_Day,13,4,5,1,0,542.0,1.0,1,1,0,0
1,Full_Day,7,44,5,1,1,507.2,1.0,1,0,1,0
0,Full_Day,12,16,0,0,0,485.4906,1.0,1,1,0,0
0,Full_Day,13,27,3,0,0,466.0,0.0,1,1,0,0
0,Full_Day,7,13,4,0,1,440.0,0.0,1,0,0,1
0,Early_Return,7,22,6,1,1,451.6666666666667,0.0,1,0,1,0
0,Full_Day,12,4,5,1,0,364.0,0.0,1,0,0,0
0,Full_Day,11,42,5,1,1,485.4906,0.0,1,0,1,0
0,Overnight,7,4,2,0,1,254.0,0.0,1,0,0,0
0,Overnight,7,15,0,0,1,674.5,1.0,1,1,0,0
0,Long_Term,6,45,2,0,1,921.0,2.0,1,1,0,0
0,Full_Day,7,22,3,0,1,1158.75,2.0,1,0,0,1
0,Early_Return,12,4,1,0,0,993.6,2.0,1,0,0,0
0,Full_Day,6,30,1,0,1,958.4,2.0,1,1,0,0
1,Full_Day,6,58,6,1,1,806.8,2.0,1,0,0,0
1,Full_Day,13,6,5,1,0,584.8,2.0,1,1,0,0
0,Early_Return,12,29,4,0,0,485.4906,2.0,1,0,1,0
0,Full_Day,12,35,4,0,0,80.0,0.0,1,0,0,0
0,Early_Return,6,44,6,1,1,241.5,0.0,1,0,1,0
0,Full_Day,6,38,2,0,1,199.66666666666666,0.0,1,0,1,0
0,Full_Day,12,34,1,0,0,211.5,0.0,1,1,0,0
0,Full_Day,7,6,6,1,1,252.6,0.0,1,0,0,0
0,Full_Day,13,37,3,0,0,339.6,0.0,1,0,0,0
1,Overnight,12,35,1,0,0,310.2,0.0,1,0,0,1
1,Early_Return,6,41,5,1,1,525.8,1.0,1,1,0,0
0,Full_Day,6,55,4,0,1,485.4906,1.0,1,0,0,1
0,Early_Return,6,35,5,1,1,306.0,0.0,1,0,0,0
0,Early_Return,7,9,5,1,1,241.5,0.0,1,1,0,0
1,Full_Day,7,17,5,1,1,229.33333333333334,0.0,1,1,0,0
0,Full_Day,6,17,4,0,1,485.4906,0.0,1,0,0,0
0,Early_Return,12,16,2,0,0,364.0,0.0,1,1,0,0
0,Early_Return,12,41,5,1,0,221.5,0.0,1,0,1,0
0,Full_Day,7,0,6,1,1,185.33333333333334,0.0,1,1,0,0
0,Full_Day,7,12,3,0,1,207.75,0.0,1,0,0,0
0,Full_Day,7,15,4,0,1,230.0,0.0,1,0,1,0
1,Full_Day,11,37,0,0,1,264.8,0.0,1,1,0,0
0,Early_Return,13,7,4,0,0,485.4906,0.0,1,0,1,0
0,Early_Return,7,25,6,1,1,90.0,0.0,1,0,0,0
0,Full_Day,6,13,2,0,1,143.0,0.0,1,0,0,1
0,Full_Day,13,4,0,0,0,262.3333333333333,0.0,1,0,1,0
0,Early_Return,6,46,0,0,1,276.75,0.0,1,0,0,0
0,Full_Day,13,4,4,0,0,244.6,0.0,1,0,1,0
0,Full_Day,6,53,0,0,1,288.4,0.0,0,1,0,0
0,Full_Day,12,20,3,0,0,319.2,0.0,1,0,1,0
0,Full_Day,5,58,5,1,1,296.0,0.0,1,0,0,0
0,Early_Return,13,6,4,0,0,324.6,0.0,1,0,1,0
0,Full_Day,6,17,2,0,1,339.8,0.0,1,0,0,1
1,Overnight,6,25,1,0,1,364.6,0.0,1,0,0,0
1,Early_Return,7,58,3,0,1,505.4,1.0,1,0,0,1
0,Full_Day,7,26,2,0,1,485.4906,1.0,1,0,1,0
0,Full_Day,7,31,2,0,1,526.0,0.0,1,1,0,0
0,Full_Day,13,19,6,1,0,440.5,0.0,1,0,0,0
0,Full_Day,12,37,2,0,0,424.3333333333333,0.0,1,0,0,0
0,Full_Day,13,40,4,0,0,392.5,0.0,1,0,0,0
0,Full_Day,5,51,3,0,1,393.2,0.0,1,0,1,0
0,Full_Day,11,41,3,0,1,342.8,0.0,1,0,1,0
0,Early_Return,6,29,2,0,1,337.2,0.0,1,1,0,0
0,Full_Day,11,37,5,1,1,277.8,0.0,1,0,0,1
1,Full_Day,13,47,4,0,0,316.0,0.0,1,0,0,0
1,Early_Return,6,41,0,0,1,330.4,0.0,1,1,0,0
0,Full_Day,7,10,0,0,1,485.4906,0.0,1,0,0,0
0,Early_Return,12,25,2,0,0,442.0,0.0,0,1,0,0
0,Full_Day,7,7,2,0,1,293.5,0.0,1,1,0,0
0,Full_Day,7,39,2,0,1,341.0,0.0,1,0,1,0
0,Full_Day,12,16,5,1,0,333.25,0.0,1,0,0,0
1,Full_Day,7,17,6,1,1,318.8,0.0,1,0,1,0
1,Early_Return,8,55,6,1,1,335.4,0.0,1,1,0,0
0,Full_Day,12,6,2,0,0,485.4906,0.0,1,0,0,0
0,Early_Return,7,33,5,1,1,299.0,0.0,1,0,0,0
0,Early_Return,7,11,3,0,1,219.0,0.0,1,0,1,0
1,Full_Day,7,13,2,0,1,176.33333333333334,0.0,1,0,1,0
0,Long_Term,7,4,4,0,1,485.4906,0.0,1,1,0,0
0,Early_Return,12,48,3,0,0,1858.0,0.0,1,0,1,0
0,Full_Day,12,49,2,0,0,1017.0,0.0,1,0,0,1
0,Early_Return,6,34,0,0,1,797.3333333333334,0.0,1,1,0,0
0,Full_Day,6,35,3,0,1,485.4906,0.0,0,0,0,0
0,Full_Day,7,52,6,1,1,481.0,0.0,1,0,1,0
0,Early_Return,6,37,5,1,1,488.5,0.0,1,0,0,0
0,Full_Day,12,14,4,0,0,386.6666666666667,0.0,1,0,1,0
0,Full_Day,6,57,6,1,1,372.5,0.0,1,1,0,0
0,Early_Return,13,21,3,0,0,485.4906,0.0,1,1,0,0
0,Full_Day,6,8,3,0,1,129.0,0.0,0,0,0,0
0,Full_Day,12,2,0,0,0,277.5,0.0,1,0,1,0
0,Early_Return,7,7,1,0,1,318.0,0.0,1,0,0,0
0,Early_Return,6,42,2,0,1,288.75,0.0,1,0,0,0
0,Overnight,6,50,1,0,1,254.4,0.0,1,0,0,0
0,Full_Day,5,54,1,0,1,498.0,1.0,1,1,0,0
0,Early_Return,8,16,3,0,1,516.2,1.0,1,1,0,0
0,Full_Day,6,9,4,0,1,461.4,1.0,1,0,1,0
0,Full_Day,7,57,2,0,1,528.4,1.0,1,0,0,0
1,Full_Day,12,24,3,0,0,563.8,1.0,1,0,0,1
0,Early_Return,12,53,4,0,0,485.4906,1.0,1,1,0,0
0,Early_Return,6,54,4,0,1,128.0,0.0,1,0,0,0
0,Early_Return,7,5,5,1,1,142.0,0.0,0,0,0,1
0,Full_Day,13,30,0,0,0,152.33333333333334,0.0,1,0,0,0
0,Full_Day,7,13,2,0,1,181.0,0.0,1,0,0,0
0,Full_Day,7,2,6,1,1,239.8,0.0,1,1,0,0
0,Early_Return,7,9,1,0,1,282.0,0.0,1,1,0,0
1,Full_Day,7,55,5,1,1,285.4,0.0,1,1,0,0
0,Full_Day,6,59,6,1,1,485.4906,0.0,1,0,0,0
0,Early_Return,6,54,2,0,1,402.0,0.0,1,1,0,0
0,Early_Return,6,46,6,1,1,265.5,0.0,1,1,0,0
0,Full_Day,6,54,1,0,1,226.0,0.0,1,0,0,1
0,Early_Return,6,52,1,0,1,263.5,0.0,1,1,0,0
0,Early_Return,12,11,6,1,0,234.8,0.0,1,0,1,0
0,Full_Day,13,24,3,0,0,180.8,0.0,1,0,0,0
0,Overnight,6,40,6,1,1,227.8,0.0,1,1,0,0
1,Early_Return,13,7,1,0,0,413.8,1.0,1,0,0,0
1,Early_Return,7,13,2,0,1,368.8,1.0,1,0,0,0
0,Early_Return,6,43,3,0,1,485.4906,1.0,1,0,0,0
0,Full_Day,13,10,5,1,0,181.0,0.0,1,0,1,0
0,Early_Return,7,32,5,1,1,281.0,0.0,1,0,0,0
0,Early_Return,7,17,5,1,1,243.33333333333334,0.0,1,1,0,0
0,Full_Day,6,58,3,0,1,485.4906,0.0,1,0,0,1
0,Long_Term,7,20,2,0,1,406.0,0.0,1,0,0,0
0,Overnight,6,41,4,0,1,1349.5,0.0,1,0,0,0
0,Full_Day,12,29,1,0,0,1291.0,1.0,1,0,0,0
1,Full_Day,6,46,3,0,1,1037.0,1.0,1,0,1,0
0,Full_Day,7,35,1,0,1,485.4906,1.0,1,1,0,0
0,Full_Day,7,0,0,0,1,255.0,0.0,1,0,0,0
0,Full_Day,7,18,6,1,1,299.5,0.0,1,0,0,0
0,Overnight,11,55,2,0,1,311.0,0.0,1,1,0,0
0,Full_Day,12,33,4,0,0,421.75,1.0,1,0,0,0
0,Full_Day,13,10,5,1,0,429.8,1.0,1,1,0,0
1,Full_Day,7,23,4,0,1,437.8,1.0,1,0,0,0
0,Full_Day,6,20,0,0,1,485.4906,1.0,1,1,0,0
0,Full_Day,8,2,5,1,1,304.0,0.0,1,1,0,0
0,Overnight,7,18,1,0,1,417.5,0.0,1,1,0,0
0,Full_Day,13,13,2,0,0,698.3333333333334,1.0,1,0,1,0
1,Full_Day,6,58,6,1,1,639.5,1.0,1,0,1,0
1,Full_Day,6,54,3,0,1,596.4,1.0,1,0,0,1
1,Full_Day,6,31,3,0,1,605.4,1.0,1,0,0,1
0,Early_Return,7,5,0,0,1,485.4906,1.0,1,0,0,0
0,Early_Return,12,11,6,1,0,163.0,0.0,1,0,1,0
0,Full_Day,7,30,4,0,1,142.5,0.0,1,0,0,0
0,Full_Day,7,8,1,0,1,485.4906,0.0,1,0,0,0
0,Full_Day,12,32,5,1,0,407.0,0.0,1,0,0,0
0,Full_Day,7,19,3,0,1,431.0,0.0,1,0,0,0
0,Full_Day,12,45,3,0,0,425.6666666666667,0.0,1,0,0,1
0,Early_Return,12,48,0,0,0,440.5,0.0,1,1,0,0
0,Full_Day,6,50,6,1,1,375.6,0.0,1,0,1,0
0,Full_Day,6,14,6,1,1,485.4906,0.0,1,0,1,0
0,Full_Day,12,37,0,0,0,379.0,0.0,1,0,0,0
0,Full_Day,7,30,4,0,1,353.5,0.0,1,0,0,1
0,Overnight,11,49,4,0,1,323.6666666666667,0.0,1,0,0,0
0,Early_Return,8,10,2,0,1,545.75,1.0,1,1,0,0
0,Overnight,7,12,1,0,1,470.8,1.0,1,0,0,0
0,Early_Return,5,43,4,0,1,635.2,2.0,1,1,0,0
0,Full_Day,7,9,4,0,1,485.4906,2.0,1,0,0,0
0,Full_Day,7,38,2,0,1,496.0,0.0,1,0,1,0
0,Full_Day,7,0,2,0,1,371.0,0.0,1,1,0,0
0,Full_Day,5,50,5,1,1,353.0,0.0,1,1,0,0
1,Early_Return,11,30,5,1,1,378.75,0.0,1,0,1,0
0,Overnight,6,45,1,0,1,485.4906,0.0,1,0,0,1
0,Early_Return,7,9,4,0,1,1162.0,1.0,1,1,0,0
0,Full_Day,6,15,5,1,1,661.5,1.0,1,0,1,0
0,Early_Return,13,8,2,0,0,530.3333333333334,1.0,1,1,0,0
0,Early_Return,6,27,4,0,1,443.25,1.0,1,0,0,0
1,Full_Day,6,58,5,1,1,389.8,1.0,1,0,0,0
0,Full_Day,6,37,3,0,1,485.4906,1.0,1,0,0,0
0,Early_Return,6,42,4,0,1,329.0,0.0,1,1,0,0
0,Early_Return,7,18,5,1,1,241.5,0.0,1,1,0,0
0,Early_Return,6,53,1,0,1,230.0,0.0,1,0,0,0
0,Early_Return,13,8,6,1,0,193.5,0.0,1,0,1,0
0,Early_Return,6,49,3,0,1,176.4,0.0,1,0,0,0
0,Long_Term,7,14,0,0,1,147.6,0.0,1,1,0,0
0,Full_Day,12,50,2,0,0,447.0,0.0,1,0,0,0
0,Early_Return,7,29,3,0,1,455.0,0.0,1,1,0,0
0,Full_Day,12,23,3,0,0,471.6,0.0,1,0,0,0
0,Early_Return,12,42,6,1,0,519.4,0.0,1,0,0,0
0,Full_Day,7,0,6,1,1,510.4,0.0,1,1,0,0
0,Full_Day,6,27,3,0,1,232.8,0.0,1,0,1,0
0,Early_Return,7,35,0,0,1,485.4906,0.0,1,1,0,0
0,Full_Day,7,0,0,0,1,195.0,0.0,1,0,0,0
0,Full_Day,7,4,5,1,1,292.0,0.0,1,0,0,0
0,Full_Day,13,12,5,1,0,367.6666666666667,0.0,1,1,0,0
0,Full_Day,11,43,5,1,1,485.4906,0.0,1,0,1,0
0,Full_Day,7,14,3,0,1,432.0,0.0,1,0,0,0
0,Full_Day,6,45,1,0,1,426.5,0.0,1,1,0,0
0,Early_Return,7,0,3,0,1,397.6666666666667,0.0,1,0,1,0
0,Early_Return,6,11,5,1,1,346.75,0.0,1,0,1,0
0,Full_Day,12,56,0,0,0,308.4,0.0,0,0,0,1
0,Full_Day,8,12,1,0,1,485.4906,0.0,1,0,1,0
0,Full_Day,13,2,3,0,0,251.0,0.0,1,1,0,0
0,Overnight,6,18,3,0,1,279.0,0.0,1,0,0,1
0,Early_Return,7,5,6,1,1,443.3333333333333,1.0,1,0,0,1
0,Full_Day,6,37,1,0,1,356.25,1.0,1,0,0,0
0,Full_Day,6,32,2,0,1,367.8,1.0,1,0,0,0
0,Overnight,7,40,2,0,1,485.4906,1.0,1,0,0,1
0,Overnight,7,31,3,0,1,810.0,1.0,1,1,0,0
0,Early_Return,6,50,3,0,1,835.5,2.0,1,1,0,0
0,Long_Term,6,47,4,0,1,607.6666666666666,2.0,1,0,0,0
0,Early_Return,7,2,3,0,1,994.5,2.0,1,0,1,0
0,Full_Day,6,29,2,0,1,836.8,2.0,1,0,0,0
1,Full_Day,6,50,6,1,1,737.4,2.0,1,0,0,0
1,Early_Return,13,9,3,0,0,643.2,2.0,1,1,0,0
1,Full_Day,7,5,5,1,1,651.4,2.0,1,0,0,0
0,Early_Return,6,27,0,0,1,485.4906,2.0,1,1,0,0
0,Early_Return,11,52,0,0,1,70.0,0.0,1,1,0,0
0,Overnight,13,20,1,0,0,122.5,0.0,1,0,0,0
0,Early_Return,13,46,3,0,0,416.0,1.0,1,0,0,0
0,Overnight,6,31,2,0,1,346.0,1.0,1,0,0,0
0,Early_Return,7,6,3,0,1,478.2,2.0,1,0,0,0
0,Overnight,13,20,1,0,0,493.8,2.0,1,1,0,0
0,Full_Day,6,17,4,0,1,650.6,3.0,1,1,0,0
0,Full_Day,13,4,4,0,0,485.4906,3.0,1,0,0,1
0,Early_Return,7,27,5,1,1,402.0,0.0,1,0,0,0
0,Full_Day,7,33,0,0,1,238.0,0.0,1,0,0,0
0,Early_Return,7,12,0,0,1,243.33333333333334,0.0,1,1,0,0
1,Full_Day,6,34,3,0,1,217.0,0.0,1,1,0,0
0,Long_Term,13,24,2,0,0,485.4906,0.0,1,0,1,0
0,Early_Return,7,56,1,0,1,2902.0,0.0,1,0,0,0
0,Early_Return,6,48,3,0,1,1497.5,0.0,1,0,1,0
0,Early_Return,13,27,2,0,0,1049.3333333333333,0.0,1,0,1,0
0,Early_Return,6,10,2,0,1,804.75,0.0,1,0,0,0
0,Full_Day,12,15,5,1,0,670.8,0.0,1,1,0,0
0,Full_Day,12,31,3,0,0,485.4906,0.0,1,1,0,0
0,Early_Return,7,13,4,0,1,533.0,0.0,1,0,0,0
0,Full_Day,5,53,4,0,1,313.5,0.0,1,1,0,0
0,Full_Day,12,55,1,0,0,358.0,0.0,1,1,0,0
0,Full_Day,7,8,4,0,1,367.5,0.0,1,0,0,0
1,Early_Return,6,50,0,0,1,364.8,0.0,1,0,0,0
0,Early_Return,6,55,1,0,1,485.4906,0.0,1,0,0,0
0,Early_Return,13,4,5,1,0,165.0,0.0,1,1,0,0
0,Full_Day,7,16,0,0,1,184.0,0.0,1,0,1,0
0,Early_Return,12,13,0,0,0,214.0,0.0,1,1,0,0
0,Early_Return,6,31,2,0,1,210.25,0.0,1,0,0,1
0,Full_Day,7,31,3,0,1,201.8,0.0,1,0,1,0
0,Overnight,7,20,1,0,1,251.8,0.0,1,0,0,0
0,Full_Day,12,40,5,1,0,458.4,1.0,1,0,0,0
0,Overnight,12,56,0,0,0,469.4,1.0,1,0,0,1
0,Overnight,12,31,0,0,0,485.4906,2.0,1,1,0,0
0,Early_Return,7,9,4,0,1,727.0,1.0,1,0,0,1
0,Full_Day,13,9,3,0,0,422.0,1.0,1,0,1,0
1,Full_Day,6,21,0,0,1,382.3333333333333,1.0,1,0,1,0
0,Full_Day,12,11,1,0,0,485.4906,1.0,1,0,0,1
0,Full_Day,11,40,3,0,1,513.0,0.0,1,0,0,0
0,Full_Day,7,47,1,0,1,390.0,0.0,1,0,0,0
0,Full_Day,6,57,6,1,1,421.0,0.0,1,0,1,0
0,Long_Term,7,59,4,0,1,425.0,0.0,1,1,0,0
0,Full_Day,6,43,6,1,1,859.2,0.0,1,0,0,0
0,Full_Day,7,6,5,1,1,829.8,0.0,1,0,0,0
0,Early_Return,7,50,3,0,1,485.4906,0.0,1,0,0,0
0,Full_Day,6,48,6,1,1,94.0,0.0,1,1,0,0
0,Full_Day,12,35,3,0,0,312.5,0.0,1,0,0,0
0,Full_Day,12,20,6,1,0,299.3333333333333,0.0,1,1,0,0
0,Full_Day,12,43,2,0,0,343.0,0.0,1,0,1,0
0,Early_Return,6,49,4,0,1,377.0,0.0,1,1,0,0
1,Full_Day,12,11,0,0,0,372.8,0.0,1,0,1,0
1,Full_Day,12,16,0,0,0,358.2,0.0,1,0,0,0
1,Early_Return,7,3,5,1,1,369.8,0.0,1,0,1,0
0,Full_Day,6,23,6,1,1,485.4906,0.0,1,1,0,0
0,Early_Return,6,48,3,0,1,536.0,0.0,1,1,0,0
1,Early_Return,13,12,2,0,0,301.0,0.0,1,0,0,0
1,Full_Day,7,30,5,1,1,257.3333333333333,0.0,1,0,0,0
1,Early_Return,7,14,3,0,1,313.5,0.0,1,0,0,0
0,Full_Day,12,36,2,0,0,485.4906,0.0,1,0,1,0
0,Full_Day,5,59,6,1,1,411.0,0.0,1,0,0,0
0,Full_Day,7,13,3,0,1,358.5,0.0,1,0,1,0
0,Early_Return,7,10,3,0,1,371.6666666666667,0.0,1,0,0,1
0,Full_Day,13,25,1,0,0,315.5,0.0,1,0,0,0
0,Full_Day,6,26,4,0,1,309.2,0.0,1,1,0,0
0,Early_Return,6,22,5,1,1,275.0,0.0,1,0,0,1
1,Full_Day,7,22,5,1,1,249.6,0.0,1,1,0,0
1,Overnight,12,50,5,1,0,249.8,0.0,1,1,0,0
1,Full_Day,7,56,2,0,1,380.8,1.0,1,1,0,0
1,Early_Return,14,8,5,1,0,403.0,1.0,1,1,0,0
0,Full_Day,11,59,2,0,1,485.4906,1.0,1,0,0,0
0,Full_Day,7,34,6,1,1,384.0,0.0,1,1,0,0
0,Early_Return,7,4,2,0,1,412.0,0.0,1,0,0,0
0,Full_Day,5,51,4,0,1,485.4906,0.0,1,0,0,0
0,Early_Return,6,49,1,0,1,489.0,0.0,1,0,1,0
0,Full_Day,5,48,0,0,1,332.5,0.0,1,0,0,0
0,Full_Day,6,37,1,0,1,326.6666666666667,0.0,1,0,1,0
0,Full_Day,6,12,1,0,1,354.5,0.0,1,0,0,0
1,Full_Day,6,51,1,0,1,368.8,0.0,1,0,1,0
0,Full_Day,7,7,1,0,1,485.4906,0.0,1,0,0,0
0,Early_Return,13,37,1,0,0,485.0,0.0,1,0,1,0
0,Overnight,7,9,3,0,1,316.0,0.0,1,0,1,0
0,Full_Day,6,34,6,1,1,653.6666666666666,1.0,1,1,0,0
0,Full_Day,13,47,4,0,0,572.25,1.0,1,0,1,0
0,Full_Day,7,34,5,1,1,516.0,1.0,1,1,0,0
0,Early_Return,7,4,6,1,1,476.8,1.0,1,0,0,0
0,Full_Day,12,37,5,1,0,463.6,1.0,1,0,0,0
0,Full_Day,12,36,3,0,0,260.8,1.0,1,0,0,0
0,Long_Term,7,2,6,1,1,299.2,1.0,1,0,0,0
0,Long_Term,6,54,3,0,1,692.2,1.0,1,0,0,0
0,Overnight,12,30,2,0,0,485.4906,1.0,1,0,0,0
0,Early_Return,12,17,6,1,0,1357.0,1.0,1,0,0,0
0,Full_Day,12,44,6,1,0,722.5,1.0,1,0,1,0
0,Early_Return,12,4,2,0,0,640.3333333333334,1.0,1,0,0,0
0,Full_Day,7,2,4,0,1,485.4906,1.0,1,1,0,0
0,Early_Return,7,51,0,0,1,487.0,0.0,1,0,0,0
0,Early_Return,12,18,4,0,0,288.5,0.0,1,0,1,0
0,Full_Day,12,29,4,0,0,245.66666666666666,0.0,1,0,0,0
0,Early_Return,6,46,1,0,1,315.0,0.0,1,0,0,0
1,Early_Return,12,19,1,0,0,284.4,0.0,1,0,1,0
0,Long_Term,12,59,6,1,0,485.4906,0.0,1,1,0,0
0,Full_Day,7,21,3,0,1,3830.0,0.0,1,1,0,0
0,Full_Day,13,20,6,1,0,2060.5,0.0,1,1,0,0
0,Full_Day,12,1,3,0,0,1541.3333333333333,0.0,1,1,0,0
0,Full_Day,6,47,0,0,1,1246.25,0.0,1,0,1,0
1,Early_Return,7,2,1,0,1,1069.8,0.0,1,0,1,0
1,Full_Day,12,18,2,0,0,318.0,0.0,1,0,0,1
1,Early_Return,12,29,2,0,0,349.2,0.0,1,0,0,0
0,Early_Return,7,40,6,1,1,485.4906,0.0,1,1,0,0
0,Early_Return,13,1,1,0,0,159.0,0.0,1,1,0,0
0,Early_Return,12,56,0,0,0,485.4906,0.0,1,0,0,0
0,Early_Return,6,26,4,0,1,175.0,0.0,1,1,0,0
0,Early_Return,6,22,5,1,1,163.0,0.0,1,0,0,1
0,Early_Return,13,17,2,0,0,130.33333333333334,0.0,1,0,0,0
0,Early_Return,7,16,4,0,1,125.25,0.0,1,0,1,0
0,Full_Day,6,1,0,0,1,112.4,0.0,1,0,0,0
0,Early_Return,6,51,2,0,1,181.2,0.0,1,0,1,0
1,Early_Return,6,20,2,0,1,181.6,0.0,1,0,0,0
1,Full_Day,7,24,5,1,1,182.2,0.0,1,1,0,0
1,Full_Day,12,47,5,1,0,236.8,0.0,1,0,0,1
0,Full_Day,12,39,0,0,0,485.4906,0.0,1,0,1,0
0,Early_Return,7,33,5,1,1,449.0,0.0,1,1,0,0
0,Long_Term,13,5,2,0,0,298.0,0.0,1,0,0,0
0,Full_Day,6,3,5,1,1,764.0,0.0,1,0,1,0
0,Full_Day,6,54,3,0,1,700.5,0.0,1,0,0,0
0,Early_Return,12,56,4,0,0,485.4906,0.0,1,1,0,0
0,Early_Return,6,10,3,0,1,184.0,0.0,1,0,0,0
0,Full_Day,5,48,4,0,1,188.5,0.0,1,1,0,0
0,Early_Return,6,47,4,0,1,246.66666666666666,0.0,1,0,1,0
0,Full_Day,13,26,1,0,0,227.75,0.0,1,0,0,1
0,Full_Day,6,37,2,0,1,240.8,0.0,1,1,0,0
0,Full_Day,7,7,0,0,1,485.4906,0.0,1,0,1,0
0,Early_Return,7,35,6,1,1,307.0,0.0,1,0,1,0
0,Early_Return,8,1,5,1,1,215.0,0.0,1,0,1,0
0,Early_Return,12,24,5,1,0,173.0,0.0,1,0,0,0
0,Full_Day,7,2,4,0,1,156.5,0.0,1,1,0,0
0,Early_Return,6,53,3,0,1,228.0,0.0,0,0,0,0
0,Full_Day,13,5,2,0,0,485.4906,0.0,1,1,0,0
0,Full_Day,7,27,0,0,1,293.0,0.0,1,0,0,0
0,Early_Return,12,21,2,0,0,282.5,0.0,1,0,0,0
0,Early_Return,7,7,2,0,1,253.66666666666666,0.0,1,0,0,0
0,Full_Day,6,47,4,0,1,217.5,0.0,1,0,1,0
0,Full_Day,6,5,4,0,1,242.6,0.0,1,1,0,0
0,Full_Day,7,22,0,0,1,287.8,0.0,1,0,0,0
0,Long_Term,6,35,3,0,1,316.8,0.0,0,1,0,0
1,Full_Day,7,13,4,0,1,1005.4,0.0,1,0,0,0
0,Overnight,6,7,1,0,1,485.4906,0.0,1,1,0,0
0,Early_Return,12,39,3,0,0,1053.0,1.0,1,1,0,0
0,Early_Return,6,42,2,0,1,606.0,1.0,1,0,0,0
0,Early_Return,12,13,6,1,0,444.0,1.0,1,1,0,0
0,Full_Day,7,22,0,0,1,382.25,1.0,1,1,0,0
0,Full_Day,6,39,4,0,1,406.8,1.0,1,0,0,0
0,Early_Return,11,53,0,0,1,302.0,1.0,1,0,0,0
1,Full_Day,6,59,1,0,1,298.8,1.0,1,0,0,0
0,Full_Day,7,18,1,0,1,485.4906,1.0,1,0,0,0
0,Full_Day,6,47,0,0,1,313.0,0.0,1,1,0,0
0,Early_Return,13,1,3,0,0,341.5,0.0,1,0,1,0
0,Early_Return,7,27,0,0,1,286.0,0.0,1,1,0,0
1,Full_Day,6,28,3,0,1,256.0,0.0,1,0,0,0
1,Full_Day,13,2,3,0,0,259.0,0.0,1,0,0,0
0,Early_Return,7,5,2,0,1,485.4906,0.0,1,1,0,0
0,Full_Day,7,29,3,0,1,114.0,0.0,1,1,0,0
0,Long_Term,6,27,2,0,1,318.5,0.0,1,0,0,0
0,Full_Day,6,48,4,0,1,715.3333333333334,0.0,1,1,0,0
0,Full_Day,6,52,3,0,1,620.5,0.0,1,0,0,1
0,Full_Day,6,30,1,0,1,593.6,0.0,1,1,0,0
0,Full_Day,7,1,4,0,1,676.6,0.0,1,0,0,0
0,Overnight,7,51,4,0,1,639.0,0.0,1,0,0,0
0,Overnight,6,57,2,0,1,598.0,1.0,1,1,0,0
1,Full_Day,11,33,5,1,1,812.4,2.0,1,0,1,0
1,Full_Day,13,5,6,1,0,777.8,2.0,1,0,0,0
0,Early_Return,6,26,0,0,1,485.4906,2.0,1,1,0,0
0,Full_Day,11,52,2,0,1,110.0,0.0,1,1,0,0
0,Full_Day,6,34,5,1,1,263.5,0.0,1,0,1,0
0,Full_Day,13,13,5,1,0,327.3333333333333,0.0,1,0,1,0
0,Early_Return,12,24,0,0,0,375.75,0.0,1,0,0,0
0,Early_Return,12,13,0,0,0,485.4906,0.0,1,0,1,0
0,Full_Day,6,53,1,0,1,95.0,0.0,1,0,0,0
1,Early_Return,6,18,1,0,1,239.5,0.0,1,0,0,1
1,Full_Day,6,59,3,0,1,183.66666666666666,0.0,1,0,0,0
1,Full_Day,13,2,3,0,0,200.75,0.0,1,0,0,0
0,Full_Day,7,34,5,1,1,485.4906,0.0,1,0,0,0
0,Full_Day,6,29,1,0,1,519.0,0.0,1,0,0,0
0,Full_Day,7,0,5,1,1,392.5,0.0,1,0,0,0
0,Full_Day,12,53,1,0,0,417.0,0.0,1,0,0,0
0,Full_Day,6,58,2,0,1,444.75,0.0,1,0,1,0
0,Overnight,12,28,6,1,0,439.2,0.0,1,1,0,0
0,Early_Return,7,5,4,0,1,511.4,1.0,1,0,1,0
0,Full_Day,11,58,3,0,1,485.4906,1.0,1,0,0,1
0,Full_Day,13,11,3,0,0,430.0,0.0,1,0,1,0
0,Overnight,6,46,5,1,1,355.5,0.0,1,0,1,0
0,Early_Return,13,46,6,1,0,521.3333333333334,1.0,1,1,0,0
0,Full_Day,6,21,6,1,1,434.25,1.0,1,0,1,0
0,Full_Day,7,40,0,0,1,427.6,1.0,1,0,1,0
0,Overnight,7,35,0,0,1,405.2,1.0,1,0,1,0
0,Early_Return,13,2,3,0,0,571.4,2.0,1,1,0,0
0,Full_Day,11,42,3,0,1,420.2,2.0,1,0,0,0
0,Early_Return,12,45,3,0,0,471.0,2.0,1,1,0,0
1,Long_Term,6,35,2,0,1,406.6,2.0,1,0,0,0
0,Overnight,12,58,5,1,0,485.4906,2.0,1,1,0,0
0,Long_Term,5,59,1,0,1,1253.0,1.0,1,1,0,0
0,Early_Return,7,8,2,0,1,2376.0,1.0,1,0,0,0
0,Full_Day,12,39,2,0,0,1618.3333333333333,1.0,1,0,1,0
0,Early_Return,6,29,6,1,1,1310.5,1.0,1,0,0,0
0,Full_Day,12,9,6,1,0,1067.6,1.0,1,0,0,1
0,Full_Day,7,30,2,0,1,881.2,1.0,1,0,0,1
0,Full_Day,12,52,6,1,0,268.2,1.0,1,0,1,0
0,Early_Return,6,53,3,0,1,337.2,1.0,1,1,0,0
0,Early_Return,6,46,6,1,1,288.2,1.0,1,1,0,0
0,Early_Return,7,15,1,0,1,294.8,1.0,1,0,0,0
1,Early_Return,6,42,0,0,1,252.2,1.0,1,1,0,0
0,Full_Day,7,28,5,1,1,485.4906,1.0,1,1,0,0
0,Full_Day,13,28,3,0,0,422.0,0.0,1,1,0,0
0,Early_Return,6,2,6,1,1,364.5,0.0,1,0,1,0
0,Early_Return,6,4,0,0,1,281.3333333333333,0.0,1,0,1,0
0,Overnight,7,39,3,0,1,238.5,0.0,1,0,0,0
0,Overnight,12,58,0,0,0,465.6,1.0,1,0,0,0
0,Full_Day,7,14,6,1,1,547.4,2.0,1,1,0,0
0,Full_Day,6,59,6,1,1,542.8,2.0,1,0,0,0
0,Early_Return,7,19,3,0,1,583.2,2.0,1,0,1,0
0,Early_Return,7,17,6,1,1,591.6,2.0,1,0,0,0
0,Early_Return,13,14,2,0,0,358.6,2.0,1,0,0,1
0,Full_Day,7,3,6,1,1,485.4906,2.0,1,1,0,0
0,Early_Return,7,9,1,0,1,416.0,0.0,1,0,1,0
0,Full_Day,6,51,0,0,1,273.0,0.0,1,0,0,1
0,Overnight,12,53,5,1,0,303.6666666666667,0.0,1,1,0,0
1,Full_Day,6,47,1,0,1,501.75,1.0,1,0,1,0
0,Full_Day,7,29,0,0,1,485.4906,1.0,1,1,0,0
0,Full_Day,12,20,0,0,0,431.0,0.0,1,0,1,0
0,Early_Return,6,1,2,0,1,479.0,0.0,1,0,0,0
0,Long_Term,12,51,5,1,0,387.6666666666667,0.0,1,1,0,0
0,Early_Return,6,34,6,1,1,889.0,0.0,1,0,0,1
0,Early_Return,13,6,6,1,0,727.6,0.0,1,0,0,0
0,Full_Day,12,37,2,0,0,670.6,0.0,1,1,0,0
0,Full_Day,12,40,3,0,0,661.6,0.0,1,1,0,0
1,Full_Day,13,0,4,0,0,697.8,0.0,1,0,0,0
0,Early_Return,6,58,6,1,1,485.4906,0.0,1,0,0,0
0,Early_Return,13,29,6,1,0,125.0,0.0,1,0,1,0
0,Full_Day,6,7,3,0,1,117.5,0.0,1,1,0,0
0,Full_Day,6,43,6,1,1,172.33333333333334,0.0,1,0,0,1
0,Full_Day,13,9,0,0,0,227.25,0.0,1,0,1,0
0,Full_Day,13,35,6,1,0,241.6,0.0,1,0,1,0
0,Early_Return,13,7,6,1,0,485.4906,0.0,1,0,1,0
0,Full_Day,11,29,1,0,1,153.0,0.0,1,0,0,0
0,Full_Day,12,54,0,0,0,198.0,0.0,1,0,0,0
1,Early_Return,12,27,3,0,0,307.3333333333333,0.0,1,0,1,0
0,Long_Term,7,9,2,0,1,485.4906,0.0,1,0,0,1
0,Full_Day,12,52,2,0,0,2665.0,0.0,1,0,0,0
0,Full_Day,7,26,3,0,1,1507.0,0.0,1,0,0,0
0,Overnight,7,3,4,0,1,1163.6666666666667,0.0,1,0,1,0
0,Overnight,6,26,5,1,1,1106.0,1.0,1,0,0,0
0,Full_Day,12,26,4,0,0,1160.0,2.0,1,1,0,0
0,Early_Return,7,26,5,1,1,703.6,2.0,1,0,0,0
1,Full_Day,7,33,4,0,1,652.6,2.0,1,1,0,0
1,Early_Return,13,6,1,0,0,633.0,2.0,1,1,0,0
1,Full_Day,12,26,1,0,0,460.0,2.0,1,0,1,0
1,Early_Return,13,36,1,0,0,285.2,2.0,1,1,0,0
0,Full_Day,6,58,5,1,1,485.4906,2.0,1,0,0,0
0,Full_Day,6,20,4,0,1,276.0,0.0,1,0,1,0
0,Early_Return,7,7,5,1,1,371.5,0.0,1,1,0,0
0,Early_Return,6,29,6,1,1,301.3333333333333,0.0,1,0,1,0
0,Full_Day,7,4,2,0,1,253.5,0.0,1,0,1,0
0,Full_Day,13,15,3,0,0,284.2,0.0,1,0,0,0
0,Early_Return,7,18,5,1,1,324.4,0.0,1,0,1,0
0,Overnight,7,19,6,1,1,249.2,0.0,1,0,1,0
0,Early_Return,7,13,0,0,1,372.0,1.0,1,0,1,0
0,Full_Day,6,43,6,1,1,388.8,1.0,1,1,0,0
1,Full_Day,13,5,2,0,0,383.6,1.0,1,0,0,0
1,Full_Day,12,15,5,1,0,392.6,1.0,1,0,1,0
0,Early_Return,7,22,3,0,1,485.4906,1.0,1,0,0,0
0,Early_Return,6,30,5,1,1,145.0,0.0,1,1,0,0
0,Full_Day,6,38,0,0,1,140.0,0.0,1,0,1,0
0,Full_Day,8,4,5,1,1,192.0,0.0,1,1,0,0
0,Full_Day,7,19,6,1,1,207.5,0.0,1,0,1,0
0,Early_Return,12,53,0,0,0,217.8,0.0,1,0,0,0
0,Full_Day,12,38,1,0,0,229.2,0.0,1,1,0,0
0,Early_Return,6,43,1,0,1,258.0,0.0,1,0,0,0
0,Full_Day,6,17,0,0,1,211.0,0.0,1,1,0,0
0,Full_Day,7,8,6,1,1,261.4,0.0,1,1,0,0
0,Full_Day,6,52,6,1,1,310.6,0.0,1,0,0,0
0,Full_Day,7,53,5,1,1,324.2,0.0,1,1,0,0
0,Full_Day,5,52,4,0,1,485.4906,0.0,1,1,0,0
0,Early_Return,12,38,0,0,0,332.0,0.0,1,0,1,0
0,Full_Day,6,20,4,0,1,200.5,0.0,1,0,0,0
0,Early_Return,7,26,4,0,1,307.0,0.0,1,1,0,0
0,Full_Day,13,30,1,0,0,259.5,0.0,1,0,0,1
0,Overnight,6,59,0,0,1,290.4,0.0,1,0,0,0
0,Full_Day,6,57,2,0,1,501.0,1.0,1,0,0,1
0,Early_Return,6,20,4,0,1,572.2,1.0,1,0,0,1
0,Overnight,7,12,3,0,1,501.6,1.0,1,0,0,0
0,Full_Day,6,56,5,1,1,656.0,2.0,1,1,0,0
0,Early_Return,6,36,6,1,1,627.0,2.0,1,1,0,0
0,Early_Return,7,35,0,0,1,371.0,2.0,1,0,1,0
0,Full_Day,7,4,6,1,1,310.0,2.0,1,0,0,0
1,Early_Return,13,1,1,0,0,347.0,2.0,1,1,0,0
1,Overnight,7,6,6,1,1,189.8,2.0,1,1,0,0
0,Full_Day,13,24,1,0,0,485.4906,3.0,1,1,0,0
0,Overnight,12,28,2,0,0,369.0,0.0,1,0,1,0
0,Full_Day,6,40,2,0,1,587.5,1.0,1,1,0,0
1,Full_Day,7,44,5,1,1,552.3333333333334,1.0,1,0,0,1
0,Full_Day,6,26,4,0,1,485.4906,1.0,1,0,0,0
0,Full_Day,7,29,1,0,1,529.0,0.0,1,0,0,0
0,Full_Day,7,2,4,0,1,384.5,0.0,1,1,0,0
0,Long_Term,12,57,5,1,0,409.6666666666667,0.0,1,1,0,0
0,Early_Return,6,39,2,0,1,785.5,0.0,1,0,0,0
0,Overnight,6,55,6,1,1,657.6,0.0,1,1,0,0
0,Early_Return,6,45,6,1,1,818.6,1.0,1,0,1,0
1,Full_Day,13,1,6,1,0,792.0,1.0,1,1,0,0
1,Early_Return,6,2,1,0,1,758.6,1.0,1,0,0,0
0,Early_Return,6,29,4,0,1,485.4906,1.0,1,1,0,0
0,Early_Return,7,22,5,1,1,172.0,0.0,1,0,0,1
0,Early_Return,6,48,1,0,1,153.5,0.0,1,1,0,0
0,Full_Day,12,28,6,1,0,148.0,0.0,1,0,0,0
0,Early_Return,13,1,5,1,0,205.75,0.0,1,0,0,1
0,Full_Day,7,17,1,0,1,183.2,0.0,1,0,0,0
0,Overnight,6,30,6,1,1,244.6,0.0,1,0,0,0
0,Early_Return,6,39,0,0,1,468.2,1.0,1,0,1,0
0,Full_Day,7,9,2,0,1,466.8,1.0,1,0,0,0
0,Full_Day,12,40,3,0,0,453.4,1.0,1,0,0,1
0,Full_Day,8,12,0,0,1,498.0,1.0,1,1,0,0
0,Full_Day,6,55,4,0,1,461.0,1.0,1,0,1,0
0,Overnight,13,10,3,0,0,485.4906,1.0,1,1,0,0
0,Full_Day,12,30,2,0,0,726.0,1.0,1,0,1,0
0,Overnight,7,21,3,0,1,555.5,1.0,1,0,1,0
0,Full_Day,6,19,3,0,1,644.6666666666666,2.0,1,0,0,0
0,Overnight,13,42,5,1,0,485.4906,2.0,1,0,1,0
0,Full_Day,7,11,0,0,1,1194.0,1.0,1,0,0,0
0,Early_Return,6,54,3,0,1,792.0,1.0,1,0,0,0
0,Full_Day,6,34,4,0,1,553.3333333333334,1.0,1,0,0,0
0,Full_Day,12,27,2,0,0,508.25,1.0,1,0,1,0
0,Full_Day,7,8,2,0,1,473.8,1.0,1,0,0,0
0,Full_Day,7,25,3,0,1,338.4,1.0,1,1,0,0
0,Full_Day,12,45,5,1,0,346.8,1.0,1,1,0,0
0,Early_Return,7,22,2,0,1,386.6,1.0,1,0,0,1
0,Full_Day,7,25,1,0,1,328.4,1.0,1,1,0,0
1,Early_Return,7,27,5,1,1,310.8,1.0,1,0,0,0
0,Long_Term,7,37,5,1,1,485.4906,1.0,1,0,0,0
0,Full_Day,12,50,3,0,0,3651.0,0.0,1,0,1,0
0,Early_Return,11,39,1,0,1,1987.0,0.0,1,0,0,0
0,Full_Day,7,12,1,0,1,1365.6666666666667,0.0,1,0,0,1
0,Full_Day,6,47,5,1,1,1097.0,0.0,0,0,1,0
0,Overnight,7,16,6,1,1,963.2,0.0,1,1,0,0
0,Overnight,13,2,3,0,0,466.8,1.0,1,0,0,0
0,Early_Return,7,31,3,0,1,584.6,2.0,1,1,0,0
0,Full_Day,12,28,3,0,0,596.8,2.0,1,0,0,0
0,Early_Return,7,39,6,1,1,596.8,2.0,1,1,0,0
0,Full_Day,12,36,6,1,0,485.4906,2.0,1,0,0,0
0,Overnight,6,52,3,0,1,328.0,0.0,1,1,0,0
0,Full_Day,13,30,1,0,0,679.5,1.0,1,0,0,1
0,Early_Return,6,39,6,1,1,571.0,1.0,1,0,0,1
0,Full_Day,7,57,5,1,1,445.0,1.0,1,0,0,0
0,Full_Day,7,0,1,0,1,408.2,1.0,1,0,1,0
0,Early_Return,5,55,0,0,1,438.4,1.0,1,1,0,0
0,Full_Day,7,56,2,0,1,269.0,1.0,1,1,0,0
1,Full_Day,5,54,1,0,1,251.8,1.0,1,0,0,1
0,Full_Day,12,24,1,0,0,485.4906,1.0,1,1,0,0
0,Full_Day,6,51,5,1,1,538.0,0.0,1,0,1,0
0,Full_Day,7,17,4,0,1,436.5,0.0,1,0,1,0
0,Long_Term,6,31,2,0,1,384.0,0.0,1,0,1,0
0,Full_Day,12,47,6,1,0,923.5,0.0,1,0,0,1
0,Full_Day,12,53,3,0,0,831.0,0.0,1,1,0,0
1,Full_Day,6,54,1,0,1,775.4,0.0,1,0,1,0
1,Early_Return,12,17,3,0,0,789.2,0.0,1,0,1,0
0,Early_Return,7,7,1,0,1,485.4906,0.0,1,0,0,0
0,Full_Day,12,59,2,0,0,119.0,0.0,1,0,1,0
0,Long_Term,6,24,5,1,1,274.5,0.0,1,0,0,0
0,Full_Day,7,8,4,0,1,1323.3333333333333,0.0,1,1,0,0
0,Early_Return,6,35,5,1,1,1127.0,0.0,1,1,0,0
0,Full_Day,6,23,0,0,1,926.6,0.0,1,1,0,0
0,Full_Day,6,16,2,0,1,981.6,0.0,1,1,0,0
0,Full_Day,13,2,0,0,0,1002.2,0.0,1,1,0,0
0,Overnight,6,58,4,0,1,485.4906,0.0,1,0,1,0
0,Early_Return,7,5,0,0,1,1308.0,1.0,1,0,0,1
0,Early_Return,7,19,3,0,1,719.5,1.0,1,1,0,0
0,Full_Day,6,34,4,0,1,502.0,1.0,1,1,0,0
1,Full_Day,7,18,6,1,1,505.5,1.0,1,0,0,0
0,Full_Day,6,30,4,0,1,485.4906,1.0,1,0,0,1
0,Long_Term,6,26,1,0,1,506.0,0.0,1,1,0,0
0,Early_Return,6,51,5,1,1,2183.0,0.0,1,0,1,0
0,Full_Day,13,2,3,0,0,1504.0,0.0,1,0,0,1
1,Early_Return,6,50,0,0,1,1217.25,0.0,1,0,0,0
0,Long_Term,6,41,2,0,1,485.4906,0.0,1,0,0,0
0,Full_Day,7,35,1,0,1,4036.0,0.0,1,1,0,0
0,Full_Day,7,41,0,0,1,2268.0,0.0,1,1,0,0
0,Full_Day,6,41,0,0,1,1679.0,0.0,1,1,0,0
0,Full_Day,6,53,4,0,1,1323.5,0.0,1,0,0,0
0,Early_Return,12,50,3,0,0,1166.2,0.0,1,0,0,0
0,Full_Day,12,5,3,0,0,398.0,0.0,1,0,0,0
0,Full_Day,6,45,0,0,1,485.4906,0.0,1,0,0,0
0,Full_Day,13,34,3,0,0,453.0,0.0,1,1,0,0
0,Full_Day,13,20,5,1,0,441.0,0.0,0,0,1,0
0,Full_Day,6,49,5,1,1,472.6666666666667,0.0,1,1,0,0
0,Early_Return,7,32,3,0,1,448.5,0.0,1,1,0,0
0,Full_Day,6,56,0,0,1,485.4906,0.0,1,0,0,0
0,Overnight,13,37,4,0,0,315.0,0.0,1,0,0,0
0,Early_Return,12,23,2,0,0,752.0,1.0,1,1,0,0
0,Full_Day,7,10,6,1,1,527.0,1.0,1,0,0,0
0,Early_Return,6,37,4,0,1,472.25,1.0,1,1,0,0
0,Early_Return,7,4,1,0,1,395.0,1.0,1,1,0,0
0,Full_Day,12,58,3,0,0,348.0,1.0,1,0,1,0
1,Early_Return,6,47,2,0,1,163.4,1.0,1,0,0,1
1,Full_Day,6,24,5,1,1,177.6,1.0,1,0,1,0
0,Early_Return,6,7,5,1,1,485.4906,1.0,1,1,0,0
0,Early_Return,7,38,6,1,1,159.0,0.0,1,0,1,0
0,Overnight,7,59,0,0,1,118.5,0.0,1,0,0,0
0,Early_Return,7,34,6,1,1,460.0,1.0,1,0,1,0
0,Overnight,6,54,2,0,1,378.25,1.0,1,1,0,0
0,Long_Term,6,1,1,0,1,533.6,2.0,1,0,0,1
0,Early_Return,7,20,6,1,1,939.4,2.0,1,0,1,0
1,Full_Day,12,31,5,1,0,939.4,2.0,1,0,0,1
1,Early_Return,7,19,6,1,1,802.4,2.0,1,0,0,1
1,Early_Return,5,54,3,0,1,797.8,2.0,1,0,0,0
0,Full_Day,12,58,1,0,0,485.4906,2.0,1,1,0,0
0,Long_Term,6,46,2,0,1,523.0,0.0,1,0,0,0
0,Full_Day,11,38,5,1,1,1041.5,0.0,1,0,0,0
0,Early_Return,7,14,5,1,1,799.0,0.0,1,0,0,0
0,Early_Return,7,46,6,1,1,636.5,0.0,1,0,0,0
0,Full_Day,6,13,3,0,1,524.0,0.0,1,1,0,0
1,Early_Return,6,51,1,0,1,521.8,0.0,1,1,0,0
1,Early_Return,13,29,0,0,0,236.8,0.0,1,1,0,0
0,Long_Term,7,7,6,1,1,485.4906,0.0,1,1,0,0
0,Early_Return,7,58,3,0,1,2311.0,0.0,1,1,0,0
0,Full_Day,6,57,4,0,1,1251.0,0.0,1,1,0,0
0,Full_Day,7,20,3,0,1,950.0,0.0,1,1,0,0
1,Early_Return,12,54,1,0,0,817.5,0.0,1,1,0,0
1,Early_Return,12,22,5,1,0,666.2,0.0,1,0,1,0
1,Full_Day,6,29,3,0,1,227.2,0.0,1,0,1,0
0,Early_Return,12,39,5,1,0,485.4906,0.0,1,1,0,0
0,Early_Return,7,3,1,0,1,178.0,0.0,1,0,0,0
0,Full_Day,12,21,1,0,0,190.0,0.0,1,0,0,0
0,Full_Day,13,25,5,1,0,244.66666666666666,0.0,1,1,0,0
0,Overnight,13,12,0,0,0,315.0,0.0,1,1,0,0
0,Full_Day,6,35,4,0,1,424.0,1.0,1,1,0,0
1,Full_Day,6,48,4,0,1,490.2,1.0,1,0,0,0
0,Long_Term,7,47,6,1,1,485.4906,1.0,1,0,1,0
0,Full_Day,7,7,4,0,1,1709.0,0.0,1,0,0,0
0,Early_Return,6,45,0,0,1,485.4906,0.0,1,0,0,1
0,Full_Day,6,22,4,0,1,84.0,0.0,1,0,1,0
0,Early_Return,6,34,2,0,1,305.0,0.0,1,0,0,0
0,Early_Return,6,36,6,1,1,246.0,0.0,1,0,1,0
0,Overnight,7,15,5,1,1,212.0,0.0,1,1,0,0
0,Full_Day,7,18,5,1,1,452.0,1.0,0,0,0,0
0,Early_Return,12,50,6,1,0,514.0,1.0,1,1,0,0
0,Full_Day,13,3,4,0,0,485.4906,1.0,1,0,0,0
0,Full_Day,12,19,0,0,0,270.0,0.0,1,1,0,0
0,Full_Day,6,44,5,1,1,360.0,0.0,1,0,0,0
0,Full_Day,12,14,0,0,0,376.3333333333333,0.0,1,0,1,0
0,Overnight,7,52,4,0,1,343.75,0.0,1,0,0,0
0,Full_Day,11,31,2,0,1,485.4906,1.0,0,0,0,0
0,Overnight,13,3,0,0,0,314.0,0.0,1,0,0,1
0,Full_Day,6,40,4,0,1,654.5,1.0,1,0,1,0
0,Early_Return,11,34,5,1,1,537.6666666666666,1.0,1,0,0,0
0,Full_Day,6,28,5,1,1,450.5,1.0,1,1,0,0
0,Full_Day,5,54,3,0,1,452.6,1.0,1,0,0,0
0,Full_Day,13,1,1,0,0,438.4,1.0,1,0,1,0
1,Early_Return,12,0,4,0,0,303.0,1.0,1,0,0,0
1,Early_Return,7,50,6,1,1,274.0,1.0,1,0,0,1
1,Full_Day,7,7,6,1,1,266.2,1.0,1,0,0,0
1,Early_Return,7,39,0,0,1,269.2,1.0,1,0,1,0
0,Full_Day,6,31,3,0,1,485.4906,1.0,1,1,0,0
0,Early_Return,13,23,3,0,0,476.0,0.0,1,1,0,0
0,Overnight,6,44,5,1,1,285.0,0.0,1,0,0,0
0,Overnight,7,40,3,0,1,648.3333333333334,1.0,1,1,0,0
0,Early_Return,12,6,3,0,0,684.0,2.0,1,1,0,0
0,Overnight,13,3,6,1,0,485.4906,2.0,1,0,0,0
0,Early_Return,6,30,6,1,1,1333.0,1.0,1,0,0,0
0,Full_Day,12,59,3,0,0,713.0,1.0,1,0,0,0
0,Early_Return,7,55,0,0,1,654.3333333333334,1.0,1,0,0,0
0,Overnight,13,6,0,0,0,513.25,1.0,1,1,0,0
0,Full_Day,7,4,3,0,1,626.2,2.0,1,1,0,0
0,Early_Return,12,4,3,0,0,426.2,2.0,1,0,1,0
0,Long_Term,6,49,5,1,1,435.2,2.0,1,1,0,0
1,Early_Return,6,52,1,0,1,1081.6,2.0,1,0,0,0
0,Long_Term,12,32,6,1,0,485.4906,2.0,1,0,0,0
0,Full_Day,7,8,6,1,1,1900.0,0.0,1,1,0,0
0,Early_Return,6,53,0,0,1,1212.5,0.0,1,0,0,0
0,Full_Day,6,30,3,0,1,837.0,0.0,1,1,0,0
0,Full_Day,13,11,4,0,0,720.0,0.0,1,0,0,0
0,Full_Day,7,25,3,0,1,661.4,0.0,1,0,0,1
0,Early_Return,6,48,3,0,1,387.4,0.0,1,1,0,0
0,Early_Return,6,53,3,0,1,485.4906,0.0,1,1,0,0
0,Early_Return,13,16,3,0,0,108.0,0.0,0,1,0,0
0,Full_Day,13,5,5,1,0,102.5,0.0,1,0,0,1
0,Full_Day,7,0,6,1,1,208.33333333333334,0.0,1,0,1,0
0,Full_Day,6,41,2,0,1,222.0,0.0,1,0,0,0
0,Full_Day,13,11,6,1,0,261.8,0.0,1,0,0,0
1,Overnight,7,5,6,1,1,320.0,0.0,1,0,0,0
0,Overnight,7,42,1,0,1,485.4906,1.0,1,0,1,0
0,Full_Day,6,47,2,0,1,1018.0,1.0,1,0,0,1
0,Full_Day,6,28,2,0,1,717.0,1.0,1,0,0,0
1,Full_Day,6,55,1,0,1,582.3333333333334,1.0,1,0,1,0
0,Early_Return,7,9,1,0,1,485.4906,1.0,1,0,0,0
0,Full_Day,6,58,5,1,1,188.0,0.0,1,0,0,0
0,Overnight,13,8,5,1,0,313.0,0.0,1,0,1,0
0,Full_Day,7,42,3,0,1,578.0,1.0,1,0,0,0
0,Long_Term,12,28,4,0,0,503.0,1.0,1,0,0,0
1,Full_Day,6,51,5,1,1,1068.6,1.0,1,1,0,0
1,Full_Day,12,33,5,1,0,1085.6,1.0,1,0,0,0
0,Full_Day,12,17,0,0,0,485.4906,1.0,1,1,0,0
0,Full_Day,12,18,1,0,0,356.0,0.0,1,0,0,0
0,Full_Day,6,40,2,0,1,364.5,0.0,1,1,0,0
0,Early_Return,7,6,0,0,1,346.3333333333333,0.0,1,0,1,0
0,Early_Return,7,9,0,0,1,281.5,0.0,1,0,0,0
0,Full_Day,11,58,6,1,1,245.8,0.0,1,0,0,0
0,Full_Day,6,27,4,0,1,245.8,0.0,1,1,0,0
0,Full_Day,7,0,0,0,1,271.4,0.0,1,0,0,0
0,Full_Day,6,29,3,0,1,285.8,0.0,1,0,1,0
0,Early_Return,6,23,5,1,1,365.2,0.0,1,0,0,0
0,Full_Day,6,49,0,0,1,378.8,0.0,1,1,0,0
0,Early_Return,12,44,0,0,0,377.6,0.0,1,1,0,0
1,Full_Day,13,32,6,1,0,316.0,0.0,1,0,0,0
0,Full_Day,6,1,0,0,1,485.4906,0.0,1,0,0,0
0,Full_Day,12,52,1,0,0,443.0,0.0,1,0,1,0
0,Early_Return,12,40,0,0,0,390.5,0.0,1,0,0,0
0,Full_Day,7,13,4,0,1,305.0,0.0,1,1,0,0
0,Long_Term,6,40,5,1,1,326.5,0.0,1,0,1,0
0,Early_Return,12,48,5,1,0,694.8,0.0,1,0,0,0
1,Early_Return,6,31,6,1,1,646.2,0.0,1,0,0,0
0,Early_Return,12,26,5,1,0,485.4906,0.0,1,1,0,0
0,Full_Day,6,37,6,1,1,115.0,0.0,1,0,0,0
0,Overnight,7,12,1,0,1,292.5,0.0,1,0,1,0
0,Full_Day,6,37,4,0,1,595.3333333333334,1.0,1,0,1,0
0,Full_Day,6,43,4,0,1,518.25,1.0,1,0,0,0
0,Full_Day,6,12,2,0,1,520.4,1.0,1,1,0,0
0,Long_Term,12,42,3,0,0,564.2,1.0,1,0,1,0
0,Full_Day,7,11,0,0,1,959.2,1.0,1,1,0,0
1,Early_Return,6,21,0,0,1,793.0,1.0,1,1,0,0
1,Full_Day,7,48,3,0,1,760.0,1.0,1,0,1,0
0,Full_Day,6,44,1,0,1,485.4906,1.0,1,0,1,0
0,Full_Day,13,18,1,0,0,515.0,0.0,1,0,0,1
0,Early_Return,7,45,0,0,1,462.5,0.0,1,0,1,0
0,Long_Term,7,13,2,0,1,364.3333333333333,0.0,1,0,1,0
0,Long_Term,5,30,5,1,1,747.25,0.0,1,1,0,0
0,Full_Day,6,16,3,0,1,950.0,0.0,1,1,0,0
1,Early_Return,7,37,6,1,1,946.6,0.0,1,0,0,0
1,Early_Return,7,34,4,0,1,905.6,0.0,1,0,0,0
0,Full_Day,13,3,5,1,0,485.4906,0.0,1,0,0,0
0,Early_Return,7,20,6,1,1,263.0,0.0,1,0,0,0
0,Early_Return,6,24,2,0,1,190.0,0.0,1,1,0,0
0,Full_Day,7,30,5,1,1,173.66666666666666,0.0,1,0,0,0
0,Early_Return,7,53,3,0,1,249.75,0.0,1,1,0,0
1,Full_Day,6,38,1,0,1,224.0,0.0,1,0,0,0
1,Early_Return,13,5,5,1,0,251.6,0.0,1,0,0,1
0,Early_Return,12,52,2,0,0,485.4906,0.0,1,1,0,0
0,Early_Return,7,27,3,0,1,107.0,0.0,0,1,0,0
0,Early_Return,13,2,1,0,0,105.0,0.0,1,0,0,0
0,Full_Day,11,49,5,1,1,97.0,0.0,1,1,0,0
0,Full_Day,11,35,6,1,1,485.4906,0.0,1,1,0,0
0,Overnight,13,28,1,0,0,332.0,0.0,1,1,0,0
0,Full_Day,12,42,2,0,0,800.0,1.0,1,0,1,0
0,Full_Day,6,36,6,1,1,485.4906,1.0,1,0,0,0
0,Full_Day,7,1,1,0,1,430.0,0.0,1,1,0,0
0,Early_Return,6,41,3,0,1,392.0,0.0,1,0,0,0
0,Full_Day,6,34,0,0,1,312.6666666666667,0.0,1,0,1,0
0,Early_Return,7,43,1,0,1,316.0,0.0,1,0,1,0
0,Full_Day,13,19,0,0,0,269.0,0.0,1,0,1,0
0,Early_Return,7,55,3,0,1,243.6,0.0,1,0,0,0
1,Early_Return,6,18,2,0,1,211.8,0.0,1,1,0,0
0,Early_Return,7,43,1,0,1,485.4906,0.0,1,0,0,0
0,Full_Day,6,37,4,0,1,73.0,0.0,1,0,1,0
0,Early_Return,6,32,2,0,1,269.5,0.0,1,1,0,0
0,Early_Return,6,20,0,0,1,228.33333333333334,0.0,1,1,0,0
0,Full_Day,6,47,2,0,1,194.0,0.0,1,1,0,0
0,Early_Return,12,28,6,1,0,250.0,0.0,1,1,0,0
0,Early_Return,6,49,4,0,1,485.4906,0.0,1,0,0,0
0,Full_Day,12,55,3,0,0,171.0,0.0,1,0,0,0
0,Full_Day,12,39,6,1,0,214.0,0.0,1,1,0,0
0,Early_Return,7,35,5,1,1,313.0,0.0,1,0,0,0
0,Full_Day,13,8,5,1,0,281.0,0.0,1,0,0,0
0,Full_Day,7,38,6,1,1,318.8,0.0,1,1,0,0
0,Full_Day,6,32,4,0,1,367.2,0.0,1,1,0,0
0,Full_Day,12,49,3,0,0,371.4,0.0,1,1,0,0
0,Full_Day,7,10,1,0,1,376.0,0.0,1,0,0,0
0,Full_Day,6,10,6,1,1,388.8,0.0,1,0,0,0
0,Early_Return,6,23,1,0,1,364.8,0.0,1,0,0,0
0,Full_Day,6,15,6,1,1,297.2,0.0,1,0,1,0
1,Overnight,7,28,6,1,1,340.2,0.0,1,0,0,1
0,Full_Day,7,17,3,0,1,485.4906,1.0,0,0,1,0
0,Full_Day,12,58,4,0,0,362.0,0.0,1,1,0,0
0,Full_Day,7,36,4,0,1,400.0,0.0,1,1,0,0
0,Early_Return,7,7,2,0,1,402.6666666666667,0.0,1,0,1,0
0,Full_Day,6,52,6,1,1,344.0,0.0,1,0,1,0
1,Full_Day,6,23,0,0,1,377.4,0.0,1,1,0,0
1,Early_Return,12,7,5,1,0,359.8,0.0,1,0,0,0
0,Full_Day,8,11,4,0,1,485.4906,0.0,1,1,0,0
0,Early_Return,7,16,0,0,1,362.0,0.0,1,0,0,0
0,Full_Day,11,39,5,1,1,279.0,0.0,1,0,1,0
0,Full_Day,13,2,0,0,0,326.0,0.0,1,0,0,0
0,Overnight,12,57,4,0,0,333.0,0.0,1,1,0,0
0,Early_Return,7,19,2,0,1,534.4,1.0,1,0,0,0
1,Full_Day,6,37,3,0,1,497.4,1.0,1,0,0,0
1,Early_Return,5,51,5,1,1,561.8,1.0,1,0,0,0
1,Early_Return,6,37,1,0,1,506.2,1.0,1,1,0,0
1,Full_Day,6,32,3,0,1,449.6,1.0,1,0,1,0
0,Early_Return,13,13,4,0,0,485.4906,1.0,1,1,0,0
0,Full_Day,12,33,2,0,0,145.0,0.0,1,0,0,0
0,Full_Day,7,27,4,0,1,258.0,0.0,1,0,1,0
0,Early_Return,7,19,6,1,1,332.6666666666667,0.0,1,0,1,0
0,Full_Day,6,30,3,0,1,291.5,0.0,1,0,0,0
0,Overnight,6,58,3,0,1,340.4,0.0,1,1,0,0
0,Early_Return,7,15,0,0,1,485.4906,1.0,1,0,0,0
0,Overnight,7,36,6,1,1,103.0,0.0,1,0,1,0
0,Early_Return,7,44,3,0,1,748.5,1.0,1,1,0,0
0,Full_Day,6,57,3,0,1,565.3333333333334,1.0,1,0,0,0
0,Full_Day,12,11,4,0,0,485.25,1.0,1,0,0,0
0,Early_Return,12,54,6,1,0,457.2,1.0,1,1,0,0
0,Full_Day,7,31,6,1,1,467.0,1.0,1,0,0,0
0,Early_Return,12,28,2,0,0,287.0,1.0,0,0,0,0
1,Full_Day,6,22,3,0,1,273.0,1.0,1,0,1,0
1,Full_Day,6,38,4,0,1,308.4,1.0,1,1,0,0
0,Overnight,13,16,3,0,0,485.4906,1.0,1,0,0,1
0,Long_Term,6,25,3,0,1,1176.0,1.0,1,1,0,0
0,Full_Day,6,31,6,1,1,1632.0,1.0,1,1,0,0
0,Full_Day,12,32,3,0,0,1177.3333333333333,1.0,1,1,0,0
0,Full_Day,7,23,0,0,1,967.5,1.0,1,0,0,1
1,Early_Return,13,26,3,0,0,856.2,1.0,1,0,0,0
0,Full_Day,12,2,2,0,0,485.4906,1.0,1,1,0,0
0,Full_Day,7,22,3,0,1,395.0,0.0,1,0,0,0
0,Full_Day,12,47,4,0,0,353.5,0.0,1,0,0,0
0,Full_Day,13,21,1,0,0,398.0,0.0,1,1,0,0
0,Full_Day,7,0,2,0,1,390.75,0.0,1,1,0,0
0,Full_Day,7,1,3,0,1,412.4,0.0,1,0,0,1
0,Full_Day,12,48,1,0,0,404.4,0.0,1,0,0,1
0,Early_Return,6,27,6,1,1,416.0,0.0,1,0,0,0
0,Full_Day,7,16,5,1,1,347.8,0.0,1,0,0,0
0,Full_Day,7,9,3,0,1,374.2,0.0,1,0,1,0
0,Overnight,12,57,6,1,0,380.2,0.0,1,1,0,0
1,Full_Day,7,23,0,0,1,560.0,1.0,1,0,0,0
1,Early_Return,13,5,3,0,0,537.8,1.0,1,0,0,0
0,Long_Term,6,29,1,0,1,485.4906,1.0,1,1,0,0
0,Full_Day,7,10,1,0,1,3594.0,0.0,1,1,0,0
0,Long_Term,7,22,1,0,1,1974.5,0.0,1,0,1,0
0,Full_Day,6,42,1,0,1,2212.6666666666665,0.0,1,0,0,0
0,Early_Return,13,13,5,1,0,1760.25,0.0,1,0,1,0
0,Full_Day,13,12,6,1,0,1436.2,0.0,1,1,0,0
0,Full_Day,7,36,0,0,1,780.4,0.0,1,0,0,0
0,Early_Return,6,22,3,0,1,814.0,0.0,1,0,0,0
0,Early_Return,7,5,6,1,1,316.4,0.0,1,0,0,0
0,Early_Return,8,23,3,0,1,259.4,0.0,1,0,1,0
0,Overnight,7,5,4,0,1,253.2,0.0,1,0,0,0
0,Early_Return,12,38,6,1,0,336.0,1.0,1,0,1,0
0,Early_Return,7,29,0,0,1,261.2,1.0,1,0,1,0
0,Full_Day,11,56,0,0,1,245.8,1.0,1,0,0,1
0,Full_Day,12,40,6,1,0,293.2,1.0,1,0,0,0
0,Full_Day,12,13,4,0,0,341.8,1.0,0,1,0,0
1,Overnight,12,39,4,0,0,298.4,1.0,1,1,0,0
0,Early_Return,7,50,2,0,1,485.4906,2.0,1,0,1,0
0,Early_Return,12,49,6,1,0,176.0,0.0,1,0,0,0
0,Full_Day,7,34,0,0,1,179.5,0.0,1,1,0,0
0,Long_Term,13,13,0,0,0,267.0,0.0,1,0,0,0
0,Full_Day,6,58,2,0,1,733.75,0.0,1,1,0,0
0,Full_Day,6,58,2,0,1,679.4,0.0,1,1,0,0
0,Full_Day,13,15,0,0,0,738.2,0.0,1,0,0,1
0,Full_Day,11,57,3,0,1,485.4906,0.0,1,1,0,0
0,Full_Day,12,3,5,1,0,339.0,0.0,1,0,0,0
0,Full_Day,7,17,1,0,1,391.5,0.0,1,1,0,0
0,Early_Return,6,54,5,1,1,359.6666666666667,0.0,1,0,0,0
0,Full_Day,6,15,3,0,1,287.0,0.0,1,1,0,0
0,Overnight,12,47,1,0,0,335.0,0.0,1,0,0,0
0,Early_Return,7,14,0,0,1,411.8,1.0,1,1,0,0
1,Early_Return,12,37,0,0,0,336.8,1.0,1,0,0,0
0,Early_Return,12,35,0,0,0,485.4906,1.0,1,1,0,0
0,Full_Day,7,52,5,1,1,98.0,0.0,1,0,0,0
1,Full_Day,7,42,1,0,1,251.5,0.0,1,0,0,0
1,Early_Return,6,13,3,0,1,309.0,0.0,1,0,0,1
0,Full_Day,12,36,4,0,0,485.4906,0.0,1,0,0,0
0,Early_Return,7,12,2,0,1,260.0,0.0,1,1,0,0
0,Early_Return,12,7,2,0,0,180.0,0.0,1,1,0,0
0,Early_Return,7,17,4,0,1,184.33333333333334,0.0,1,0,0,0
0,Full_Day,8,5,6,1,1,174.0,0.0,1,0,0,0
0,Full_Day,6,28,1,0,1,229.6,0.0,1,1,0,0
0,Overnight,7,35,3,0,1,246.8,0.0,1,1,0,0
0,Full_Day,6,54,5,1,1,374.4,1.0,1,0,0,0
0,Full_Day,6,56,3,0,1,424.0,1.0,1,1,0,0
0,Full_Day,13,14,6,1,0,484.0,1.0,1,0,0,0
1,Full_Day,7,18,0,0,1,465.4,1.0,1,1,0,0
1,Early_Return,6,47,2,0,1,491.2,1.0,1,1,0,0
0,Early_Return,6,47,0,0,1,485.4906,1.0,1,0,0,1
0,Full_Day,6,58,1,0,1,103.0,0.0,1,0,0,1
0,Early_Return,7,10,4,0,1,275.5,0.0,1,0,0,0
0,Early_Return,5,39,4,0,1,246.66666666666666,0.0,1,0,0,0
0,Overnight,7,19,0,0,1,208.5,0.0,1,0,1,0
0,Early_Return,6,25,2,0,1,333.4,1.0,1,1,0,0
0,Overnight,7,22,4,0,1,335.0,1.0,1,1,0,0
0,Full_Day,11,59,5,1,1,532.8,2.0,1,0,0,0
1,Early_Return,6,54,3,0,1,546.2,2.0,1,0,0,1
0,Full_Day,7,5,0,0,1,485.4906,2.0,1,0,0,0
0,Early_Return,6,34,4,0,1,456.0,0.0,1,0,0,0
0,Full_Day,13,17,6,1,0,282.5,0.0,1,0,1,0
0,Full_Day,7,6,3,0,1,331.6666666666667,0.0,1,0,0,0
0,Early_Return,13,11,6,1,0,485.4906,0.0,1,0,0,0
0,Early_Return,7,47,4,0,1,90.0,0.0,1,0,1,0
0,Early_Return,7,20,2,0,1,82.5,0.0,1,1,0,0
0,Overnight,7,51,2,0,1,119.66666666666667,0.0,1,0,0,1
0,Full_Day,7,18,6,1,1,276.25,1.0,1,0,0,0
0,Full_Day,13,42,6,1,0,327.0,1.0,1,0,0,0
0,Early_Return,12,3,5,1,0,390.6,1.0,1,0,0,0
1,Full_Day,6,7,3,0,1,406.6,1.0,1,0,1,0
0,Full_Day,6,55,3,0,1,485.4906,1.0,1,0,0,0
0,Long_Term,13,10,0,0,0,427.0,0.0,1,1,0,0
0,Early_Return,7,38,2,0,1,1891.5,0.0,1,0,1,0
1,Full_Day,7,6,0,0,1,1326.0,0.0,1,0,0,0
0,Full_Day,6,49,3,0,1,485.4906,0.0,1,0,1,0
0,Full_Day,7,17,4,0,1,323.0,0.0,1,0,1,0
0,Overnight,13,7,4,0,0,394.0,0.0,1,0,0,1
0,Full_Day,12,55,2,0,0,724.3333333333334,1.0,1,0,1,0
0,Early_Return,11,34,4,0,1,604.5,1.0,1,0,0,0
0,Full_Day,7,44,6,1,1,504.6,1.0,1,0,0,0
0,Full_Day,7,51,2,0,1,485.4906,1.0,1,0,0,1
0,Full_Day,12,46,4,0,0,528.0,0.0,1,0,0,1
0,Early_Return,12,42,3,0,0,517.0,0.0,1,0,0,0
0,Early_Return,7,37,6,1,1,387.6666666666667,0.0,1,0,1,0
0,Full_Day,12,16,1,0,0,342.25,0.0,1,1,0,0
0,Early_Return,11,54,3,0,1,363.8,0.0,1,0,1,0
0,Early_Return,7,13,6,1,1,300.0,0.0,1,0,0,0
1,Full_Day,6,33,1,0,1,211.0,0.0,1,1,0,0
1,Early_Return,6,48,5,1,1,292.4,0.0,1,0,0,0
0,Full_Day,12,27,4,0,0,485.4906,0.0,1,1,0,0
0,Early_Return,6,31,1,0,1,336.0,0.0,1,0,1,0
0,Early_Return,7,0,2,0,1,205.0,0.0,1,0,1,0
0,Full_Day,7,3,5,1,1,171.33333333333334,0.0,1,1,0,0
0,Overnight,12,10,3,0,0,234.25,0.0,1,0,0,1
0,Full_Day,11,49,4,0,1,388.8,1.0,1,0,0,1
0,Long_Term,7,36,0,0,1,400.8,1.0,1,0,0,0
0,Full_Day,13,7,3,0,0,1124.8,1.0,1,0,0,0
0,Early_Return,7,42,5,1,1,1159.4,1.0,1,1,0,0
0,Long_Term,7,28,5,1,1,1089.6,1.0,1,1,0,0
1,Full_Day,7,18,2,0,1,1643.6,1.0,1,0,0,0
1,Overnight,6,34,5,1,1,1670.4,1.0,1,0,1,0
0,Overnight,11,52,3,0,1,485.4906,2.0,1,0,1,0
0,Early_Return,6,13,5,1,1,889.0,1.0,1,0,1,0
0,Long_Term,7,27,4,0,1,503.5,1.0,1,0,1,0
0,Early_Return,6,51,5,1,1,1741.0,1.0,1,0,0,0
0,Long_Term,13,17,0,0,0,1347.5,1.0,1,0,0,0
0,Full_Day,12,28,4,0,0,1875.2,1.0,1,0,0,1
0,Early_Return,6,47,1,0,1,1797.6,1.0,1,0,0,0
0,Full_Day,6,19,4,0,1,485.4906,1.0,1,0,0,0
0,Overnight,7,15,0,0,1,378.0,0.0,1,0,0,0
0,Full_Day,12,52,4,0,0,772.5,1.0,1,1,0,0
0,Overnight,7,3,6,1,1,654.6666666666666,1.0,1,0,0,0
0,Early_Return,6,48,3,0,1,713.5,2.0,1,0,0,0
1,Full_Day,7,2,2,0,1,604.6,2.0,1,0,1,0
1,Early_Return,13,24,3,0,0,599.0,2.0,1,0,0,0
1,Full_Day,12,53,4,0,0,377.8,2.0,1,0,1,0
0,Early_Return,7,22,0,0,1,485.4906,2.0,1,0,0,0
0,Early_Return,12,30,6,1,0,157.0,0.0,1,0,0,1
0,Full_Day,12,49,4,0,0,138.5,0.0,1,1,0,0
0,Long_Term,8,4,6,1,1,270.3333333333333,0.0,1,1,0,0
0,Full_Day,7,7,2,0,1,701.25,0.0,1,0,0,0
0,Full_Day,6,40,6,1,1,631.2,0.0,1,1,0,0
1,Full_Day,13,3,3,0,0,682.6,0.0,0,0,0,0
1,Early_Return,6,39,4,0,1,740.8,0.0,1,1,0,0
0,Early_Return,12,9,6,1,0,485.4906,0.0,1,0,0,0
0,Early_Return,12,57,1,0,0,171.0,0.0,1,0,1,0
0,Full_Day,7,16,0,0,1,144.0,0.0,1,0,0,1
0,Early_Return,7,0,5,1,1,181.66666666666666,0.0,1,1,0,0
0,Full_Day,12,20,5,1,0,168.75,0.0,1,0,0,1
0,Early_Return,6,58,3,0,1,184.0,0.0,1,1,0,0
1,Full_Day,12,50,3,0,0,190.4,0.0,1,1,0,0
1,Long_Term,12,48,6,1,0,268.2,0.0,1,0,0,1
0,Early_Return,12,15,4,0,0,485.4906,0.0,1,1,0,0
0,Full_Day,11,55,2,0,1,106.0,0.0,1,1,0,0
0,Full_Day,7,5,5,1,1,298.5,0.0,1,0,0,0
0,Full_Day,13,20,5,1,0,352.0,0.0,1,1,0,0
0,Long_Term,13,35,4,0,0,397.0,0.0,1,0,1,0
0,Full_Day,12,47,1,0,0,645.6,0.0,1,1,0,0
0,Early_Return,6,49,0,0,1,691.4,0.0,1,0,0,0
0,Early_Return,13,28,1,0,0,633.8,0.0,1,1,0,0
0,Full_Day,6,10,2,0,1,567.0,0.0,1,1,0,0
0,Early_Return,7,40,0,0,1,565.2,0.0,1,1,0,0
1,Early_Return,12,50,5,1,0,251.6,0.0,0,1,0,0
1,Full_Day,6,11,2,0,1,200.6,0.0,1,1,0,0
0,Early_Return,6,25,0,0,1,485.4906,0.0,1,0,0,0
0,Full_Day,7,38,0,0,1,203.0,0.0,1,0,0,0
0,Long_Term,12,41,4,0,0,247.5,0.0,1,0,0,0
0,Overnight,7,20,3,0,1,1213.0,0.0,1,1,0,0
0,Full_Day,7,42,6,1,1,1177.5,1.0,1,0,0,0
1,Full_Day,13,16,1,0,0,1003.6,1.0,1,0,1,0
1,Overnight,6,54,6,1,1,1068.2,1.0,1,0,0,0
1,Overnight,7,3,6,1,1,1278.2,2.0,1,0,0,0
0,Full_Day,6,32,6,1,1,485.4906,3.0,1,0,0,0
0,Full_Day,7,21,2,0,1,519.0,0.0,1,1,0,0
0,Early_Return,12,30,1,0,0,521.0,0.0,1,1,0,0
0,Early_Return,12,42,2,0,0,377.3333333333333,0.0,1,1,0,0
0,Full_Day,7,14,4,0,1,318.0,0.0,1,1,0,0
0,Full_Day,7,25,3,0,1,343.0,0.0,1,0,1,0
0,Full_Day,6,15,3,0,1,313.6,0.0,1,0,0,0
0,Full_Day,6,48,4,0,1,303.4,0.0,1,0,0,0
0,Long_Term,6,8,3,0,1,383.6,0.0,1,0,0,0
0,Early_Return,6,36,4,0,1,1065.8,0.0,1,0,0,0
0,Full_Day,7,39,4,0,1,1006.0,0.0,1,0,0,0
0,Overnight,12,21,5,1,0,1025.8,0.0,1,0,0,0
0,Early_Return,7,9,6,1,1,485.4906,1.0,1,0,0,0
0,Overnight,7,35,5,1,1,155.0,0.0,1,1,0,0
0,Early_Return,12,48,2,0,0,585.5,1.0,1,0,0,0
0,Full_Day,13,57,4,0,0,428.0,1.0,1,0,1,0
0,Full_Day,7,30,2,0,1,423.5,1.0,1,0,0,0
0,Full_Day,6,29,2,0,1,406.2,1.0,1,0,0,0
0,Full_Day,7,0,5,1,1,454.4,1.0,1,0,1,0
0,Full_Day,12,56,0,0,0,318.0,1.0,1,0,0,0
0,Early_Return,6,29,5,1,1,343.6,1.0,1,1,0,0
1,Early_Return,6,59,0,0,1,298.2,1.0,1,1,0,0
1,Full_Day,6,39,0,0,1,254.0,1.0,1,0,0,0
1,Full_Day,7,4,3,0,1,279.2,1.0,1,0,0,1
0,Full_Day,12,51,4,0,0,485.4906,1.0,1,0,0,0
0,Full_Day,7,55,2,0,1,357.0,0.0,1,0,0,1
0,Early_Return,8,5,0,0,1,446.5,0.0,1,0,0,1
0,Early_Return,7,18,1,0,1,485.4906,0.0,1,0,0,0
0,Full_Day,6,12,6,1,1,124.0,0.0,1,0,0,0
0,Early_Return,7,3,4,0,1,250.0,0.0,1,0,0,0
0,Full_Day,7,38,6,1,1,206.0,0.0,1,0,1,0
0,Overnight,12,39,3,0,0,232.75,0.0,1,1,0,0
0,Full_Day,6,20,4,0,1,376.0,1.0,1,0,0,1
0,Early_Return,6,38,3,0,1,419.2,1.0,1,0,1,0
0,Full_Day,6,27,1,0,1,375.6,1.0,1,0,1,0
0,Early_Return,12,32,3,0,0,437.0,1.0,1,1,0,0
0,Full_Day,12,14,6,1,0,411.2,1.0,1,1,0,0
1,Full_Day,6,45,5,1,1,296.8,1.0,1,0,0,0
0,Full_Day,11,48,4,0,1,485.4906,1.0,1,1,0,0
0,Early_Return,12,31,1,0,0,321.0,0.0,1,1,0,0
0,Full_Day,7,26,3,0,1,205.5,0.0,1,0,0,0
1,Early_Return,7,15,5,1,1,282.0,0.0,1,0,0,0
0,Full_Day,7,17,3,0,1,485.4906,0.0,1,1,0,0
0,Long_Term,6,23,6,1,1,241.0,0.0,1,0,0,1
0,Full_Day,6,39,5,1,1,1962.5,0.0,1,0,0,0
0,Early_Return,12,39,1,0,0,1470.3333333333333,0.0,1,1,0,0
0,Early_Return,7,26,5,1,1,485.4906,0.0,1,0,0,0
0,Early_Return,6,17,2,0,1,120.0,0.0,1,0,0,0
0,Full_Day,7,14,3,0,1,124.0,0.0,1,1,0,0
0,Early_Return,7,10,2,0,1,172.66666666666666,0.0,1,1,0,0
0,Full_Day,7,4,3,0,1,151.0,0.0,1,0,0,0
0,Overnight,6,15,6,1,1,213.6,0.0,1,0,0,0
0,Early_Return,13,6,1,0,0,474.2,1.0,1,0,1,0
0,Full_Day,6,0,2,0,1,473.0,1.0,1,0,0,0
0,Early_Return,7,57,2,0,1,504.8,1.0,1,0,0,0
0,Full_Day,6,46,1,0,1,509.4,1.0,1,1,0,0
1,Full_Day,12,46,2,0,0,477.2,1.0,1,1,0,0
1,Early_Return,7,31,2,0,1,287.0,1.0,1,1,0,0
0,Full_Day,7,1,3,0,1,485.4906,1.0,1,0,0,1
0,Overnight,7,22,4,0,1,386.0,0.0,1,0,0,0
0,Full_Day,13,10,5,1,0,610.5,1.0,1,0,0,0
1,Early_Return,7,0,0,0,1,527.6666666666666,1.0,1,0,0,0
0,Full_Day,13,6,6,1,0,485.4906,1.0,1,0,1,0
0,Full_Day,13,14,1,0,0,346.0,0.0,1,0,0,0
0,Early_Return,13,31,5,1,0,322.5,0.0,1,0,1,0
0,Full_Day,12,39,4,0,0,272.6666666666667,0.0,1,1,0,0
0,Full_Day,11,56,3,0,1,336.0,0.0,1,0,1,0
0,Full_Day,11,58,3,0,1,369.4,0.0,1,0,0,0
0,Long_Term,6,37,1,0,1,408.0,0.0,1,0,0,0
0,Long_Term,13,13,1,0,0,954.6,0.0,1,0,1,0
0,Full_Day,6,40,5,1,1,1761.6,0.0,1,1,0,0
0,Full_Day,6,42,3,0,1,1749.6,0.0,1,1,0,0
1,Early_Return,7,3,0,0,1,1723.4,0.0,1,0,1,0
0,Early_Return,12,11,0,0,0,485.4906,0.0,1,1,0,0
0,Early_Return,12,53,3,0,0,199.0,0.0,1,1,0,0
0,Full_Day,12,47,4,0,0,169.0,0.0,1,0,1,0
0,Early_Return,6,33,6,1,1,241.66666666666666,0.0,1,0,0,0
0,Full_Day,13,43,4,0,0,206.0,0.0,1,0,0,1
0,Early_Return,7,19,1,0,1,225.2,0.0,1,0,0,0
0,Full_Day,7,0,5,1,1,226.2,0.0,1,0,0,0
1,Early_Return,7,4,6,1,1,256.6,0.0,1,1,0,0
0,Early_Return,7,30,4,0,1,485.4906,0.0,1,1,0,0
0,Early_Return,12,38,1,0,0,107.0,0.0,1,0,0,0
0,Full_Day,6,39,3,0,1,121.0,0.0,1,0,0,1
0,Full_Day,7,42,5,1,1,238.33333333333334,0.0,1,0,0,0
0,Early_Return,7,33,0,0,1,303.25,0.0,1,0,1,0
0,Early_Return,7,5,3,0,1,261.8,0.0,1,1,0,0
0,Full_Day,12,41,6,1,0,278.8,0.0,1,1,0,0
0,Early_Return,7,36,5,1,1,485.4906,0.0,1,0,0,0
0,Long_Term,11,52,4,0,1,127.0,0.0,1,0,1,0
0,Early_Return,6,42,0,0,1,1803.5,0.0,1,0,0,0
0,Full_Day,6,14,2,0,1,1247.3333333333333,0.0,1,1,0,0
0,Long_Term,7,25,2,0,1,1065.5,0.0,1,0,0,1
0,Early_Return,11,48,6,1,1,1515.8,0.0,1,0,0,0
1,Early_Return,6,52,4,0,1,1509.4,0.0,1,0,1,0
0,Full_Day,6,49,1,0,1,485.4906,0.0,1,0,1,0
0,Early_Return,12,9,1,0,0,445.0,0.0,1,0,1,0
0,Full_Day,7,35,1,0,1,275.0,0.0,1,0,0,1
0,Full_Day,7,9,1,0,1,286.6666666666667,0.0,1,0,0,1
0,Full_Day,12,12,4,0,0,338.25,0.0,1,0,1,0
0,Early_Return,5,52,5,1,1,485.4906,0.0,1,1,0,0
0,Full_Day,6,21,2,0,1,73.0,0.0,1,1,0,0
0,Early_Return,6,38,3,0,1,294.0,0.0,1,0,1,0
0,Full_Day,7,13,5,1,1,241.33333333333334,0.0,1,0,0,0
0,Full_Day,12,17,1,0,0,279.0,0.0,1,0,0,0
0,Early_Return,7,37,3,0,1,328.2,0.0,1,1,0,0
1,Early_Return,13,5,0,0,0,346.6,0.0,1,0,0,0
0,Full_Day,7,13,2,0,1,485.4906,0.0,1,0,0,0
0,Long_Term,13,37,0,0,0,260.0,0.0,1,0,1,0
0,Full_Day,7,9,1,0,1,1777.5,0.0,1,1,0,0
0,Full_Day,7,25,4,0,1,1267.0,0.0,1,0,1,0
0,Full_Day,12,54,4,0,0,1049.5,0.0,1,0,1,0
0,Full_Day,12,46,4,0,0,912.0,0.0,1,1,0,0
0,Full_Day,12,39,6,1,0,954.0,0.0,1,0,1,0
0,Early_Return,6,56,3,0,1,485.4906,0.0,1,0,1,0
0,Full_Day,11,34,2,0,1,90.0,0.0,1,1,0,0
0,Early_Return,6,52,5,1,1,219.5,0.0,1,0,0,1
0,Early_Return,6,46,3,0,1,215.0,0.0,1,0,0,0
0,Overnight,12,57,1,0,0,193.75,0.0,1,0,0,0
0,Full_Day,12,36,1,0,0,339.8,1.0,1,1,0,0
0,Early_Return,6,21,6,1,1,371.0,1.0,1,0,0,0
0,Early_Return,13,43,6,1,0,485.4906,1.0,1,0,0,1
0,Long_Term,12,37,2,0,0,158.0,0.0,1,1,0,0
0,Overnight,7,35,1,0,1,1941.0,0.0,1,0,1,0
0,Overnight,12,55,4,0,0,1535.3333333333333,1.0,1,0,0,0
0,Early_Return,6,59,6,1,1,1425.5,2.0,1,0,1,0
1,Early_Return,7,40,4,0,1,1168.2,2.0,1,0,0,1
0,Long_Term,7,7,6,1,1,485.4906,2.0,1,1,0,0
0,Full_Day,12,33,0,0,0,2008.0,0.0,1,0,1,0
0,Early_Return,13,20,4,0,0,1175.0,0.0,1,1,0,0
0,Early_Return,7,34,0,0,1,833.3333333333334,0.0,1,1,0,0
0,Early_Return,6,49,6,1,1,485.4906,0.0,1,0,0,0
0,Full_Day,13,35,0,0,0,169.0,0.0,1,0,1,0
0,Overnight,6,45,1,0,1,204.5,0.0,1,0,0,0
0,Early_Return,6,47,1,0,1,605.0,1.0,1,0,0,1
0,Early_Return,6,35,5,1,1,495.0,1.0,1,1,0,0
0,Early_Return,6,36,2,0,1,431.2,1.0,1,0,0,0
0,Full_Day,6,58,6,1,1,435.6,1.0,1,0,1,0
1,Early_Return,7,20,3,0,1,482.8,1.0,1,0,0,1
0,Full_Day,6,55,1,0,1,485.4906,1.0,1,1,0,0
0,Full_Day,5,39,6,1,1,271.0,0.0,1,1,0,0
0,Overnight,12,59,1,0,0,271.5,0.0,1,0,1,0
0,Early_Return,12,43,0,0,0,504.0,1.0,1,0,0,0
0,Overnight,6,10,6,1,1,413.25,1.0,1,0,0,1
0,Early_Return,6,41,5,1,1,525.8,2.0,1,0,1,0
1,Full_Day,6,51,1,0,1,500.0,2.0,1,0,0,0
0,Full_Day,13,5,1,0,0,485.4906,2.0,1,0,0,0
0,Full_Day,12,39,5,1,0,509.0,0.0,1,0,0,0
0,Full_Day,13,10,2,0,0,500.5,0.0,1,1,0,0
0,Full_Day,6,47,2,0,1,427.6666666666667,0.0,1,0,0,0
0,Long_Term,13,11,3,0,0,409.25,0.0,1,0,0,0
0,Early_Return,14,4,0,0,0,767.8,0.0,0,0,0,0
0,Early_Return,6,28,4,0,1,697.2,0.0,1,0,0,0
0,Full_Day,7,15,0,0,1,619.4,0.0,1,1,0,0
0,Overnight,7,1,3,0,1,627.0,0.0,1,0,0,0
0,Full_Day,7,18,3,0,1,485.4906,1.0,1,1,0,0
0,Early_Return,12,32,1,0,0,339.0,0.0,1,1,0,0
0,Early_Return,7,43,3,0,1,203.0,0.0,1,1,0,0
0,Early_Return,7,8,4,0,1,192.0,0.0,1,1,0,0
0,Early_Return,12,9,2,0,0,172.75,0.0,1,1,0,0
0,Full_Day,7,20,5,1,1,175.2,0.0,1,0,0,0
0,Full_Day,7,25,6,1,1,213.6,0.0,1,0,0,1
1,Full_Day,12,52,4,0,0,286.4,0.0,1,0,0,0
1,Full_Day,6,28,4,0,1,351.6,0.0,1,1,0,0
0,Early_Return,12,54,2,0,0,485.4906,0.0,1,0,0,1
0,Early_Return,6,50,3,0,1,158.0,0.0,1,1,0,0
1,Full_Day,7,37,1,0,1,164.5,0.0,1,1,0,0
1,Early_Return,11,49,2,0,1,271.6666666666667,0.0,1,0,1,0
0,Early_Return,7,40,5,1,1,485.4906,0.0,1,1,0,0
0,Overnight,6,39,3,0,1,170.0,0.0,1,0,0,0
0,Full_Day,6,23,0,0,1,723.0,1.0,1,0,1,0
0,Full_Day,6,54,1,0,1,485.4906,1.0,1,1,0,0
0,Overnight,7,39,6,1,1,258.0,0.0,1,1,0,0
0,Early_Return,6,44,1,0,1,642.0,1.0,1,0,1,0
0,Full_Day,12,52,4,0,0,468.3333333333333,1.0,1,1,0,0
0,Full_Day,7,30,2,0,1,414.25,1.0,1,0,0,0
0,Early_Return,7,13,6,1,1,422.2,1.0,1,0,1,0
0,Full_Day,12,18,4,0,0,412.4,1.0,1,0,0,0
0,Early_Return,13,22,0,0,0,313.0,1.0,0,0,0,0
0,Early_Return,13,3,1,0,0,313.6,1.0,1,0,1,0
0,Full_Day,12,29,2,0,0,297.6,1.0,1,0,0,0
0,Early_Return,12,28,4,0,0,259.8,1.0,1,0,0,0
0,Early_Return,13,2,1,0,0,238.0,1.0,1,1,0,0
1,Full_Day,6,47,0,0,1,161.8,1.0,1,1,0,0
1,Early_Return,6,57,2,0,1,212.4,1.0,1,0,1,0
0,Full_Day,12,14,1,0,0,485.4906,1.0,1,0,1,0
0,Early_Return,7,3,5,1,1,393.0,0.0,1,1,0,0
0,Long_Term,6,37,6,1,1,234.5,0.0,1,1,0,0
0,Full_Day,6,23,0,0,1,756.6666666666666,0.0,1,1,0,0
0,Full_Day,7,6,3,0,1,629.0,0.0,0,1,0,0
0,Full_Day,12,20,4,0,0,583.4,0.0,1,0,0,0
1,Early_Return,11,45,1,0,1,582.4,0.0,1,0,0,0
0,Early_Return,7,53,6,1,1,485.4906,0.0,1,0,1,0
0,Full_Day,5,58,6,1,1,129.0,0.0,1,0,0,0
0,Early_Return,7,41,2,0,1,321.5,0.0,1,0,0,1
0,Early_Return,12,17,6,1,0,257.0,0.0,1,1,0,0
0,Full_Day,12,44,2,0,0,228.5,0.0,1,0,1,0
1,Early_Return,6,43,3,0,1,255.4,0.0,1,0,0,0
0,Early_Return,12,39,6,1,0,485.4906,0.0,1,0,0,0
0,Full_Day,7,11,3,0,1,112.0,0.0,1,1,0,0
0,Early_Return,12,35,3,0,0,258.5,0.0,1,1,0,0
0,Overnight,7,6,3,0,1,224.33333333333334,0.0,1,0,1,0
0,Full_Day,7,17,1,0,1,412.75,1.0,1,0,0,0
0,Full_Day,6,47,0,0,1,406.2,1.0,1,1,0,0
0,Early_Return,7,5,2,0,1,480.4,1.0,0,0,0,0
1,Full_Day,12,49,4,0,0,412.4,1.0,1,1,0,0
1,Early_Return,6,50,0,0,1,461.4,1.0,1,0,1,0
1,Full_Day,7,43,6,1,1,284.4,1.0,1,1,0,0
0,Full_Day,6,43,0,0,1,485.4906,1.0,1,0,0,0
0,Early_Return,13,40,0,0,0,242.0,0.0,1,0,1,0
0,Overnight,6,46,3,0,1,209.5,0.0,1,1,0,0
0,Early_Return,12,27,1,0,0,485.4906,1.0,0,0,1,0
0,Long_Term,12,23,4,0,0,151.0,0.0,1,0,0,0
0,Full_Day,6,52,6,1,1,2093.5,0.0,1,0,1,0
0,Early_Return,6,59,3,0,1,1528.0,0.0,1,0,0,0
0,Full_Day,13,7,6,1,0,1184.5,0.0,1,0,0,0
0,Early_Return,12,49,5,1,0,1035.4,0.0,1,0,0,0
1,Early_Return,6,37,1,0,1,1026.0,0.0,1,1,0,0
0,Early_Return,7,27,2,0,1,485.4906,0.0,1,0,0,0
0,Overnight,8,20,6,1,1,119.0,0.0,1,0,1,0
0,Full_Day,7,8,5,1,1,439.0,1.0,1,1,0,0
0,Early_Return,13,27,6,1,0,390.6666666666667,1.0,1,0,0,0
0,Early_Return,6,27,1,0,1,342.5,1.0,1,1,0,0
0,Overnight,12,39,3,0,0,485.4906,1.0,1,1,0,0
0,Full_Day,7,11,4,0,1,857.0,1.0,1,1,0,0
0,Early_Return,7,45,3,0,1,569.0,1.0,1,0,0,0
0,Full_Day,7,40,4,0,1,403.3333333333333,1.0,1,0,0,0
0,Early_Return,13,41,6,1,0,400.75,1.0,1,1,0,0
0,Early_Return,7,43,0,0,1,342.8,1.0,1,1,0,0
0,Full_Day,12,1,0,0,0,201.0,1.0,1,0,0,0
0,Long_Term,12,49,4,0,0,221.8,1.0,1,0,1,0
0,Full_Day,13,19,4,0,0,748.6,1.0,1,0,0,0
1,Early_Return,6,29,3,0,1,733.4,1.0,1,1,0,0
1,Early_Return,13,30,3,0,0,734.6,1.0,1,0,0,0
0,Full_Day,6,50,4,0,1,485.4906,1.0,1,0,0,0
0,Full_Day,6,28,2,0,1,448.0,0.0,1,1,0,0
0,Full_Day,13,3,3,0,0,451.0,0.0,1,0,0,0
0,Early_Return,6,22,6,1,1,392.6666666666667,0.0,1,0,0,0
0,Full_Day,13,6,6,1,0,325.25,0.0,1,1,0,0
0,Early_Return,7,0,5,1,1,316.0,0.0,1,0,0,0
0,Full_Day,6,39,1,0,1,246.4,0.0,1,0,0,1
0,Early_Return,6,36,3,0,1,237.4,0.0,1,0,1,0
1,Early_Return,6,29,0,0,1,215.6,0.0,1,0,1,0
1,Early_Return,6,35,1,0,1,212.4,0.0,1,0,0,0
0,Full_Day,13,11,3,0,0,485.4906,0.0,1,0,1,0
0,Early_Return,12,29,5,1,0,299.0,0.0,1,0,0,0
0,Full_Day,6,55,1,0,1,197.5,0.0,1,0,0,0
0,Early_Return,7,27,0,0,1,287.3333333333333,0.0,1,0,1,0
0,Long_Term,6,57,6,1,1,250.75,0.0,1,0,0,0
0,Full_Day,12,32,5,1,0,556.8,0.0,1,1,0,0
1,Early_Return,13,12,5,1,0,554.2,0.0,1,1,0,0
1,Overnight,6,59,4,0,1,548.6,0.0,1,1,0,0
0,Early_Return,12,39,6,1,0,485.4906,1.0,1,0,1,0
0,Overnight,7,23,4,0,1,166.0,0.0,1,0,0,1
0,Overnight,6,29,6,1,1,766.0,1.0,1,0,0,1
0,Full_Day,7,9,2,0,1,899.6666666666666,2.0,1,0,1,0
0,Full_Day,7,4,5,1,1,743.0,2.0,1,0,0,0
1,Early_Return,6,36,5,1,1,648.8,2.0,1,0,0,0
1,Full_Day,6,32,2,0,1,655.2,2.0,1,0,1,0
0,Early_Return,8,0,5,1,1,485.4906,2.0,1,0,0,0
0,Overnight,7,12,5,1,1,127.0,0.0,1,1,0,0
0,Full_Day,13,11,5,1,0,483.5,1.0,1,0,0,0
0,Full_Day,7,49,6,1,1,490.6666666666667,1.0,1,0,0,0
0,Early_Return,6,21,6,1,1,498.0,1.0,1,1,0,0
1,Full_Day,13,18,3,0,0,430.4,1.0,1,0,0,0
0,Full_Day,7,8,3,0,1,485.4906,1.0,1,1,0,0
0,Long_Term,12,38,4,0,0,381.0,0.0,1,0,1,0
0,Early_Return,7,52,4,0,1,1601.0,0.0,1,0,0,0
0,Overnight,7,49,1,0,1,1099.3333333333333,0.0,1,0,0,0
0,Full_Day,13,26,1,0,0,1069.0,1.0,1,0,0,0
0,Full_Day,7,0,4,0,1,949.8,1.0,1,1,0,0
0,Full_Day,7,58,4,0,1,930.0,1.0,1,0,0,0
0,Full_Day,6,9,1,0,1,485.4906,1.0,1,0,0,0
0,Overnight,6,57,3,0,1,314.0,0.0,1,0,1,0
0,Early_Return,7,16,5,1,1,549.0,1.0,1,0,1,0
0,Full_Day,6,52,6,1,1,430.6666666666667,1.0,1,0,1,0
0,Overnight,7,31,3,0,1,444.0,1.0,1,0,1,0
0,Long_Term,12,30,0,0,0,507.2,2.0,1,1,0,0
0,Overnight,7,25,3,0,1,1109.6,2.0,1,0,0,1
0,Full_Day,7,35,2,0,1,485.4906,3.0,1,1,0,0
0,Early_Return,13,5,0,0,0,367.0,0.0,1,0,0,0
0,Early_Return,12,25,3,0,0,259.5,0.0,1,0,0,0
0,Full_Day,6,50,1,0,1,214.66666666666666,0.0,1,1,0,0
0,Overnight,7,48,6,1,1,242.75,0.0,1,0,0,0
0,Full_Day,12,46,0,0,0,421.6,1.0,1,0,1,0
0,Early_Return,13,22,1,0,0,397.0,1.0,1,0,0,0
0,Early_Return,12,58,4,0,0,403.6,1.0,1,1,0,0
0,Early_Return,13,51,0,0,0,393.6,1.0,1,0,0,0
0,Early_Return,7,19,6,1,1,485.4906,1.0,1,1,0,0
0,Full_Day,12,8,3,0,0,91.0,0.0,1,0,0,0
0,Early_Return,7,8,4,0,1,226.0,0.0,1,0,1,0
0,Full_Day,6,37,5,1,1,183.0,0.0,1,0,1,0
0,Early_Return,12,58,2,0,0,212.0,0.0,1,0,0,0
0,Full_Day,12,21,2,0,0,206.8,0.0,1,0,1,0
0,Full_Day,6,48,3,0,1,249.4,0.0,1,1,0,0
0,Overnight,13,19,6,1,0,260.6,0.0,1,0,0,0
0,Full_Day,7,12,1,0,1,451.4,1.0,1,1,0,0
1,Early_Return,7,58,0,0,1,496.8,1.0,1,0,1,0
0,Full_Day,7,20,5,1,1,485.4906,1.0,1,0,0,1
0,Full_Day,7,28,4,0,1,361.0,0.0,1,0,0,0
0,Early_Return,13,18,4,0,0,375.0,0.0,1,0,0,1
0,Early_Return,6,13,6,1,1,485.4906,0.0,1,1,0,0
0,Early_Return,13,15,2,0,0,188.0,0.0,1,1,0,0
0,Early_Return,13,0,1,0,0,184.0,0.0,1,0,1,0
0,Early_Return,8,24,6,1,1,151.0,0.0,1,0,0,0
0,Full_Day,7,5,5,1,1,128.5,0.0,1,0,0,0
0,Full_Day,7,1,5,1,1,157.8,0.0,1,1,0,0
0,Early_Return,12,22,1,0,0,222.0,0.0,1,0,0,0
0,Early_Return,11,58,4,0,1,485.4906,0.0,1,0,0,0
0,Full_Day,7,17,6,1,1,96.0,0.0,1,0,1,0
0,Early_Return,6,44,0,0,1,172.0,0.0,1,1,0,0
0,Early_Return,6,27,0,0,1,149.33333333333334,0.0,1,1,0,0
0,Overnight,6,40,5,1,1,128.25,0.0,1,0,0,0
0,Overnight,6,25,6,1,1,364.4,1.0,1,0,0,0
0,Full_Day,12,37,5,1,0,566.6,2.0,1,0,1,0
1,Early_Return,7,28,2,0,1,600.2,2.0,1,1,0,0
1,Long_Term,12,11,2,0,0,605.6,2.0,1,1,0,0
1,Full_Day,7,29,2,0,1,887.6,2.0,1,1,0,0
1,Full_Day,12,47,1,0,0,717.4,2.0,1,0,0,0
0,Early_Return,11,55,0,0,1,485.4906,2.0,1,0,1,0
0,Full_Day,12,31,1,0,0,124.0,0.0,1,0,0,1
1,Early_Return,6,43,2,0,1,278.0,0.0,1,0,0,0
0,Full_Day,13,37,5,1,0,485.4906,0.0,1,0,0,1
0,Full_Day,6,1,4,0,1,245.0,0.0,1,1,0,0
0,Full_Day,7,42,1,0,1,313.5,0.0,1,0,0,0
0,Early_Return,13,14,1,0,0,304.3333333333333,0.0,1,0,1,0
0,Overnight,12,27,5,1,0,279.75,0.0,1,0,1,0
0,Early_Return,13,40,1,0,0,372.6,1.0,1,0,0,0
1,Full_Day,7,19,2,0,1,344.0,1.0,1,0,0,0
1,Full_Day,12,28,1,0,0,337.0,1.0,1,1,0,0
1,Full_Day,7,10,5,1,1,380.8,1.0,1,0,0,0
0,Full_Day,12,35,3,0,0,485.4906,1.0,1,0,0,0
0,Early_Return,7,11,2,0,1,264.0,0.0,1,0,0,0
0,Full_Day,8,6,6,1,1,220.5,0.0,1,1,0,0
0,Full_Day,12,33,6,1,0,310.6666666666667,0.0,1,0,0,0
0,Early_Return,13,43,6,1,0,336.75,0.0,1,0,0,0
0,Early_Return,7,40,5,1,1,287.2,0.0,1,0,0,0
0,Full_Day,6,59,6,1,1,264.8,0.0,1,0,0,0
1,Early_Return,6,45,3,0,1,334.0,0.0,1,1,0,0
0,Full_Day,6,24,4,0,1,485.4906,0.0,1,0,1,0
0,Early_Return,7,41,5,1,1,279.0,0.0,1,0,1,0
0,Early_Return,7,38,1,0,1,169.5,0.0,1,1,0,0
0,Full_Day,13,13,4,0,0,161.66666666666666,0.0,1,1,0,0
0,Early_Return,13,34,1,0,0,182.5,0.0,1,0,0,1
0,Full_Day,6,18,1,0,1,176.8,0.0,1,0,0,0
1,Full_Day,12,22,3,0,0,205.2,0.0,1,0,0,1
1,Early_Return,12,44,4,0,0,300.0,0.0,1,1,0,0
0,Long_Term,6,42,1,0,1,485.4906,0.0,1,0,0,1
0,Overnight,12,35,1,0,0,3757.0,0.0,1,0,0,1
0,Full_Day,12,27,6,1,0,2347.0,1.0,1,1,0,0
0,Full_Day,13,19,6,1,0,1709.0,1.0,1,0,0,0
0,Full_Day,12,56,3,0,0,1397.5,1.0,1,1,0,0
0,Early_Return,12,28,6,1,0,1184.6,1.0,1,1,0,0
0,Early_Return,12,24,3,0,0,450.6,1.0,1,1,0,0
0,Full_Day,7,23,3,0,1,288.2,1.0,0,0,0,0
1,Early_Return,7,18,3,0,1,268.0,1.0,1,0,0,0
1,Full_Day,6,35,3,0,1,193.8,1.0,1,0,0,1
0,Full_Day,6,58,6,1,1,485.4906,1.0,1,1,0,0
0,Overnight,6,33,1,0,1,475.0,0.0,0,0,1,0
0,Early_Return,6,32,0,0,1,824.5,1.0,1,0,0,0
0,Overnight,12,42,3,0,0,601.3333333333334,1.0,1,1,0,0
0,Full_Day,7,41,2,0,1,801.75,2.0,1,1,0,0
0,Early_Return,12,1,5,1,0,734.0,2.0,1,0,0,0
1,Early_Return,12,23,4,0,0,665.6,2.0,1,1,0,0
0,Overnight,7,9,2,0,1,485.4906,2.0,1,0,0,1
0,Overnight,11,53,2,0,1,856.0,1.0,1,0,1,0
0,Full_Day,12,37,4,0,0,1020.0,2.0,1,0,1,0
0,Early_Return,6,52,6,1,1,809.6666666666666,2.0,1,1,0,0
0,Overnight,6,28,0,0,1,656.0,2.0,1,0,0,0
0,Full_Day,12,29,5,1,0,723.6,3.0,1,0,0,1
0,Full_Day,6,36,4,0,1,612.4,3.0,1,1,0,0
1,Full_Day,7,24,4,0,1,483.4,3.0,1,0,0,1
0,Early_Return,12,17,4,0,0,485.4906,3.0,1,0,0,0
0,Full_Day,12,33,6,1,0,104.0,0.0,1,1,0,0
0,Early_Return,6,33,1,0,1,287.0,0.0,1,1,0,0
0,Early_Return,7,0,5,1,1,230.33333333333334,0.0,1,0,0,1
0,Early_Return,7,8,3,0,1,203.5,0.0,1,0,0,0
0,Full_Day,6,22,6,1,1,184.6,0.0,1,0,0,0
1,Early_Return,8,24,0,0,1,255.2,0.0,1,1,0,0
1,Early_Return,12,33,0,0,0,192.4,0.0,1,0,0,1
0,Full_Day,6,57,2,0,1,485.4906,0.0,1,0,0,0
0,Full_Day,12,51,5,1,0,536.0,0.0,1,0,1,0
0,Early_Return,7,17,0,0,1,473.5,0.0,1,1,0,0
0,Long_Term,12,27,2,0,0,339.6666666666667,0.0,1,0,0,0
0,Full_Day,13,50,5,1,0,975.25,0.0,1,0,0,0
0,Full_Day,12,58,4,0,0,886.8,0.0,1,0,0,1
0,Full_Day,12,39,2,0,0,881.2,0.0,1,1,0,0
0,Full_Day,6,48,4,0,1,485.4906,0.0,1,0,0,0
0,Full_Day,7,12,5,1,1,475.0,0.0,1,0,0,0
0,Full_Day,6,48,1,0,1,410.5,0.0,1,1,0,0
0,Full_Day,7,20,6,1,1,380.3333333333333,0.0,1,0,1,0
0,Full_Day,7,2,3,0,1,377.25,0.0,1,0,0,1
0,Full_Day,12,54,2,0,0,377.4,0.0,1,0,1,0
1,Early_Return,7,38,2,0,1,382.0,0.0,1,0,0,0
0,Full_Day,12,58,1,0,0,485.4906,0.0,1,0,0,0
0,Early_Return,6,53,1,0,1,275.0,0.0,1,0,1,0
0,Full_Day,6,36,2,0,1,180.0,0.0,1,0,1,0
0,Long_Term,6,30,3,0,1,229.0,0.0,1,0,0,0
0,Full_Day,6,42,5,1,1,656.0,0.0,1,1,0,0
0,Early_Return,6,52,6,1,1,582.0,0.0,1,0,0,0
0,Overnight,6,59,5,1,1,568.4,0.0,1,1,0,0
0,Early_Return,6,16,0,0,1,823.2,1.0,1,0,1,0
0,Early_Return,13,38,6,1,0,780.4,1.0,1,1,0,0
0,Early_Return,6,8,5,1,1,410.0,1.0,1,1,0,0
0,Early_Return,6,55,0,0,1,374.6,1.0,1,0,0,0
0,Overnight,7,4,0,0,1,351.8,1.0,1,0,0,0
1,Full_Day,6,39,3,0,1,224.0,2.0,1,0,0,0
0,Full_Day,7,36,4,0,1,485.4906,2.0,1,1,0,0
0,Full_Day,6,54,1,0,1,493.0,0.0,1,0,1,0
0,Early_Return,7,2,4,0,1,429.5,0.0,1,1,0,0
1,Full_Day,13,2,3,0,0,347.3333333333333,0.0,1,1,0,0
0,Early_Return,13,15,5,1,0,485.4906,0.0,1,0,0,1
0,Overnight,7,0,2,0,1,193.0,0.0,1,0,0,0
0,Full_Day,7,16,5,1,1,593.5,1.0,1,1,0,0
0,Full_Day,12,27,5,1,0,498.6666666666667,1.0,1,0,0,0
1,Full_Day,7,6,6,1,1,481.5,1.0,1,0,0,0
1,Early_Return,7,25,4,0,1,444.8,1.0,1,0,0,0
0,Full_Day,7,0,2,0,1,485.4906,1.0,1,0,0,0
0,Full_Day,13,13,4,0,0,492.0,0.0,1,0,1,0
0,Early_Return,6,31,2,0,1,468.5,0.0,1,0,0,0
0,Early_Return,7,1,3,0,1,345.6666666666667,0.0,1,0,1,0
0,Full_Day,7,37,5,1,1,305.0,0.0,1,0,0,0
0,Full_Day,7,7,2,0,1,301.8,0.0,1,1,0,0
0,Full_Day,11,58,5,1,1,262.4,0.0,1,1,0,0
0,Full_Day,12,3,3,0,0,228.0,0.0,1,0,0,0
0,Full_Day,7,14,3,0,1,485.4906,0.0,1,0,0,0
0,Early_Return,7,3,3,0,1,436.0,0.0,1,0,0,0
0,Overnight,7,2,3,0,1,322.0,0.0,1,0,0,0
0,Full_Day,6,46,2,0,1,461.6666666666667,1.0,1,0,1,0
1,Full_Day,7,21,3,0,1,433.0,1.0,1,0,1,0
1,Full_Day,13,23,6,1,0,446.8,1.0,1,0,0,0
0,Full_Day,11,45,0,0,1,485.4906,1.0,1,1,0,0
0,Full_Day,6,11,2,0,1,358.0,0.0,1,0,0,0
0,Overnight,6,33,6,1,1,303.0,0.0,1,1,0,0
0,Full_Day,6,44,3,0,1,645.0,1.0,1,0,0,0
0,Full_Day,6,12,6,1,1,565.25,1.0,1,0,0,1
0,Full_Day,12,36,2,0,0,555.0,1.0,1,0,0,0
0,Early_Return,7,46,1,0,1,588.2,1.0,1,0,0,0
0,Full_Day,12,18,6,1,0,571.6,1.0,1,1,0,0
0,Full_Day,13,15,6,1,0,374.8,1.0,1,0,1,0
0,Full_Day,5,59,3,0,1,409.4,1.0,1,0,0,0
1,Long_Term,6,59,1,0,1,371.2,1.0,1,1,0,0
0,Full_Day,8,1,4,0,1,485.4906,1.0,1,0,0,0
0,Early_Return,11,14,2,0,1,270.0,0.0,1,0,0,0
0,Full_Day,7,5,5,1,1,180.5,0.0,1,0,1,0
0,Full_Day,7,42,1,0,1,243.66666666666666,0.0,1,0,1,0
0,Full_Day,12,26,4,0,0,290.0,0.0,1,0,0,0
0,Full_Day,6,30,5,1,1,286.4,0.0,1,0,0,0
1,Early_Return,11,58,4,0,1,335.2,0.0,1,0,0,0
1,Early_Return,6,50,1,0,1,353.2,0.0,1,0,1,0
0,Early_Return,14,9,2,0,0,485.4906,0.0,1,1,0,0
0,Overnight,11,30,1,0,1,68.0,0.0,1,0,0,0
0,Full_Day,6,54,1,0,1,517.5,1.0,1,0,0,0
1,Full_Day,12,47,5,1,0,444.3333333333333,1.0,1,0,0,1
0,Early_Return,7,2,0,0,1,485.4906,1.0,1,0,0,0
0,Early_Return,12,24,1,0,0,136.0,0.0,1,0,1,0
0,Full_Day,12,47,3,0,0,165.0,0.0,1,0,0,0
0,Full_Day,7,20,0,0,1,217.66666666666666,0.0,1,0,0,0
0,Full_Day,7,10,0,0,1,242.25,0.0,1,0,0,0
0,Long_Term,6,39,4,0,1,485.4906,0.0,1,1,0,0
0,Overnight,6,40,5,1,1,2319.0,0.0,1,1,0,0
0,Full_Day,6,40,3,0,1,1678.5,1.0,1,0,1,0
0,Early_Return,12,46,3,0,0,1277.0,1.0,1,0,0,1
0,Full_Day,6,22,0,0,1,972.75,1.0,1,1,0,0
1,Early_Return,7,10,5,1,1,826.6,1.0,1,0,0,0
0,Early_Return,7,3,1,0,1,485.4906,1.0,1,0,0,0
0,Full_Day,6,54,1,0,1,87.0,0.0,1,0,0,0
0,Early_Return,13,22,1,0,0,283.5,0.0,1,0,0,1
1,Early_Return,12,43,5,1,0,226.0,0.0,1,1,0,0
0,Early_Return,13,6,6,1,0,485.4906,0.0,1,0,0,0
0,Full_Day,13,3,0,0,0,96.0,0.0,1,0,0,0
0,Full_Day,6,59,2,0,1,213.0,0.0,1,1,0,0
0,Early_Return,7,17,0,0,1,235.33333333333334,0.0,1,0,0,0
1,Full_Day,11,53,0,0,1,226.0,0.0,1,0,0,0
1,Full_Day,7,25,2,0,1,249.8,0.0,1,0,0,1
0,Early_Return,6,43,1,0,1,485.4906,0.0,1,0,0,0
0,Full_Day,7,56,2,0,1,107.0,0.0,1,0,0,0
0,Overnight,12,40,6,1,0,319.5,0.0,1,0,0,1
0,Early_Return,6,45,2,0,1,648.0,1.0,1,1,0,0
0,Early_Return,7,10,2,0,1,510.25,1.0,1,0,0,1
1,Full_Day,6,27,0,0,1,433.0,1.0,1,1,0,0
1,Full_Day,6,35,5,1,1,468.6,1.0,1,1,0,0
0,Overnight,13,32,4,0,0,485.4906,1.0,1,1,0,0
0,Full_Day,6,21,1,0,1,1350.0,1.0,1,0,0,1
0,Full_Day,13,2,4,0,0,932.5,1.0,1,0,0,0
0,Early_Return,7,2,4,0,1,710.6666666666666,1.0,1,1,0,0
0,Full_Day,6,49,3,0,1,548.25,1.0,1,1,0,0
0,Early_Return,7,21,2,0,1,537.6,1.0,1,0,1,0
0,Full_Day,7,44,4,0,1,282.8,1.0,1,0,1,0
0,Full_Day,12,19,0,0,0,269.4,1.0,1,0,0,0
0,Full_Day,12,18,5,1,0,485.4906,1.0,1,0,0,0
0,Full_Day,12,48,3,0,0,245.0,0.0,1,0,0,0
0,Full_Day,6,52,5,1,1,485.4906,0.0,1,0,1,0
0,Full_Day,12,12,6,1,0,502.0,0.0,1,1,0,0
0,Full_Day,12,54,1,0,0,446.5,0.0,1,0,1,0
0,Full_Day,6,18,5,1,1,458.3333333333333,0.0,1,0,0,0
0,Full_Day,7,24,2,0,1,475.5,0.0,1,0,0,0
0,Early_Return,7,32,3,0,1,448.6,0.0,1,0,0,1
0,Full_Day,7,14,1,0,1,384.6,0.0,1,0,0,1
0,Early_Return,7,21,3,0,1,360.0,0.0,1,0,1,0
0,Full_Day,7,30,0,0,1,282.8,0.0,1,1,0,0
0,Early_Return,13,10,4,0,0,263.4,0.0,1,0,0,0
0,Overnight,6,44,5,1,1,227.2,0.0,1,0,0,0
0,Overnight,7,19,1,0,1,485.4906,1.0,1,1,0,0
0,Early_Return,11,57,2,0,1,1317.0,1.0,1,0,0,0
0,Overnight,12,22,2,0,0,737.5,1.0,1,0,1,0
0,Full_Day,12,21,6,1,0,813.0,2.0,1,1,0,0
0,Early_Return,13,6,0,0,0,683.5,2.0,1,0,0,1
0,Full_Day,7,7,1,0,1,485.4906,2.0,1,0,1,0
0,Full_Day,6,43,0,0,1,431.0,0.0,1,0,0,0
0,Full_Day,5,36,0,0,1,462.5,0.0,1,1,0,0
0,Early_Return,7,1,4,0,1,480.6666666666667,0.0,1,0,0,0
0,Full_Day,6,39,5,1,1,402.5,0.0,1,0,1,0
0,Full_Day,7,21,5,1,1,404.2,0.0,1,0,0,1
0,Full_Day,7,0,3,0,1,422.0,0.0,1,1,0,0
0,Full_Day,12,38,4,0,0,410.8,0.0,1,0,0,0
0,Early_Return,6,49,3,0,1,485.4906,0.0,1,0,0,1
0,Full_Day,13,15,2,0,0,66.0,0.0,1,0,0,0
0,Full_Day,6,10,0,0,1,176.5,0.0,1,0,0,1
0,Early_Return,7,46,6,1,1,216.33333333333334,0.0,1,1,0,0
0,Long_Term,6,56,4,0,1,187.75,0.0,1,0,0,0
0,Early_Return,12,54,0,0,0,830.8,0.0,1,0,0,0
0,Full_Day,7,42,3,0,1,854.6,0.0,1,0,0,0
1,Full_Day,6,57,0,0,1,869.2,0.0,1,0,0,0
0,Full_Day,7,34,4,0,1,485.4906,0.0,1,1,0,0
0,Full_Day,6,59,4,0,1,485.4906,0.0,1,1,0,0
0,Full_Day,13,12,2,0,0,243.0,0.0,1,1,0,0
0,Full_Day,6,30,3,0,1,366.5,0.0,1,0,1,0
0,Overnight,7,41,3,0,1,412.6666666666667,0.0,1,1,0,0
0,Early_Return,7,35,2,0,1,615.0,1.0,1,1,0,0
0,Full_Day,8,5,0,0,1,509.6,1.0,1,0,0,0
0,Long_Term,7,0,0,0,1,513.2,1.0,1,1,0,0
1,Full_Day,11,56,4,0,1,980.2,1.0,1,1,0,0
0,Early_Return,12,15,5,1,0,485.4906,1.0,1,0,0,0
0,Early_Return,12,49,0,0,0,82.0,0.0,1,0,0,1
0,Early_Return,7,8,2,0,1,97.0,0.0,1,0,1,0
0,Full_Day,6,59,4,0,1,100.66666666666667,0.0,1,0,0,0
0,Overnight,6,31,3,0,1,187.5,0.0,1,0,0,0
1,Full_Day,12,36,3,0,0,295.4,1.0,1,0,0,0
1,Early_Return,6,39,5,1,1,365.4,1.0,1,0,0,0
1,Early_Return,12,22,1,0,0,381.8,1.0,1,1,0,0
0,Full_Day,6,56,4,0,1,485.4906,1.0,1,1,0,0
0,Early_Return,6,49,4,0,1,486.0,0.0,1,1,0,0
0,Full_Day,7,33,4,0,1,303.5,0.0,1,0,0,0
0,Early_Return,12,46,4,0,0,322.3333333333333,0.0,1,0,0,0
0,Full_Day,13,52,3,0,0,283.75,0.0,1,0,0,0
0,Early_Return,7,10,5,1,1,296.6,0.0,1,0,1,0
1,Long_Term,7,36,4,0,1,228.8,0.0,1,0,0,0
0,Full_Day,13,16,1,0,0,485.4906,0.0,1,0,0,0
0,Early_Return,6,0,2,0,1,273.0,0.0,1,1,0,0
0,Early_Return,12,36,0,0,0,178.5,0.0,1,1,0,0
0,Full_Day,12,30,0,0,0,177.0,0.0,1,1,0,0
0,Full_Day,6,54,1,0,1,233.25,0.0,1,1,0,0
1,Early_Return,11,52,1,0,1,280.6,0.0,1,1,0,0
0,Early_Return,12,41,2,0,0,485.4906,0.0,1,0,0,1
0,Full_Day,13,39,5,1,0,137.0,0.0,1,0,0,0
0,Overnight,12,23,1,0,0,279.5,0.0,1,0,0,0
0,Early_Return,7,16,2,0,1,661.0,1.0,1,0,1,0
0,Full_Day,13,25,4,0,0,521.25,1.0,1,0,0,0
0,Long_Term,6,4,2,0,1,476.0,1.0,1,1,0,0
1,Early_Return,7,4,6,1,1,1104.6,1.0,1,0,1,0
0,Early_Return,12,50,5,1,0,485.4906,1.0,1,1,0,0
0,Full_Day,12,37,0,0,0,178.0,0.0,1,0,0,0
0,Full_Day,7,59,0,0,1,288.5,0.0,1,1,0,0
0,Early_Return,6,31,6,1,1,281.6666666666667,0.0,1,0,0,0
0,Overnight,12,30,2,0,0,245.0,0.0,1,0,1,0
0,Full_Day,6,35,6,1,1,481.6,1.0,1,0,0,0
0,Full_Day,7,5,6,1,1,517.2,1.0,1,0,0,0
0,Full_Day,7,12,3,0,1,498.0,1.0,1,0,0,0
0,Full_Day,7,45,5,1,1,507.4,1.0,1,0,0,1
0,Early_Return,12,43,1,0,0,533.4,1.0,1,0,0,0
0,Full_Day,12,27,6,1,0,485.4906,1.0,1,0,1,0
0,Full_Day,7,17,0,0,1,396.0,0.0,1,0,0,0
0,Full_Day,6,57,2,0,1,329.5,0.0,1,0,0,0
0,Full_Day,12,59,6,1,0,336.3333333333333,0.0,1,1,0,0
0,Full_Day,13,31,2,0,0,366.25,0.0,1,0,0,0
1,Early_Return,7,7,0,0,1,378.2,0.0,1,1,0,0
1,Early_Return,6,20,1,0,1,336.4,0.0,1,0,0,0
1,Full_Day,12,29,1,0,0,313.6,0.0,1,0,0,0
1,Full_Day,6,52,2,0,1,344.6,0.0,1,1,0,0
0,Full_Day,6,59,4,0,1,485.4906,0.0,1,0,0,0
0,Overnight,7,14,1,0,1,485.4906,0.0,1,0,0,0
0,Long_Term,7,27,1,0,1,1377.0,1.0,1,0,1,0
0,Full_Day,12,48,6,1,0,2245.5,1.0,1,0,0,0
0,Full_Day,13,14,6,1,0,1581.0,1.0,1,0,1,0
0,Early_Return,6,17,2,0,1,1262.25,1.0,1,1,0,0
0,Early_Return,13,25,2,0,0,1035.4,1.0,1,1,0,0
0,Overnight,8,6,0,0,1,786.8,1.0,1,1,0,0
0,Early_Return,6,53,2,0,1,349.8,2.0,1,0,1,0
0,Early_Return,6,55,4,0,1,319.2,2.0,1,0,0,0
0,Full_Day,7,26,4,0,1,295.4,2.0,1,0,0,0
0,Early_Return,6,13,5,1,1,318.8,2.0,1,0,1,0
0,Long_Term,6,30,3,0,1,315.4,2.0,1,0,1,0
0,Full_Day,12,5,3,0,0,862.8,2.0,1,0,1,0
1,Full_Day,6,7,1,0,1,900.4,2.0,1,1,0,0
1,Early_Return,6,52,4,0,1,911.4,2.0,1,1,0,0
0,Early_Return,7,12,2,0,1,485.4906,2.0,1,1,0,0
0,Full_Day,7,3,1,0,1,153.0,0.0,1,0,0,1
1,Full_Day,12,25,1,0,0,271.0,0.0,1,0,0,0
1,Full_Day,11,55,5,1,1,319.0,0.0,1,0,1,0
0,Full_Day,6,18,1,0,1,485.4906,0.0,1,0,0,0
0,Full_Day,6,16,3,0,1,362.0,0.0,1,1,0,0
0,Overnight,7,48,1,0,1,367.5,0.0,1,0,1,0
1,Full_Day,6,54,2,0,1,674.3333333333334,1.0,1,0,0,0
0,Overnight,12,6,6,1,0,485.4906,1.0,1,0,0,0
0,Early_Return,7,18,1,0,1,1243.0,1.0,1,1,0,0
0,Full_Day,7,30,1,0,1,722.5,1.0,1,0,0,1
0,Overnight,6,52,6,1,1,573.6666666666666,1.0,1,0,1,0
0,Full_Day,7,44,2,0,1,665.0,2.0,1,1,0,0
0,Full_Day,12,3,4,0,0,618.6,2.0,1,0,1,0
0,Overnight,7,13,3,0,1,462.6,2.0,1,0,0,0
0,Full_Day,12,25,5,1,0,681.4,3.0,1,0,1,0
0,Full_Day,12,49,0,0,0,733.2,3.0,0,1,0,0
0,Full_Day,6,35,3,0,1,629.4,3.0,0,0,0,0
1,Overnight,7,10,1,0,1,595.2,3.0,1,1,0,0
0,Early_Return,6,46,6,1,1,485.4906,4.0,1,1,0,0
0,Early_Return,6,54,0,0,1,158.0,0.0,1,0,1,0
0,Early_Return,6,45,4,0,1,153.5,0.0,1,1,0,0
0,Early_Return,7,9,4,0,1,138.0,0.0,1,1,0,0
0,Full_Day,12,48,1,0,0,130.0,0.0,1,1,0,0
0,Full_Day,8,0,6,1,1,165.8,0.0,1,1,0,0
1,Full_Day,6,47,6,1,1,212.0,0.0,1,0,0,1
1,Full_Day,7,30,3,0,1,264.8,0.0,1,0,0,0
0,Early_Return,7,18,4,0,1,485.4906,0.0,1,0,0,0
0,Full_Day,7,0,4,0,1,107.0,0.0,1,1,0,0
0,Early_Return,13,4,6,1,0,213.5,0.0,1,0,0,0
1,Early_Return,7,2,0,0,1,162.66666666666666,0.0,1,0,0,1
1,Full_Day,12,32,2,0,0,151.75,0.0,1,1,0,0
1,Full_Day,12,8,5,1,0,211.8,0.0,1,0,0,0
1,Full_Day,7,45,1,0,1,255.2,0.0,1,0,0,1
0,Early_Return,7,7,5,1,1,485.4906,0.0,1,0,0,0
0,Full_Day,7,19,0,0,1,148.0,0.0,1,1,0,0
0,Early_Return,6,43,6,1,1,204.0,0.0,1,0,0,0
0,Early_Return,6,41,3,0,1,190.33333333333334,0.0,1,1,0,0
0,Full_Day,7,4,0,0,1,160.25,0.0,1,1,0,0
0,Early_Return,12,24,0,0,0,198.8,0.0,1,1,0,0
0,Full_Day,6,49,3,0,1,204.2,0.0,1,1,0,0
0,Early_Return,12,37,6,1,0,235.2,0.0,1,0,1,0
0,Early_Return,12,20,5,1,0,485.4906,0.0,1,0,0,0
0,Full_Day,12,55,1,0,0,183.0,0.0,1,0,0,0
0,Full_Day,12,7,2,0,0,222.5,0.0,1,0,0,0
0,Overnight,7,17,4,0,1,322.0,0.0,1,0,1,0
0,Full_Day,7,22,4,0,1,584.0,1.0,1,0,0,0
0,Full_Day,12,58,4,0,0,529.2,1.0,1,0,0,0
0,Full_Day,6,27,0,0,1,596.0,1.0,1,0,1,0
0,Full_Day,11,56,6,1,1,593.0,1.0,1,1,0,0
0,Full_Day,5,33,0,0,1,485.4906,1.0,1,0,1,0
0,Early_Return,12,31,2,0,0,354.0,0.0,1,0,0,0
0,Early_Return,12,18,0,0,0,240.0,0.0,1,0,0,0
0,Full_Day,6,34,3,0,1,219.33333333333334,0.0,1,0,0,1
0,Early_Return,6,32,2,0,1,293.0,0.0,1,0,1,0
0,Early_Return,13,10,6,1,0,251.6,0.0,1,0,0,0
1,Overnight,7,18,0,0,1,198.0,0.0,1,0,1,0
1,Early_Return,11,59,0,0,1,346.8,1.0,1,1,0,0
0,Early_Return,8,3,5,1,1,485.4906,1.0,1,0,0,0
0,Full_Day,6,7,3,0,1,88.0,0.0,1,0,0,0
0,Early_Return,12,38,2,0,0,274.0,0.0,1,0,0,0
0,Early_Return,7,27,5,1,1,227.66666666666666,0.0,1,0,0,0
0,Overnight,7,7,1,0,1,216.25,0.0,1,0,1,0
0,Full_Day,6,48,2,0,1,374.0,1.0,1,1,0,0
0,Full_Day,6,33,3,0,1,427.4,1.0,1,0,1,0
0,Full_Day,7,58,0,0,1,427.4,1.0,1,1,0,0
0,Full_Day,6,27,6,1,1,457.2,1.0,1,0,1,0
1,Long_Term,13,30,2,0,0,473.0,1.0,1,1,0,0
1,Early_Return,7,20,2,0,1,611.2,1.0,1,0,0,0
0,Early_Return,8,1,5,1,1,485.4906,1.0,0,1,0,0
0,Full_Day,7,6,3,0,1,199.0,0.0,1,0,0,0
0,Full_Day,13,14,4,0,0,302.5,0.0,1,1,0,0
0,Full_Day,12,48,3,0,0,312.3333333333333,0.0,1,0,0,1
0,Full_Day,6,48,5,1,1,337.25,0.0,1,0,0,1
0,Early_Return,7,28,4,0,1,485.4906,0.0,1,0,1,0
0,Full_Day,6,54,0,0,1,152.0,0.0,1,0,0,0
0,Early_Return,13,27,2,0,0,318.0,0.0,1,1,0,0
0,Early_Return,6,36,3,0,1,280.3333333333333,0.0,1,0,0,0
0,Overnight,7,9,5,1,1,232.5,0.0,1,0,0,0
1,Early_Return,13,42,4,0,0,467.2,1.0,1,1,0,0
0,Early_Return,12,59,3,0,0,485.4906,1.0,1,1,0,0
0,Full_Day,7,8,6,1,1,142.0,0.0,1,0,0,0
0,Early_Return,6,58,3,0,1,236.5,0.0,1,1,0,0
0,Full_Day,13,3,0,0,0,193.33333333333334,0.0,1,0,0,1
0,Long_Term,12,46,5,1,0,231.75,0.0,1,0,0,1
0,Long_Term,6,52,4,0,1,491.4,0.0,1,0,0,1
0,Full_Day,6,19,1,0,1,975.2,0.0,1,0,1,0
0,Full_Day,13,10,6,1,0,994.0,0.0,1,0,0,0
1,Early_Return,7,19,3,0,1,1030.0,0.0,1,0,0,1
0,Early_Return,13,7,0,0,0,485.4906,0.0,1,0,1,0
0,Full_Day,12,11,6,1,0,126.0,0.0,1,0,0,0
0,Full_Day,7,57,6,1,1,226.0,0.0,1,0,1,0
0,Overnight,7,55,2,0,1,324.6666666666667,0.0,1,1,0,0
0,Full_Day,13,1,5,1,0,598.0,1.0,1,0,0,0
1,Full_Day,6,24,3,0,1,537.0,1.0,1,0,0,0
1,Early_Return,6,41,0,0,1,619.0,1.0,1,0,1,0
1,Early_Return,12,40,1,0,0,574.2,1.0,1,0,0,0
0,Early_Return,6,27,2,0,1,485.4906,1.0,1,0,0,0
0,Full_Day,6,46,2,0,1,184.0,0.0,1,0,0,0
0,Overnight,13,27,6,1,0,332.0,0.0,1,1,0,0
0,Early_Return,13,27,5,1,0,574.6666666666666,1.0,1,0,1,0
0,Early_Return,12,29,3,0,0,480.75,1.0,1,1,0,0
0,Full_Day,6,34,2,0,1,423.0,1.0,1,0,0,0
0,Full_Day,7,31,3,0,1,476.2,1.0,1,0,1,0
1,Early_Return,12,28,3,0,0,451.0,1.0,1,0,1,0
0,Full_Day,7,41,5,1,1,485.4906,1.0,1,1,0,0
0,Early_Return,12,43,3,0,0,307.0,0.0,1,1,0,0
0,Full_Day,12,38,0,0,0,184.5,0.0,1,1,0,0
0,Overnight,12,25,3,0,0,299.3333333333333,0.0,1,0,0,1
0,Full_Day,6,36,5,1,1,466.25,1.0,1,1,0,0
0,Full_Day,7,17,0,0,1,432.8,1.0,1,0,1,0
0,Full_Day,7,1,4,0,1,470.4,1.0,1,0,0,1
0,Early_Return,7,26,4,0,1,537.0,1.0,1,1,0,0
0,Full_Day,8,35,5,1,1,472.4,1.0,1,0,0,0
1,Full_Day,7,12,0,0,1,336.6,1.0,1,1,0,0
1,Early_Return,12,46,0,0,0,353.2,1.0,1,0,0,0
1,Full_Day,13,6,4,0,0,276.8,1.0,1,0,1,0
1,Early_Return,7,39,0,0,1,251.8,1.0,1,0,1,0
0,Early_Return,12,40,2,0,0,485.4906,1.0,1,1,0,0
0,Early_Return,6,40,0,0,1,146.0,0.0,0,1,0,0
0,Early_Return,7,15,6,1,1,149.5,0.0,1,0,0,0
0,Full_Day,12,11,0,0,0,157.0,0.0,1,1,0,0
0,Full_Day,7,46,2,0,1,182.5,0.0,1,0,0,0
0,Full_Day,7,2,6,1,1,243.6,0.0,1,0,0,0
1,Early_Return,12,0,6,1,0,276.8,0.0,1,0,0,0
1,Full_Day,6,36,1,0,1,258.2,0.0,1,0,1,0
1,Full_Day,6,56,6,1,1,293.4,0.0,1,0,1,0
0,Early_Return,6,47,5,1,1,485.4906,0.0,1,0,1,0
0,Full_Day,7,13,2,0,1,163.0,0.0,1,0,0,0
0,Full_Day,12,37,1,0,0,299.5,0.0,1,1,0,0
0,Full_Day,6,23,4,0,1,333.0,0.0,1,0,0,0
0,Early_Return,12,41,1,0,0,312.0,0.0,1,0,0,0
0,Full_Day,12,28,6,1,0,283.6,0.0,1,0,0,0
0,Full_Day,6,23,3,0,1,343.2,0.0,1,0,0,0
0,Full_Day,7,19,4,0,1,357.2,0.0,1,0,0,0
1,Early_Return,12,17,2,0,0,325.8,0.0,1,0,1,0
1,Early_Return,7,7,4,0,1,297.4,0.0,1,0,0,0
0,Full_Day,12,12,2,0,0,485.4906,0.0,1,1,0,0
0,Full_Day,6,37,1,0,1,308.0,0.0,1,1,0,0
0,Full_Day,7,43,0,0,1,355.0,0.0,1,0,1,0
0,Early_Return,7,27,2,0,1,334.0,0.0,1,1,0,0
0,Full_Day,12,8,6,1,0,272.25,0.0,1,0,0,1
1,Overnight,6,55,3,0,1,292.0,0.0,1,0,0,0
0,Full_Day,13,2,4,0,0,485.4906,1.0,1,0,0,0
0,Full_Day,7,48,3,0,1,283.0,0.0,1,0,1,0
0,Long_Term,7,16,1,0,1,405.5,0.0,1,0,0,0
0,Overnight,7,16,3,0,1,1707.6666666666667,0.0,1,1,0,0
0,Early_Return,7,5,3,0,1,1471.0,1.0,1,0,1,0
0,Early_Return,12,20,3,0,0,1217.8,1.0,1,0,0,0
0,Early_Return,6,42,5,1,1,1183.2,1.0,1,0,0,0
1,Full_Day,6,37,4,0,1,1093.8,1.0,1,0,1,0
0,Early_Return,6,14,0,0,1,485.4906,1.0,1,0,1,0
0,Full_Day,6,17,2,0,1,204.0,0.0,1,0,0,0
0,Full_Day,6,38,5,1,1,252.0,0.0,1,0,1,0
0,Early_Return,7,21,4,0,1,269.0,0.0,1,0,0,0
0,Full_Day,12,6,2,0,0,247.75,0.0,1,1,0,0
0,Early_Return,6,19,1,0,1,258.2,0.0,1,0,0,0
0,Early_Return,12,22,2,0,0,233.8,0.0,1,1,0,0
1,Early_Return,11,56,4,0,1,189.6,0.0,1,1,0,0
0,Early_Return,12,37,1,0,0,485.4906,0.0,1,1,0,0
0,Early_Return,12,46,2,0,0,180.0,0.0,0,0,1,0
0,Full_Day,7,40,5,1,1,147.5,0.0,1,0,1,0
0,Overnight,6,40,5,1,1,264.6666666666667,0.0,1,0,0,0
0,Full_Day,6,49,4,0,1,502.0,1.0,1,0,0,0
0,Early_Return,12,57,4,0,0,485.4906,1.0,1,0,1,0
0,Full_Day,6,58,0,0,1,141.0,0.0,1,0,0,1
0,Long_Term,8,11,6,1,1,281.0,0.0,1,0,1,0
0,Early_Return,6,42,6,1,1,1488.0,0.0,1,1,0,0
0,Full_Day,12,40,4,0,0,1140.75,0.0,1,0,0,0
0,Early_Return,13,3,5,1,0,963.4,0.0,1,0,0,0
0,Early_Return,6,23,3,0,1,963.2,0.0,1,0,0,0
0,Full_Day,6,17,4,0,1,917.0,0.0,1,0,0,0
0,Full_Day,13,31,0,0,0,201.8,0.0,1,1,0,0
1,Early_Return,12,9,4,0,0,262.6,0.0,1,0,0,0
0,Full_Day,7,32,1,0,1,485.4906,0.0,1,0,0,0
0,Early_Return,12,45,2,0,0,484.0,0.0,1,0,1,0
0,Early_Return,12,21,4,0,0,284.5,0.0,1,0,1,0
0,Overnight,12,17,1,0,0,256.0,0.0,1,0,0,0
0,Early_Return,7,12,0,0,1,545.0,1.0,1,0,0,0
0,Full_Day,12,53,0,0,0,465.8,1.0,1,0,0,0
0,Early_Return,6,55,5,1,1,451.2,1.0,1,0,1,0
0,Full_Day,7,5,2,0,1,454.0,1.0,1,1,0,0
0,Full_Day,12,30,4,0,0,520.0,1.0,1,0,0,0
1,Early_Return,7,37,3,0,1,287.8,1.0,1,0,1,0
0,Full_Day,6,37,1,0,1,485.4906,1.0,1,1,0,0
0,Overnight,6,53,1,0,1,377.0,0.0,1,1,0,0
0,Overnight,12,50,6,1,0,599.0,1.0,1,0,0,1
0,Early_Return,5,46,3,0,1,667.3333333333334,2.0,1,0,0,1
0,Early_Return,6,40,4,0,1,516.25,2.0,1,1,0,0
0,Full_Day,5,40,6,1,1,485.4906,2.0,1,0,0,0
0,Overnight,6,58,2,0,1,306.0,0.0,1,1,0,0
0,Early_Return,11,38,2,0,1,787.5,1.0,1,0,1,0
0,Full_Day,13,0,1,0,0,570.3333333333334,1.0,1,0,0,1
0,Early_Return,6,46,2,0,1,539.5,1.0,1,0,0,1
0,Full_Day,6,20,4,0,1,447.0,1.0,1,0,0,0
0,Full_Day,5,59,2,0,1,484.0,1.0,1,1,0,0
0,Full_Day,13,17,3,0,0,322.4,1.0,1,1,0,0
1,Long_Term,7,22,3,0,1,388.8,1.0,1,0,0,0
1,Full_Day,12,24,5,1,0,997.6,1.0,1,0,0,0
0,Early_Return,6,23,4,0,1,485.4906,1.0,1,1,0,0
0,Overnight,8,31,6,1,1,65.0,0.0,1,1,0,0
0,Full_Day,7,10,4,0,1,593.0,1.0,1,0,0,0
0,Full_Day,7,11,6,1,1,543.0,1.0,1,0,1,0
0,Full_Day,12,22,1,0,0,538.0,1.0,1,0,1,0
1,Long_Term,12,22,2,0,0,493.0,1.0,1,0,0,0
1,Early_Return,6,25,5,1,1,975.4,1.0,1,0,0,0
0,Full_Day,6,59,3,0,1,485.4906,1.0,1,1,0,0
0,Full_Day,6,30,5,1,1,469.0,0.0,1,0,0,0
1,Early_Return,7,10,0,0,1,398.5,0.0,1,0,1,0
0,Overnight,13,4,3,0,0,485.4906,0.0,1,0,0,0
0,Full_Day,6,37,1,0,1,1213.0,1.0,1,0,1,0
0,Full_Day,13,12,0,0,0,739.0,1.0,1,0,1,0
0,Full_Day,6,23,6,1,1,622.6666666666666,1.0,1,1,0,0
0,Early_Return,12,22,0,0,0,528.5,1.0,1,1,0,0
0,Full_Day,7,49,1,0,1,451.0,1.0,1,0,1,0
1,Full_Day,11,57,1,0,1,278.4,1.0,1,0,0,1
1,Early_Return,7,11,5,1,1,311.4,1.0,1,1,0,0
0,Full_Day,11,48,1,0,1,485.4906,1.0,1,0,1,0
0,Full_Day,6,32,6,1,1,502.0,0.0,1,1,0,0
0,Early_Return,7,30,1,0,1,506.5,0.0,1,0,0,0
0,Long_Term,12,21,3,0,0,395.0,0.0,1,0,0,0
0,Early_Return,7,3,5,1,1,1096.0,0.0,1,0,0,0
0,Early_Return,12,46,5,1,0,918.2,0.0,1,0,0,1
0,Full_Day,6,44,1,0,1,831.6,0.0,1,0,1,0
1,Early_Return,6,18,0,0,1,783.0,0.0,1,0,0,1
1,Overnight,6,32,3,0,1,772.0,0.0,1,1,0,0
0,Full_Day,6,56,0,0,1,485.4906,1.0,1,0,0,1
0,Early_Return,7,40,4,0,1,517.0,0.0,1,0,1,0
0,Full_Day,12,48,2,0,0,291.5,0.0,1,0,0,0
0,Full_Day,6,25,5,1,1,306.6666666666667,0.0,1,0,0,0
0,Early_Return,6,57,2,0,1,326.0,0.0,1,1,0,0
0,Early_Return,13,16,4,0,0,302.0,0.0,1,1,0,0
0,Early_Return,12,18,3,0,0,235.2,0.0,1,0,1,0
1,Full_Day,13,6,4,0,0,263.4,0.0,1,0,0,0
1,Early_Return,13,25,0,0,0,297.8,0.0,1,0,0,1
1,Overnight,6,55,1,0,1,242.2,0.0,1,0,0,0
0,Full_Day,6,31,4,0,1,485.4906,1.0,1,0,0,0
0,Long_Term,6,54,4,0,1,493.0,0.0,1,1,0,0
0,Early_Return,7,22,0,0,1,1999.5,0.0,1,0,0,1
0,Early_Return,6,13,1,0,1,1361.6666666666667,0.0,1,0,1,0
0,Early_Return,13,13,1,0,0,1058.5,0.0,1,0,0,0
0,Overnight,13,4,3,0,0,862.6,0.0,1,0,0,0
0,Full_Day,7,32,1,0,1,964.6,1.0,1,0,0,0
0,Early_Return,12,48,6,1,0,355.0,1.0,1,0,1,0
1,Early_Return,6,52,1,0,1,356.6,1.0,1,0,0,0
0,Full_Day,12,40,0,0,0,485.4906,1.0,1,1,0,0
0,Full_Day,6,51,1,0,1,477.0,0.0,1,0,1,0
0,Full_Day,6,55,6,1,1,446.5,0.0,1,0,0,0
1,Full_Day,7,25,5,1,1,417.6666666666667,0.0,1,0,0,0
0,Early_Return,13,3,4,0,0,485.4906,0.0,1,0,0,0
0,Full_Day,7,26,2,0,1,95.0,0.0,1,0,0,0
0,Full_Day,7,12,2,0,1,294.0,0.0,1,0,0,0
0,Full_Day,13,1,2,0,0,353.0,0.0,1,0,0,0
0,Full_Day,6,19,0,0,1,334.0,0.0,1,1,0,0
0,Full_Day,13,17,2,0,0,325.0,0.0,1,0,1,0
0,Full_Day,6,57,4,0,1,400.8,0.0,1,0,0,0
1,Early_Return,13,29,6,1,0,401.8,0.0,1,0,0,0
0,Early_Return,6,55,5,1,1,485.4906,0.0,1,0,0,0
0,Early_Return,7,34,0,0,1,107.0,0.0,1,0,1,0
0,Early_Return,6,48,3,0,1,136.0,0.0,1,0,0,0
0,Early_Return,12,15,6,1,0,131.33333333333334,0.0,1,0,0,0
0,Full_Day,7,5,4,0,1,132.75,0.0,1,0,0,0
0,Full_Day,6,56,4,0,1,485.4906,0.0,1,0,0,0
0,Full_Day,12,22,4,0,0,320.0,0.0,1,1,0,0
0,Early_Return,7,16,0,0,1,401.0,0.0,1,1,0,0
0,Overnight,6,2,5,1,1,313.3333333333333,0.0,1,0,1,0
0,Early_Return,7,13,3,0,1,582.5,1.0,1,1,0,0
0,Early_Return,6,52,5,1,1,479.0,1.0,1,0,0,0
1,Early_Return,6,49,0,0,1,430.2,1.0,1,0,1,0
0,Full_Day,7,17,1,0,1,485.4906,1.0,1,0,0,0
0,Full_Day,6,42,6,1,1,293.0,0.0,1,1,0,0
0,Full_Day,12,6,6,1,0,278.5,0.0,1,0,0,0
0,Full_Day,7,41,0,0,1,284.3333333333333,0.0,1,0,0,0
0,Full_Day,7,1,1,0,1,276.0,0.0,1,0,1,0
0,Early_Return,13,0,2,0,0,299.8,0.0,1,0,1,0
0,Early_Return,7,29,4,0,1,255.2,0.0,1,0,0,0
0,Full_Day,12,40,4,0,0,220.2,0.0,1,0,0,0
0,Early_Return,12,40,4,0,0,225.0,0.0,1,0,0,1
0,Full_Day,6,59,3,0,1,205.2,0.0,1,0,0,0
0,Full_Day,6,18,5,1,1,485.4906,0.0,1,0,0,1
0,Early_Return,7,3,3,0,1,309.0,0.0,1,0,0,0
0,Early_Return,7,15,0,0,1,249.5,0.0,1,1,0,0
0,Full_Day,7,31,0,0,1,223.0,0.0,1,1,0,0
0,Full_Day,6,49,6,1,1,258.5,0.0,1,0,0,0
1,Early_Return,6,35,0,0,1,284.6,0.0,1,0,0,0
0,Overnight,7,6,4,0,1,485.4906,0.0,1,0,0,0
0,Full_Day,13,13,1,0,0,1331.0,1.0,1,0,0,0
0,Full_Day,6,34,2,0,1,833.0,1.0,1,0,0,0
0,Early_Return,12,11,4,0,0,656.0,1.0,1,0,1,0
0,Early_Return,12,51,3,0,0,532.25,1.0,1,0,0,0
0,Full_Day,12,1,0,0,0,443.4,1.0,1,0,1,0
0,Full_Day,12,40,0,0,0,485.4906,1.0,1,1,0,0
0,Full_Day,6,29,1,0,1,359.0,0.0,1,0,0,1
0,Early_Return,12,15,6,1,0,389.0,0.0,1,0,1,0
0,Full_Day,6,40,4,0,1,296.0,0.0,1,0,1,0
0,Full_Day,7,4,6,1,1,349.5,0.0,1,0,0,0
0,Full_Day,7,4,1,0,1,485.4906,0.0,1,0,0,0
0,Early_Return,6,47,3,0,1,263.0,0.0,1,0,0,1
0,Full_Day,6,46,4,0,1,485.4906,0.0,1,0,0,1
0,Full_Day,7,12,0,0,1,286.0,0.0,1,0,1,0
0,Early_Return,6,36,4,0,1,485.4906,0.0,1,0,1,0
0,Full_Day,7,31,5,1,1,108.0,0.0,1,1,0,0
0,Full_Day,12,49,3,0,0,245.0,0.0,1,1,0,0
0,Full_Day,6,30,5,1,1,276.3333333333333,0.0,1,0,1,0
1,Early_Return,12,42,4,0,0,314.0,0.0,1,1,0,0
0,Overnight,6,46,2,0,1,485.4906,0.0,1,0,0,0
0,Overnight,12,51,4,0,0,1435.0,1.0,1,0,0,1
0,Full_Day,6,42,5,1,1,1332.5,2.0,1,0,0,0
0,Full_Day,12,53,5,1,0,1007.0,2.0,1,0,1,0
0,Early_Return,6,38,6,1,1,838.75,2.0,1,0,1,0
0,Early_Return,13,16,3,0,0,710.6,2.0,1,0,0,0
0,Early_Return,6,12,0,0,1,443.2,2.0,1,1,0,0
0,Full_Day,12,36,3,0,0,236.2,2.0,1,1,0,0
1,Early_Return,7,25,6,1,1,223.8,2.0,1,0,1,0
1,Early_Return,13,16,6,1,0,188.2,2.0,1,0,1,0
1,Full_Day,7,9,1,0,1,167.4,2.0,1,0,1,0
0,Early_Return,8,2,1,0,1,485.4906,2.0,1,0,0,0
0,Early_Return,6,26,0,0,1,82.0,0.0,1,0,1,0
0,Full_Day,8,4,6,1,1,71.0,0.0,1,1,0,0
0,Full_Day,6,35,3,0,1,177.0,0.0,1,1,0,0
0,Early_Return,13,19,3,0,0,193.75,0.0,1,0,1,0
0,Full_Day,7,22,4,0,1,193.6,0.0,1,0,0,1
0,Full_Day,12,49,5,1,0,278.2,0.0,1,0,0,0
1,Overnight,13,48,5,1,0,357.2,0.0,1,0,1,0
1,Full_Day,6,1,0,0,1,435.2,1.0,1,0,0,0
0,Full_Day,13,17,1,0,0,485.4906,1.0,1,1,0,0
0,Overnight,6,47,6,1,1,502.0,0.0,1,0,0,0
0,Early_Return,7,10,0,0,1,733.0,1.0,1,0,1,0
0,Full_Day,6,56,3,0,1,527.0,1.0,1,0,0,0
0,Full_Day,7,7,5,1,1,500.0,1.0,1,1,0,0
0,Full_Day,13,29,5,1,0,493.2,1.0,1,1,0,0
1,Early_Return,13,11,0,0,0,461.4,1.0,1,0,0,0
0,Full_Day,7,59,5,1,1,485.4906,1.0,1,1,0,0
0,Full_Day,13,14,0,0,0,504.0,0.0,1,0,1,0
0,Full_Day,13,19,1,0,0,403.0,0.0,1,0,0,0
0,Full_Day,7,3,6,1,1,424.0,0.0,1,1,0,0
0,Early_Return,7,47,2,0,1,420.75,0.0,1,0,0,0
1,Full_Day,7,0,2,0,1,363.6,0.0,1,0,0,0
1,Full_Day,6,42,5,1,1,324.8,0.0,1,0,0,0
0,Full_Day,7,19,3,0,1,485.4906,0.0,1,0,0,0
0,Early_Return,12,54,6,1,0,301.0,0.0,1,0,1,0
0,Full_Day,6,44,5,1,1,183.0,0.0,1,1,0,0
0,Full_Day,12,49,5,1,0,217.0,0.0,1,1,0,0
0,Overnight,6,46,2,0,1,268.75,0.0,1,1,0,0
0,Early_Return,7,16,0,0,1,425.8,1.0,1,0,1,0
0,Full_Day,7,7,6,1,1,485.4906,1.0,1,1,0,0
0,Full_Day,7,14,4,0,1,469.0,0.0,1,0,0,0
0,Early_Return,7,18,0,0,1,482.5,0.0,1,0,0,0
0,Overnight,6,31,0,0,1,350.0,0.0,1,1,0,0
0,Early_Return,12,51,1,0,0,573.5,1.0,1,0,1,0
0,Early_Return,13,3,2,0,0,491.0,1.0,1,1,0,0
0,Full_Day,6,39,3,0,1,422.2,1.0,1,1,0,0
0,Early_Return,12,32,1,0,0,485.4906,1.0,1,0,0,0
0,Early_Return,12,49,3,0,0,65.0,0.0,0,0,0,0
0,Early_Return,7,18,2,0,1,83.0,0.0,1,0,0,0
0,Early_Return,6,40,4,0,1,101.0,0.0,1,0,1,0
0,Full_Day,7,13,5,1,1,109.5,0.0,1,1,0,0
1,Full_Day,12,49,2,0,0,157.8,0.0,1,0,1,0
1,Full_Day,6,47,3,0,1,245.6,0.0,1,0,0,0
1,Full_Day,6,51,6,1,1,277.6,0.0,1,0,1,0
1,Full_Day,6,39,2,0,1,353.8,0.0,1,0,1,0
0,Full_Day,6,54,1,0,1,485.4906,0.0,1,0,1,0
0,Overnight,13,7,4,0,0,374.0,0.0,1,0,0,1
0,Full_Day,12,18,3,0,0,686.5,1.0,1,1,0,0
0,Full_Day,7,28,6,1,1,579.6666666666666,1.0,1,0,1,0
0,Full_Day,6,48,1,0,1,549.0,1.0,1,0,1,0
0,Early_Return,6,46,3,0,1,502.2,1.0,1,0,0,0
0,Full_Day,6,45,5,1,1,440.4,1.0,1,1,0,0
1,Early_Return,6,18,0,0,1,340.4,1.0,1,1,0,0
1,Full_Day,7,17,0,0,1,281.0,1.0,1,0,0,1
0,Overnight,7,40,4,0,1,485.4906,1.0,1,1,0,0
0,Full_Day,7,21,3,0,1,935.0,1.0,1,0,1,0
0,Full_Day,12,7,0,0,0,677.0,1.0,1,0,0,1
0,Overnight,6,41,4,0,1,567.0,1.0,1,0,0,1
1,Full_Day,12,24,6,1,0,703.75,2.0,1,0,0,1
0,Early_Return,12,42,3,0,0,485.4906,2.0,1,0,1,0
0,Early_Return,7,4,3,0,1,93.0,0.0,1,0,0,0
0,Early_Return,7,13,6,1,1,81.5,0.0,1,1,0,0
0,Overnight,12,55,6,1,0,95.66666666666667,0.0,1,0,0,0
1,Full_Day,12,32,0,0,0,312.5,1.0,1,1,0,0
0,Early_Return,6,53,6,1,1,485.4906,1.0,1,0,0,1
0,Overnight,7,24,0,0,1,184.0,0.0,1,0,1,0
0,Full_Day,6,38,1,0,1,590.0,1.0,1,1,0,0
0,Full_Day,6,48,6,1,1,482.0,1.0,1,1,0,0
0,Long_Term,12,47,0,0,0,482.25,1.0,1,0,0,0
0,Early_Return,12,25,0,0,0,702.0,1.0,1,0,0,0
0,Full_Day,7,35,2,0,1,700.6,1.0,1,0,1,0
0,Early_Return,7,6,1,0,1,606.2,1.0,1,0,0,0
1,Early_Return,6,52,2,0,1,585.4,1.0,1,1,0,0
1,Early_Return,7,0,6,1,1,502.8,1.0,1,0,0,0
1,Early_Return,7,39,6,1,1,215.4,1.0,1,0,0,1
0,Early_Return,7,41,0,0,1,485.4906,1.0,1,1,0,0
0,Overnight,12,10,3,0,0,185.0,0.0,1,0,0,0
0,Full_Day,6,28,0,0,1,516.0,1.0,1,1,0,0
0,Overnight,6,50,1,0,1,497.0,1.0,1,1,0,0
0,Early_Return,7,21,1,0,1,592.75,2.0,1,0,0,0
0,Long_Term,7,10,6,1,1,500.6,2.0,1,0,0,1
0,Full_Day,6,37,6,1,1,1260.6,2.0,1,1,0,0
0,Early_Return,7,5,5,1,1,1179.8,2.0,1,0,0,0
0,Early_Return,7,7,6,1,1,1129.0,2.0,1,0,0,0
1,Full_Day,7,3,2,0,1,972.6,2.0,1,1,0,0
1,Full_Day,7,11,4,0,1,1018.0,2.0,1,0,0,0
0,Early_Return,7,10,1,0,1,485.4906,2.0,1,0,0,0
0,Full_Day,11,59,6,1,1,95.0,0.0,1,1,0,0
0,Full_Day,6,52,0,0,1,251.0,0.0,1,0,0,0
0,Early_Return,6,34,5,1,1,266.0,0.0,1,0,0,0
0,Full_Day,7,11,5,1,1,245.25,0.0,1,0,0,0
1,Full_Day,6,25,2,0,1,274.6,0.0,1,0,1,0
1,Full_Day,6,28,1,0,1,337.4,0.0,1,1,0,0
0,Full_Day,12,43,5,1,0,485.4906,0.0,1,0,0,0
0,Full_Day,7,18,0,0,1,285.0,0.0,1,0,1,0
0,Early_Return,12,45,3,0,0,387.0,0.0,1,0,0,1
0,Full_Day,8,8,3,0,1,315.0,0.0,1,1,0,0
0,Full_Day,7,27,4,0,1,364.5,0.0,1,0,1,0
0,Full_Day,13,50,2,0,0,393.4,0.0,1,1,0,0
0,Overnight,7,7,5,1,1,386.6,0.0,1,0,1,0
0,Full_Day,6,38,0,0,1,569.2,1.0,1,0,0,1
0,Full_Day,12,49,5,1,0,485.4906,1.0,1,0,0,0
0,Early_Return,7,10,6,1,1,508.0,0.0,1,0,0,0
0,Early_Return,12,43,3,0,0,343.0,0.0,1,0,0,0
0,Full_Day,13,42,4,0,0,288.6666666666667,0.0,1,0,0,0
0,Early_Return,6,59,4,0,1,308.75,0.0,1,0,1,0
0,Full_Day,12,33,5,1,0,269.0,0.0,1,1,0,0
0,Full_Day,7,0,6,1,1,227.2,0.0,1,1,0,0
0,Full_Day,12,12,0,0,0,289.6,0.0,0,0,0,0
1,Overnight,7,24,3,0,1,356.4,0.0,1,1,0,0
1,Full_Day,6,48,3,0,1,562.4,1.0,1,0,0,0
0,Early_Return,13,9,3,0,0,485.4906,1.0,1,0,0,0
0,Full_Day,6,56,0,0,1,157.0,0.0,1,0,0,0
0,Early_Return,7,41,0,0,1,320.0,0.0,1,1,0,0
0,Full_Day,12,43,6,1,0,264.0,0.0,1,0,0,0
1,Full_Day,12,55,6,1,0,288.25,0.0,1,1,0,0
0,Early_Return,7,55,0,0,1,485.4906,0.0,1,1,0,0
0,Long_Term,12,11,4,0,0,120.0,0.0,1,0,0,0
0,Full_Day,7,17,1,0,1,1005.0,0.0,1,1,0,0
0,Full_Day,7,8,3,0,1,817.6666666666666,0.0,1,0,0,0
0,Long_Term,7,47,4,0,1,679.75,0.0,1,1,0,0
0,Early_Return,6,25,1,0,1,1251.0,0.0,1,0,0,1
0,Full_Day,13,24,4,0,0,1244.8,0.0,1,1,0,0
0,Early_Return,12,55,0,0,0,925.0,0.0,1,1,0,0
0,Full_Day,13,11,1,0,0,864.8,0.0,1,1,0,0
0,Long_Term,7,5,3,0,1,883.2,0.0,1,0,0,0
0,Early_Return,13,41,6,1,0,488.6,0.0,1,0,1,0
1,Early_Return,12,36,5,1,0,493.4,0.0,0,1,0,0
0,Full_Day,12,34,0,0,0,485.4906,0.0,1,0,0,1
0,Early_Return,7,26,5,1,1,360.0,0.0,1,1,0,0
0,Early_Return,6,47,3,0,1,259.5,0.0,1,0,0,0
0,Full_Day,12,9,5,1,0,211.66666666666666,0.0,1,0,0,0
0,Full_Day,7,24,3,0,1,222.0,0.0,1,0,0,1
0,Full_Day,6,43,4,0,1,255.8,0.0,1,0,1,0
1,Early_Return,7,4,0,0,1,231.8,0.0,1,0,0,0
0,Long_Term,6,50,1,0,1,485.4906,0.0,1,1,0,0
0,Full_Day,7,26,0,0,1,2687.0,0.0,1,0,0,0
0,Early_Return,12,28,6,1,0,1560.5,0.0,1,1,0,0
0,Full_Day,7,50,6,1,1,1108.3333333333333,0.0,1,1,0,0
0,Full_Day,8,2,4,0,1,959.75,0.0,1,0,1,0
0,Full_Day,6,49,3,0,1,851.2,0.0,1,1,0,0
0,Long_Term,6,54,2,0,1,386.8,0.0,1,0,0,0
0,Full_Day,7,28,2,0,1,485.4906,0.0,1,0,1,0
0,Early_Return,13,45,4,0,0,347.0,0.0,1,0,0,0
0,Full_Day,7,32,5,1,1,267.0,0.0,1,0,0,0
0,Early_Return,13,8,4,0,0,262.6666666666667,0.0,1,1,0,0
0,Overnight,7,7,5,1,1,238.25,0.0,1,0,0,1
0,Full_Day,6,43,2,0,1,403.2,1.0,1,1,0,0
0,Full_Day,7,33,5,1,1,400.4,1.0,1,0,1,0
1,Full_Day,6,40,4,0,1,457.2,1.0,1,1,0,0
1,Full_Day,6,58,6,1,1,503.6,1.0,1,0,1,0
1,Early_Return,6,56,3,0,1,541.0,1.0,1,1,0,0
0,Early_Return,6,28,6,1,1,485.4906,1.0,1,0,0,0
0,Early_Return,6,43,0,0,1,146.0,0.0,1,0,0,0
1,Long_Term,7,4,6,1,1,167.5,0.0,1,0,1,0
1,Full_Day,13,8,4,0,0,1198.6666666666667,0.0,1,0,0,1
0,Overnight,7,50,6,1,1,485.4906,0.0,1,0,1,0
0,Early_Return,12,35,0,0,0,865.0,1.0,1,1,0,0
0,Full_Day,12,55,3,0,0,519.0,1.0,1,1,0,0
0,Early_Return,7,47,5,1,1,506.6666666666667,1.0,1,0,0,1
0,Overnight,6,44,6,1,1,420.75,1.0,1,0,0,0
1,Full_Day,7,9,0,0,1,540.8,2.0,1,0,1,0
1,Overnight,13,3,0,0,0,467.0,2.0,1,0,0,0
1,Overnight,6,53,5,1,1,714.2,3.0,1,0,0,1
1,Long_Term,12,48,1,0,0,788.4,4.0,1,0,0,0
0,Full_Day,7,22,4,0,1,485.4906,4.0,1,0,0,1
0,Early_Return,7,9,2,0,1,417.0,0.0,1,0,1,0
0,Full_Day,12,18,2,0,0,285.0,0.0,1,1,0,0
0,Full_Day,12,28,3,0,0,336.3333333333333,0.0,1,0,1,0
0,Full_Day,12,53,4,0,0,375.5,0.0,1,0,1,0
0,Early_Return,13,8,4,0,0,386.0,0.0,1,0,0,0
0,Full_Day,7,15,5,1,1,335.8,0.0,1,0,0,0
0,Full_Day,6,22,6,1,1,364.8,0.0,1,0,1,0
1,Early_Return,6,58,0,0,1,374.4,0.0,1,1,0,0
0,Full_Day,7,6,3,0,1,485.4906,0.0,1,1,0,0
0,Early_Return,8,0,6,1,1,513.0,0.0,1,0,0,0
0,Full_Day,7,27,4,0,1,329.0,0.0,1,0,0,1
0,Early_Return,7,47,5,1,1,485.4906,0.0,1,0,0,1
0,Overnight,12,45,1,0,0,181.0,0.0,1,0,0,0
0,Full_Day,7,50,5,1,1,695.5,1.0,0,0,0,0
0,Full_Day,13,33,0,0,0,587.0,1.0,1,0,1,0
0,Early_Return,6,52,5,1,1,522.75,1.0,1,1,0,0
0,Full_Day,12,53,4,0,0,485.4906,1.0,1,1,0,0
0,Full_Day,7,15,3,0,1,364.0,0.0,1,0,1,0
0,Full_Day,7,2,1,0,1,412.0,0.0,1,0,0,1
0,Full_Day,13,39,6,1,0,416.0,0.0,1,0,0,0
1,Long_Term,5,41,0,0,1,385.5,0.0,1,0,0,1
0,Early_Return,7,8,0,0,1,485.4906,0.0,1,0,0,0
0,Early_Return,11,58,0,0,1,99.0,0.0,1,1,0,0
0,Early_Return,12,29,3,0,0,92.0,0.0,1,0,0,0
0,Full_Day,6,59,6,1,1,91.33333333333333,0.0,1,0,1,0
0,Full_Day,6,40,0,0,1,485.4906,0.0,1,0,1,0
0,Early_Return,7,47,0,0,1,439.0,0.0,1,0,0,0
0,Long_Term,12,48,0,0,0,315.5,0.0,0,0,0,0
0,Long_Term,7,31,4,0,1,1189.6666666666667,0.0,1,0,0,0
0,Long_Term,7,1,1,0,1,1945.5,0.0,1,0,1,0
1,Overnight,7,21,5,1,1,2061.4,0.0,1,0,1,0
0,Full_Day,7,10,3,0,1,485.4906,1.0,1,0,0,0
0,Full_Day,7,36,1,0,1,290.0,0.0,1,0,0,0
0,Full_Day,6,42,3,0,1,378.5,0.0,1,1,0,0
0,Early_Return,12,32,4,0,0,353.6666666666667,0.0,1,1,0,0
0,Full_Day,6,33,2,0,1,305.25,0.0,1,0,1,0
0,Overnight,7,10,6,1,1,350.2,0.0,1,0,0,0
0,Full_Day,6,57,0,0,1,485.4906,1.0,1,0,1,0
0,Full_Day,7,16,2,0,1,261.0,0.0,1,0,0,0
0,Full_Day,7,35,2,0,1,322.5,0.0,1,0,0,0
0,Early_Return,12,55,2,0,0,304.3333333333333,0.0,1,1,0,0
0,Overnight,7,54,3,0,1,244.25,0.0,1,0,0,0
0,Full_Day,12,41,5,1,0,434.8,1.0,1,1,0,0
1,Full_Day,6,57,5,1,1,450.8,1.0,1,0,0,0
1,Full_Day,7,33,0,0,1,462.8,1.0,1,1,0,0
0,Full_Day,6,50,4,0,1,485.4906,1.0,1,1,0,0
0,Full_Day,7,14,5,1,1,319.0,0.0,1,0,0,1
0,Full_Day,6,50,0,0,1,402.0,0.0,1,1,0,0
0,Early_Return,13,51,3,0,0,375.6666666666667,0.0,1,0,0,0
0,Full_Day,7,5,5,1,1,311.25,0.0,1,0,0,0
0,Full_Day,6,40,6,1,1,347.0,0.0,1,1,0,0
0,Full_Day,6,41,5,1,1,335.6,0.0,1,0,0,0
1,Overnight,12,29,5,1,0,302.4,0.0,1,0,0,0
1,Early_Return,7,45,6,1,1,393.6,1.0,1,0,0,0
1,Long_Term,12,39,2,0,0,397.2,1.0,1,0,1,0
1,Early_Return,7,11,6,1,1,655.0,1.0,1,0,0,0
1,Full_Day,6,19,0,0,1,640.8,1.0,1,0,0,0
0,Full_Day,12,34,5,1,0,485.4906,1.0,1,0,1,0
0,Full_Day,6,37,6,1,1,439.0,0.0,1,1,0,0
0,Full_Day,7,27,4,0,1,428.5,0.0,1,1,0,0
0,Early_Return,12,22,2,0,0,381.3333333333333,0.0,1,0,0,0
0,Early_Return,12,43,6,1,0,326.0,0.0,1,0,1,0
0,Full_Day,6,38,2,0,1,294.0,0.0,1,0,1,0
0,Early_Return,12,35,6,1,0,282.0,0.0,1,0,0,0
0,Full_Day,7,0,0,0,1,220.4,0.0,1,0,0,0
0,Full_Day,6,49,5,1,1,222.0,0.0,1,1,0,0
0,Full_Day,6,47,2,0,1,284.0,0.0,1,0,0,0
0,Full_Day,8,3,2,0,1,320.4,0.0,1,0,0,1
0,Full_Day,7,3,6,1,1,323.2,0.0,1,1,0,0
0,Full_Day,6,10,4,0,1,373.0,0.0,1,0,1,0
1,Early_Return,12,50,6,1,0,381.0,0.0,1,1,0,0
0,Full_Day,13,30,1,0,0,485.4906,0.0,1,1,0,0
0,Early_Return,12,23,5,1,0,264.0,0.0,1,1,0,0
0,Full_Day,7,14,4,0,1,191.5,0.0,1,1,0,0
0,Full_Day,12,13,6,1,0,284.3333333333333,0.0,1,0,0,1
0,Long_Term,6,51,4,0,1,282.0,0.0,1,1,0,0
0,Overnight,6,32,1,0,1,789.8,0.0,1,1,0,0
0,Full_Day,7,13,1,0,1,933.6,1.0,1,0,0,0
0,Full_Day,12,9,3,0,0,485.4906,1.0,1,1,0,0
0,Early_Return,7,23,1,0,1,481.0,0.0,1,0,0,1
0,Full_Day,7,19,3,0,1,274.0,0.0,1,0,1,0
0,Early_Return,6,30,1,0,1,287.0,0.0,1,0,0,0
0,Early_Return,12,32,2,0,0,251.25,0.0,1,1,0,0
0,Early_Return,12,59,4,0,0,240.2,0.0,1,1,0,0
0,Overnight,12,37,0,0,0,157.8,0.0,1,1,0,0
0,Early_Return,6,39,5,1,1,345.8,1.0,1,0,1,0
0,Overnight,13,33,1,0,0,308.8,1.0,1,1,0,0
0,Early_Return,6,0,2,0,1,477.4,2.0,1,0,0,0
1,Full_Day,6,26,3,0,1,457.4,2.0,1,0,0,0
1,Full_Day,12,21,5,1,0,538.4,2.0,1,0,0,0
0,Full_Day,6,37,3,0,1,485.4906,2.0,1,1,0,0
0,Long_Term,7,21,5,1,1,337.0,0.0,1,0,0,0
0,Full_Day,7,7,6,1,1,2276.0,0.0,1,0,1,0
0,Early_Return,7,38,1,0,1,1657.3333333333333,0.0,1,1,0,0
0,Full_Day,13,9,0,0,0,1268.0,0.0,1,0,0,0
0,Full_Day,6,8,2,0,1,1080.4,0.0,1,0,0,0
0,Full_Day,7,7,0,0,1,485.4906,0.0,1,0,0,1
0,Full_Day,12,53,3,0,0,515.0,0.0,1,0,1,0
0,Early_Return,12,44,0,0,0,515.5,0.0,1,1,0,0
0,Early_Return,7,48,4,0,1,388.0,0.0,1,0,0,0
0,Full_Day,13,7,4,0,0,330.5,0.0,1,1,0,0
0,Early_Return,12,34,1,0,0,344.4,0.0,1,0,0,0
0,Full_Day,7,31,5,1,1,257.6,0.0,1,0,1,0
0,Full_Day,6,51,6,1,1,202.4,0.0,1,1,0,0
0,Long_Term,8,4,2,0,1,274.2,0.0,1,0,1,0
1,Early_Return,13,10,4,0,0,780.6,0.0,1,0,0,0
0,Long_Term,6,13,1,0,1,485.4906,0.0,1,0,1,0
0,Early_Return,12,24,2,0,0,2300.0,0.0,1,1,0,0
0,Early_Return,12,54,6,1,0,1232.5,0.0,1,0,0,1
0,Full_Day,7,2,0,0,1,857.6666666666666,0.0,1,0,0,0
0,Long_Term,7,20,2,0,1,744.5,0.0,1,0,1,0
0,Full_Day,6,55,5,1,1,485.4906,0.0,1,0,0,0
0,Full_Day,12,43,5,1,0,509.0,0.0,1,0,1,0
0,Early_Return,12,2,5,1,0,433.5,0.0,1,0,0,0
0,Full_Day,12,49,2,0,0,339.3333333333333,0.0,1,1,0,0
0,Early_Return,6,41,5,1,1,351.0,0.0,1,0,0,0
1,Early_Return,7,21,5,1,1,321.2,0.0,1,1,0,0
0,Full_Day,6,59,4,0,1,485.4906,0.0,1,0,0,1
0,Full_Day,7,23,0,0,1,327.0,0.0,1,1,0,0
0,Full_Day,6,50,2,0,1,311.0,0.0,1,1,0,0
0,Full_Day,6,58,3,0,1,331.6666666666667,0.0,1,0,0,0
0,Early_Return,7,23,4,0,1,353.0,0.0,1,0,1,0
0,Early_Return,13,2,1,0,0,299.0,0.0,1,0,1,0
0,Full_Day,7,4,6,1,1,246.4,0.0,1,0,0,0
0,Early_Return,7,59,4,0,1,279.4,0.0,1,0,1,0
0,Early_Return,6,42,5,1,1,246.6,0.0,1,0,0,0
1,Early_Return,6,40,2,0,1,193.8,0.0,1,0,0,1
0,Full_Day,12,35,1,0,0,485.4906,0.0,1,0,0,0
0,Full_Day,6,21,5,1,1,348.0,0.0,1,0,0,0
0,Early_Return,6,43,3,0,1,382.5,0.0,1,0,1,0
0,Early_Return,6,3,2,0,1,279.6666666666667,0.0,1,0,1,0
0,Long_Term,7,5,6,1,1,236.25,0.0,1,0,0,0
1,Full_Day,5,58,1,0,1,865.0,0.0,1,1,0,0
1,Full_Day,13,10,1,0,0,846.8,0.0,1,0,0,0
1,Early_Return,13,1,3,0,0,851.2,0.0,1,0,0,0
0,Overnight,7,25,6,1,1,485.4906,0.0,1,1,0,0
0,Overnight,13,41,2,0,0,851.0,1.0,1,0,0,1
0,Full_Day,7,20,3,0,1,856.0,2.0,1,0,0,0
0,Early_Return,12,48,6,1,0,669.0,2.0,1,1,0,0
0,Full_Day,6,58,1,0,1,528.0,2.0,1,0,1,0
0,Full_Day,14,4,0,0,0,486.4,2.0,1,0,0,0
0,Early_Return,12,9,0,0,0,485.4906,2.0,1,1,0,0
0,Early_Return,12,42,2,0,0,137.0,0.0,1,0,1,0
0,Full_Day,12,49,6,1,0,150.0,0.0,1,0,0,0
1,Early_Return,13,10,1,0,0,233.33333333333334,0.0,1,0,0,0
1,Early_Return,7,15,3,0,1,194.0,0.0,1,0,0,1
0,Full_Day,6,43,0,0,1,485.4906,0.0,1,1,0,0
0,Early_Return,7,8,5,1,1,350.0,0.0,1,1,0,0
0,Full_Day,7,7,2,0,1,265.0,0.0,1,0,1,0
0,Early_Return,12,36,1,0,0,331.0,0.0,1,0,0,0
0,Full_Day,12,27,2,0,0,276.75,0.0,1,0,0,0
0,Full_Day,12,25,1,0,0,317.2,0.0,1,0,0,0
0,Full_Day,13,10,3,0,0,348.4,0.0,1,0,0,0
0,Full_Day,7,15,6,1,1,363.4,0.0,1,0,0,0
0,Full_Day,7,23,1,0,1,485.4906,0.0,1,0,0,0
0,Full_Day,6,22,2,0,1,377.0,0.0,1,1,0,0
0,Full_Day,6,54,2,0,1,321.0,0.0,1,0,1,0
0,Long_Term,11,56,3,0,1,297.0,0.0,1,0,0,0
0,Early_Return,11,53,5,1,1,1035.0,0.0,1,0,0,0
0,Overnight,7,2,4,0,1,868.4,0.0,1,1,0,0
0,Full_Day,6,22,4,0,1,986.6,1.0,1,0,0,0
0,Early_Return,12,29,6,1,0,1026.0,1.0,1,0,0,0
1,Early_Return,13,21,0,0,0,1013.4,1.0,1,0,0,0
1,Full_Day,6,23,1,0,1,392.6,1.0,1,1,0,0
1,Full_Day,7,11,1,0,1,411.4,1.0,1,0,1,0
0,Full_Day,6,18,6,1,1,485.4906,1.0,1,0,0,0
0,Overnight,13,45,6,1,0,360.0,0.0,1,0,1,0
0,Early_Return,7,45,0,0,1,720.5,1.0,1,0,0,1
0,Early_Return,12,38,1,0,0,538.0,1.0,1,0,1,0
0,Full_Day,7,27,1,0,1,420.0,1.0,1,0,0,0
0,Full_Day,6,46,2,0,1,412.2,1.0,1,1,0,0
0,Early_Return,7,18,1,0,1,406.0,1.0,1,0,0,0
0,Full_Day,7,2,5,1,1,223.6,1.0,1,0,0,0
1,Early_Return,13,29,0,0,0,267.6,1.0,1,1,0,0
0,Early_Return,13,18,2,0,0,485.4906,1.0,1,0,1,0
0,Full_Day,5,59,6,1,1,129.0,0.0,1,0,0,1
0,Early_Return,12,21,2,0,0,264.5,0.0,1,1,0,0
0,Full_Day,7,23,5,1,1,199.66666666666666,0.0,1,0,0,0
0,Full_Day,6,49,5,1,1,252.25,0.0,1,0,0,0
0,Early_Return,6,55,1,0,1,269.2,0.0,1,0,0,0
0,Full_Day,7,31,3,0,1,271.0,0.0,1,1,0,0
0,Full_Day,6,26,4,0,1,243.4,0.0,1,0,1,0
0,Early_Return,13,1,4,0,0,291.4,0.0,1,0,0,0
0,Overnight,13,13,4,0,0,221.4,0.0,1,1,0,0
0,Early_Return,12,27,0,0,0,426.4,1.0,1,1,0,0
0,Full_Day,7,29,6,1,1,434.0,1.0,1,1,0,0
1,Full_Day,7,5,4,0,1,479.8,1.0,1,0,0,0
0,Full_Day,8,36,1,0,1,485.4906,1.0,1,0,0,0
0,Full_Day,12,4,6,1,0,257.0,0.0,1,0,0,0
0,Full_Day,12,57,6,1,0,380.5,0.0,1,0,1,0
0,Full_Day,6,21,4,0,1,348.0,0.0,1,0,0,0
0,Early_Return,7,8,1,0,1,337.25,0.0,1,0,0,1
0,Early_Return,6,32,2,0,1,309.6,0.0,1,0,0,0
0,Full_Day,13,1,5,1,0,299.0,0.0,1,0,0,0
0,Full_Day,11,48,6,1,1,253.6,0.0,1,0,0,0
0,Early_Return,6,45,0,0,1,286.2,0.0,1,1,0,0
1,Full_Day,7,40,6,1,1,253.6,0.0,1,0,0,0
0,Full_Day,6,15,4,0,1,485.4906,0.0,1,0,0,0
0,Early_Return,12,22,6,1,0,338.0,0.0,1,0,1,0
0,Long_Term,6,49,3,0,1,243.5,0.0,1,0,0,0
0,Early_Return,13,25,4,0,0,1494.6666666666667,0.0,1,0,0,0
0,Full_Day,6,56,5,1,1,1146.25,0.0,1,0,0,0
0,Full_Day,12,32,1,0,0,1019.8,0.0,1,0,0,1
0,Early_Return,6,17,3,0,1,1054.2,0.0,1,0,0,1
0,Overnight,6,54,3,0,1,485.4906,0.0,1,0,0,1
0,Early_Return,6,49,5,1,1,823.0,1.0,1,0,0,0
0,Full_Day,7,16,0,0,1,488.0,1.0,1,0,1,0
0,Full_Day,7,39,4,0,1,447.3333333333333,1.0,1,0,1,0
0,Early_Return,11,56,4,0,1,416.75,1.0,1,0,1,0
0,Overnight,12,37,5,1,0,367.4,1.0,1,0,0,0
0,Early_Return,6,40,0,0,1,415.4,2.0,1,0,0,0
1,Early_Return,12,7,1,0,0,422.0,2.0,1,0,0,0
1,Full_Day,12,34,5,1,0,380.4,2.0,1,1,0,0
1,Full_Day,12,36,5,1,0,401.2,2.0,1,0,1,0
0,Early_Return,6,14,0,0,1,485.4906,2.0,1,0,0,1
0,Full_Day,7,36,5,1,1,179.0,0.0,0,0,0,1
0,Overnight,7,37,4,0,1,345.5,0.0,1,0,0,0
0,Early_Return,12,13,1,0,0,542.6666666666666,1.0,1,1,0,0
0,Full_Day,6,18,0,0,1,446.0,1.0,1,1,0,0
0,Full_Day,6,37,4,0,1,485.4906,1.0,1,0,0,0
0,Full_Day,12,36,5,1,0,500.0,0.0,1,0,0,0
0,Full_Day,7,37,0,0,1,421.0,0.0,1,0,0,0
0,Full_Day,6,55,5,1,1,411.0,0.0,1,0,0,0
0,Early_Return,7,34,3,0,1,392.0,0.0,1,0,0,1
0,Full_Day,6,9,6,1,1,330.0,0.0,1,0,0,0
0,Full_Day,7,38,1,0,1,299.8,0.0,1,1,0,0
1,Full_Day,6,13,3,0,1,307.0,0.0,1,0,1,0
1,Full_Day,12,41,0,0,0,311.4,0.0,1,0,0,0
0,Early_Return,12,30,4,0,0,485.4906,0.0,1,0,0,0
0,Early_Return,12,37,2,0,0,172.0,0.0,1,1,0,0
0,Full_Day,7,26,4,0,1,185.5,0.0,1,0,0,0
0,Full_Day,7,17,5,1,1,234.0,0.0,1,0,1,0
0,Full_Day,7,0,3,0,1,260.5,0.0,1,1,0,0
0,Full_Day,13,9,0,0,0,274.0,0.0,1,1,0,0
0,Full_Day,7,13,2,0,1,287.6,0.0,1,1,0,0
0,Full_Day,7,3,0,0,1,485.4906,0.0,0,0,0,0
0,Full_Day,12,16,5,1,0,337.0,0.0,1,0,0,0
0,Full_Day,6,36,0,0,1,291.5,0.0,1,0,0,1
0,Full_Day,7,25,0,0,1,324.6666666666667,0.0,1,0,0,0
0,Full_Day,7,11,0,0,1,374.25,0.0,1,0,0,1
0,Full_Day,13,7,6,1,0,360.2,0.0,1,1,0,0
1,Early_Return,7,40,0,0,1,344.8,0.0,1,0,0,1
0,Full_Day,7,6,0,0,1,485.4906,0.0,1,0,1,0
0,Overnight,6,56,2,0,1,366.0,0.0,1,0,0,0
0,Full_Day,12,28,5,1,0,781.0,1.0,1,0,0,0
0,Full_Day,13,23,5,1,0,650.3333333333334,1.0,1,1,0,0
0,Full_Day,7,9,2,0,1,574.25,1.0,1,0,1,0
0,Early_Return,13,46,0,0,0,532.4,1.0,1,0,0,0
0,Full_Day,7,11,4,0,1,489.2,1.0,1,0,0,0
0,Full_Day,13,21,4,0,0,485.4906,1.0,1,0,0,0
0,Full_Day,6,46,1,0,1,388.0,0.0,1,0,1,0
0,Full_Day,7,52,6,1,1,347.0,0.0,1,0,1,0
0,Early_Return,12,19,1,0,0,401.3333333333333,0.0,1,0,0,1
0,Full_Day,7,0,1,0,1,329.75,0.0,1,0,0,0
0,Early_Return,12,57,1,0,0,321.0,0.0,1,1,0,0
0,Full_Day,7,18,2,0,1,267.8,0.0,1,0,0,0
0,Full_Day,7,39,5,1,1,262.6,0.0,1,1,0,0
0,Early_Return,12,28,2,0,0,246.8,0.0,1,0,1,0
1,Early_Return,6,32,0,0,1,245.4,0.0,1,0,1,0
1,Early_Return,7,12,0,0,1,203.8,0.0,1,0,0,0
0,Early_Return,13,15,6,1,0,485.4906,0.0,1,0,0,0
0,Early_Return,13,29,3,0,0,136.0,0.0,1,0,1,0
0,Overnight,6,51,5,1,1,151.5,0.0,1,1,0,0
0,Early_Return,7,41,6,1,1,395.3333333333333,1.0,1,0,0,0
0,Full_Day,12,20,3,0,0,314.0,1.0,1,0,0,0
0,Early_Return,7,19,6,1,1,335.6,1.0,1,1,0,0
0,Full_Day,11,55,6,1,1,331.0,1.0,1,0,1,0
0,Full_Day,12,25,2,0,0,381.0,1.0,1,0,1,0
0,Early_Return,12,57,3,0,0,281.6,1.0,1,0,1,0
0,Overnight,7,27,5,1,1,301.8,1.0,1,1,0,0
1,Early_Return,8,10,6,1,1,380.8,2.0,1,0,0,0
0,Full_Day,7,57,5,1,1,485.4906,2.0,1,1,0,0
0,Early_Return,6,50,6,1,1,418.0,0.0,1,1,0,0
0,Overnight,12,56,4,0,0,299.5,0.0,1,1,0,0
0,Early_Return,13,4,5,1,0,483.3333333333333,1.0,1,0,0,0
0,Overnight,13,22,0,0,0,399.75,1.0,1,0,0,1
1,Early_Return,6,2,5,1,1,591.2,2.0,1,0,0,1
1,Full_Day,12,16,5,1,0,532.8,2.0,1,1,0,0
0,Full_Day,6,33,6,1,1,485.4906,2.0,1,1,0,0
0,Overnight,12,26,0,0,0,408.0,0.0,1,0,1,0
0,Full_Day,7,6,6,1,1,819.0,1.0,1,0,0,0
0,Early_Return,7,5,0,0,1,689.6666666666666,1.0,1,0,1,0
0,Early_Return,12,24,1,0,0,485.4906,1.0,1,1,0,0
0,Early_Return,6,48,5,1,1,80.0,0.0,1,0,0,0
0,Full_Day,13,24,4,0,0,137.0,0.0,1,0,0,0
0,Full_Day,7,20,4,0,1,249.66666666666666,0.0,1,1,0,0
0,Full_Day,12,28,5,1,0,298.25,0.0,1,0,0,0
0,Full_Day,6,48,2,0,1,322.0,0.0,1,0,0,0
0,Full_Day,6,10,6,1,1,356.2,0.0,1,0,0,0
0,Full_Day,12,52,1,0,0,485.4906,0.0,1,0,0,0
0,Early_Return,6,28,1,0,1,456.0,0.0,1,0,0,1
0,Full_Day,6,47,6,1,1,271.0,0.0,1,1,0,0
0,Full_Day,6,56,5,1,1,485.4906,0.0,1,0,0,0
0,Full_Day,13,9,3,0,0,435.0,0.0,1,1,0,0
0,Full_Day,5,52,4,0,1,409.5,0.0,1,0,1,0
1,Early_Return,12,35,2,0,0,444.6666666666667,0.0,1,0,1,0
1,Full_Day,6,47,3,0,1,352.0,0.0,1,0,0,0
0,Full_Day,6,42,4,0,1,485.4906,0.0,1,0,0,0
0,Full_Day,7,6,6,1,1,251.0,0.0,1,0,0,0
0,Full_Day,6,36,3,0,1,249.0,0.0,1,1,0,0
0,Early_Return,7,9,6,1,1,294.6666666666667,0.0,1,1,0,0
0,Full_Day,7,17,6,1,1,485.4906,0.0,1,1,0,0
0,Early_Return,6,55,2,0,1,256.0,0.0,0,0,1,0
0,Full_Day,12,44,0,0,0,178.5,0.0,1,1,0,0
0,Full_Day,7,9,6,1,1,261.3333333333333,0.0,1,1,0,0
0,Full_Day,6,49,0,0,1,330.5,0.0,1,0,0,0
0,Early_Return,7,8,1,0,1,331.6,0.0,1,0,0,0
0,Early_Return,6,29,0,0,1,304.2,0.0,1,1,0,0
0,Overnight,11,42,6,1,1,309.8,0.0,1,0,0,0
0,Early_Return,7,43,5,1,1,485.4906,1.0,1,0,0,0
0,Full_Day,12,50,1,0,0,91.0,0.0,1,1,0,0
0,Overnight,7,16,5,1,1,237.5,0.0,1,0,1,0
0,Early_Return,12,52,6,1,0,547.3333333333334,1.0,1,0,0,0
0,Early_Return,7,18,2,0,1,452.5,1.0,1,1,0,0
0,Full_Day,11,59,0,0,1,375.4,1.0,1,0,1,0
0,Full_Day,12,12,0,0,0,457.8,1.0,1,0,0,0
0,Full_Day,6,39,1,0,1,450.0,1.0,1,0,0,0
1,Long_Term,13,32,0,0,0,323.6,1.0,1,0,0,0
0,Early_Return,7,14,4,0,1,485.4906,1.0,1,0,0,1
0,Early_Return,7,13,1,0,1,123.0,0.0,1,1,0,0
0,Full_Day,13,43,2,0,0,153.5,0.0,1,0,0,0
0,Full_Day,7,17,3,0,1,193.0,0.0,1,0,0,0
0,Early_Return,12,34,3,0,0,208.0,0.0,1,0,1,0
0,Full_Day,7,0,3,0,1,179.6,0.0,1,1,0,0
0,Full_Day,7,0,1,0,1,215.6,0.0,1,0,0,0
0,Full_Day,6,41,4,0,1,263.8,0.0,1,0,0,0
0,Full_Day,12,29,6,1,0,280.6,0.0,1,1,0,0
1,Overnight,6,52,5,1,1,281.4,0.0,0,1,0,0
1,Full_Day,13,43,5,1,0,523.0,1.0,1,0,0,0
1,Full_Day,7,38,2,0,1,544.0,1.0,1,0,0,1
1,Early_Return,12,23,3,0,0,520.4,1.0,1,0,1,0
0,Early_Return,12,38,4,0,0,485.4906,1.0,1,0,1,0
0,Full_Day,7,14,2,0,1,72.0,0.0,0,0,1,0
0,Early_Return,6,11,4,0,1,212.5,0.0,1,0,0,0
0,Overnight,6,30,1,0,1,210.66666666666666,0.0,1,0,0,0
0,Early_Return,6,53,6,1,1,490.0,1.0,1,1,0,0
0,Early_Return,12,28,0,0,0,431.2,1.0,1,1,0,0
0,Long_Term,7,1,6,1,1,442.6,1.0,1,0,0,1
0,Early_Return,6,28,6,1,1,1032.4,1.0,1,0,1,0
0,Early_Return,6,30,6,1,1,485.4906,1.0,1,0,0,0
0,Early_Return,13,11,2,0,0,90.0,0.0,1,1,0,0
0,Full_Day,7,30,5,1,1,84.5,0.0,1,0,1,0
0,Early_Return,12,39,6,1,0,178.66666666666666,0.0,1,0,0,0
0,Full_Day,12,40,5,1,0,159.5,0.0,1,0,0,0
0,Full_Day,12,7,2,0,0,231.6,0.0,1,1,0,0
0,Early_Return,6,20,2,0,1,485.4906,0.0,1,1,0,0
0,Full_Day,12,26,2,0,0,174.0,0.0,1,0,0,0
0,Full_Day,7,39,3,0,1,215.5,0.0,1,0,0,1
0,Full_Day,6,56,6,1,1,276.3333333333333,0.0,1,0,0,0
0,Early_Return,13,27,1,0,0,286.25,0.0,1,0,0,0
0,Full_Day,7,27,2,0,1,269.0,0.0,1,1,0,0
0,Early_Return,12,39,3,0,0,330.8,0.0,1,1,0,0
0,Full_Day,7,26,6,1,1,311.4,0.0,1,1,0,0
1,Full_Day,8,2,6,1,1,318.4,0.0,1,1,0,0
1,Full_Day,12,37,2,0,0,354.2,0.0,1,1,0,0
1,Full_Day,7,7,5,1,1,413.4,0.0,1,0,0,0
0,Early_Return,13,38,2,0,0,485.4906,0.0,1,0,0,0
0,Long_Term,7,38,0,0,1,76.0,0.0,1,1,0,0
0,Full_Day,6,23,2,0,1,1526.5,0.0,1,1,0,0
0,Full_Day,8,17,5,1,1,1104.6666666666667,0.0,1,0,0,0
0,Early_Return,13,5,4,0,0,945.75,0.0,1,0,1,0
1,Full_Day,6,20,1,0,1,775.2,0.0,1,1,0,0
1,Full_Day,6,59,4,0,1,812.8,0.0,1,0,1,0
1,Full_Day,7,8,1,0,1,297.2,0.0,1,0,0,0
0,Overnight,8,41,2,0,1,485.4906,0.0,1,0,0,0
0,Full_Day,12,20,1,0,0,1392.0,1.0,1,0,0,0
0,Full_Day,7,37,4,0,1,841.5,1.0,1,0,0,0
0,Full_Day,7,47,6,1,1,671.6666666666666,1.0,1,0,0,1
0,Early_Return,6,45,3,0,1,566.0,1.0,1,0,1,0
0,Full_Day,6,33,1,0,1,477.0,1.0,1,1,0,0
0,Overnight,6,53,3,0,1,276.0,1.0,1,0,1,0
0,Full_Day,7,1,3,0,1,491.0,2.0,1,0,1,0
0,Full_Day,6,42,5,1,1,513.2,2.0,1,0,1,0
0,Full_Day,7,4,2,0,1,513.6,2.0,1,1,0,0
0,Full_Day,12,21,2,0,0,582.0,2.0,1,0,0,0
0,Full_Day,6,59,4,0,1,586.6,2.0,1,0,0,0
0,Early_Return,12,40,0,0,0,405.8,2.0,1,0,0,1
0,Early_Return,6,25,0,0,1,349.6,2.0,1,1,0,0
0,Full_Day,7,0,4,0,1,485.4906,2.0,1,1,0,0
0,Full_Day,6,59,5,1,1,391.0,0.0,1,0,0,0
0,Full_Day,12,24,1,0,0,413.5,0.0,1,0,1,0
0,Early_Return,6,57,1,0,1,382.6666666666667,0.0,1,0,1,0
0,Long_Term,13,25,2,0,0,317.0,0.0,1,1,0,0
0,Full_Day,6,58,4,0,1,485.4906,0.0,1,0,1,0
0,Full_Day,6,24,6,1,1,324.0,0.0,1,0,0,0
0,Early_Return,7,42,0,0,1,357.0,0.0,1,1,0,0
0,Full_Day,12,42,0,0,0,485.4906,0.0,1,0,0,0
0,Early_Return,7,3,0,0,1,384.0,0.0,1,0,1,0
0,Full_Day,13,13,0,0,0,235.0,0.0,1,0,0,1
0,Early_Return,12,35,5,1,0,286.6666666666667,0.0,1,0,0,0
0,Early_Return,7,0,4,0,1,485.4906,0.0,1,0,1,0
0,Full_Day,12,46,6,1,0,167.0,0.0,1,1,0,0
0,Full_Day,8,7,4,0,1,485.4906,0.0,1,1,0,0
0,Full_Day,7,35,1,0,1,289.0,0.0,0,0,0,0
0,Overnight,7,36,4,0,1,400.5,0.0,1,0,0,0
0,Early_Return,12,26,2,0,0,510.0,1.0,1,0,1,0
0,Full_Day,7,2,6,1,1,403.75,1.0,1,0,1,0
0,Full_Day,6,38,1,0,1,418.2,1.0,1,0,1,0
0,Early_Return,7,10,5,1,1,442.6,1.0,1,1,0,0
0,Full_Day,12,37,3,0,0,485.4906,1.0,1,1,0,0
0,Early_Return,6,31,5,1,1,408.0,0.0,1,0,0,1
0,Full_Day,7,22,2,0,1,263.0,0.0,1,0,0,0
0,Early_Return,6,54,4,0,1,322.6666666666667,0.0,1,0,1,0
0,Full_Day,7,22,4,0,1,294.25,0.0,1,0,0,1
0,Full_Day,7,15,5,1,1,287.8,0.0,1,0,0,0
0,Full_Day,6,57,6,1,1,263.4,0.0,1,1,0,0
0,Full_Day,6,16,0,0,1,338.0,0.0,1,0,0,0
0,Early_Return,6,14,2,0,1,485.4906,0.0,1,0,0,0
0,Full_Day,13,4,5,1,0,191.0,0.0,1,0,1,0
0,Long_Term,6,5,6,1,1,339.0,0.0,1,0,1,0
0,Early_Return,6,48,1,0,1,1524.6666666666667,0.0,1,0,1,0
0,Early_Return,6,57,2,0,1,1164.75,0.0,1,0,1,0
0,Full_Day,13,27,6,1,0,964.6,0.0,1,0,0,0
0,Full_Day,7,9,2,0,1,485.4906,0.0,1,0,0,0
0,Early_Return,12,20,0,0,0,451.0,0.0,1,1,0,0
0,Full_Day,7,47,3,0,1,263.5,0.0,1,0,0,0
0,Overnight,6,55,0,0,1,291.3333333333333,0.0,1,0,1,0
1,Early_Return,7,48,2,0,1,472.0,1.0,0,0,1,0
0,Full_Day,7,17,6,1,1,485.4906,1.0,1,1,0,0
0,Overnight,5,38,4,0,1,289.0,0.0,1,0,0,0
0,Full_Day,5,50,1,0,1,779.5,1.0,1,1,0,0
0,Full_Day,7,3,3,0,1,639.3333333333334,1.0,1,0,0,0
0,Full_Day,13,38,3,0,0,596.0,1.0,1,0,0,0
0,Full_Day,7,17,5,1,1,548.8,1.0,1,1,0,0
0,Early_Return,12,32,5,1,0,544.4,1.0,0,1,0,0
0,Full_Day,7,17,6,1,1,307.2,1.0,1,0,0,0
0,Early_Return,12,52,5,1,0,485.4906,1.0,1,0,0,0
0,Full_Day,12,15,6,1,0,75.0,0.0,1,0,0,0
0,Early_Return,12,48,3,0,0,270.5,0.0,1,1,0,0
0,Full_Day,13,13,0,0,0,222.66666666666666,0.0,1,0,0,0
1,Early_Return,12,28,2,0,0,294.75,0.0,1,1,0,0
0,Full_Day,7,21,1,0,1,485.4906,0.0,1,1,0,0
0,Full_Day,7,25,0,0,1,484.0,0.0,1,0,0,0
0,Full_Day,6,20,6,1,1,386.5,0.0,1,0,1,0
0,Early_Return,6,56,5,1,1,402.0,0.0,1,1,0,0
0,Full_Day,7,20,1,0,1,332.75,0.0,1,0,1,0
0,Full_Day,6,41,2,0,1,365.0,0.0,1,0,0,0
1,Full_Day,12,27,4,0,0,364.2,0.0,1,0,1,0
0,Full_Day,11,53,4,0,1,485.4906,0.0,1,1,0,0
0,Early_Return,6,58,1,0,1,499.0,0.0,1,1,0,0
0,Early_Return,13,41,6,1,0,341.0,0.0,1,0,0,0
0,Full_Day,6,58,2,0,1,268.3333333333333,0.0,1,1,0,0
0,Full_Day,6,50,6,1,1,278.25,0.0,1,0,1,0
0,Early_Return,6,40,4,0,1,301.4,0.0,1,1,0,0
0,Early_Return,7,27,5,1,1,225.0,0.0,1,1,0,0
0,Full_Day,8,1,0,0,1,485.4906,0.0,1,0,0,0
0,Overnight,12,15,2,0,0,496.0,0.0,1,0,0,0
0,Full_Day,7,19,2,0,1,653.0,1.0,1,1,0,0
0,Early_Return,6,29,3,0,1,556.3333333333334,1.0,1,1,0,0
0,Full_Day,13,4,4,0,0,442.5,1.0,1,0,0,0
0,Early_Return,6,3,3,0,1,485.4906,1.0,1,0,1,0
0,Early_Return,12,17,1,0,0,75.0,0.0,1,1,0,0
0,Early_Return,7,16,1,0,1,90.5,0.0,1,1,0,0
0,Full_Day,12,39,4,0,0,106.0,0.0,1,0,0,0
0,Long_Term,7,12,2,0,1,184.5,0.0,1,0,0,0
0,Early_Return,7,24,0,0,1,711.4,0.0,1,0,0,0
0,Full_Day,12,8,4,0,0,485.4906,0.0,1,0,0,0
0,Full_Day,12,30,2,0,0,508.0,0.0,1,0,0,0
0,Full_Day,7,44,0,0,1,496.5,0.0,1,1,0,0
0,Early_Return,12,41,1,0,0,415.6666666666667,0.0,1,0,1,0
0,Full_Day,12,45,1,0,0,334.5,0.0,1,0,0,0
0,Early_Return,7,46,6,1,1,359.2,0.0,1,0,0,0
0,Early_Return,7,21,5,1,1,273.6,0.0,1,0,0,0
0,Full_Day,8,25,1,0,1,485.4906,0.0,1,0,1,0
0,Full_Day,13,33,1,0,0,536.0,0.0,1,0,1,0
0,Early_Return,13,32,0,0,0,488.0,0.0,1,1,0,0
0,Full_Day,7,57,2,0,1,361.3333333333333,0.0,1,1,0,0
0,Early_Return,12,9,0,0,0,395.5,0.0,1,0,0,0
0,Early_Return,6,36,4,0,1,350.2,0.0,1,0,0,1
0,Full_Day,12,52,5,1,0,266.6,0.0,1,0,0,0
0,Overnight,7,14,4,0,1,260.0,0.0,1,1,0,0
1,Early_Return,7,6,3,0,1,460.4,1.0,1,0,1,0
0,Early_Return,12,52,1,0,0,485.4906,1.0,1,0,0,0
0,Full_Day,6,27,5,1,1,70.0,0.0,1,1,0,0
1,Full_Day,12,32,1,0,0,179.5,0.0,1,0,1,0
0,Full_Day,6,36,5,1,1,485.4906,0.0,1,0,0,1
0,Full_Day,13,11,0,0,0,410.0,0.0,1,1,0,0
0,Early_Return,12,9,2,0,0,455.0,0.0,1,0,1,0
0,Full_Day,7,48,5,1,1,348.3333333333333,0.0,1,0,0,0
0,Full_Day,6,51,2,0,1,332.0,0.0,1,0,1,0
0,Full_Day,12,50,0,0,0,323.0,0.0,1,1,0,0
0,Overnight,13,13,2,0,0,311.4,0.0,1,0,1,0
0,Long_Term,6,35,0,0,1,482.8,1.0,1,0,1,0
0,Full_Day,6,41,5,1,1,1275.0,1.0,1,1,0,0
1,Full_Day,7,0,4,0,1,1310.4,1.0,1,0,0,0
0,Early_Return,6,52,5,1,1,485.4906,1.0,1,0,1,0
0,Early_Return,6,0,3,0,1,185.0,0.0,1,0,1,0
0,Full_Day,12,53,2,0,0,145.0,0.0,1,1,0,0
0,Full_Day,12,35,3,0,0,177.66666666666666,0.0,1,0,0,0
0,Full_Day,6,48,0,0,1,267.25,0.0,1,0,1,0
0,Full_Day,6,35,4,0,1,289.2,0.0,1,1,0,0
0,Early_Return,6,47,2,0,1,485.4906,0.0,1,0,0,0
0,Full_Day,12,21,5,1,0,160.0,0.0,1,1,0,0
0,Long_Term,7,1,1,0,1,282.0,0.0,1,0,0,0
0,Early_Return,7,42,0,0,1,806.3333333333334,0.0,1,0,0,0
0,Long_Term,13,3,6,1,0,651.5,0.0,1,0,0,0
0,Full_Day,6,32,1,0,1,852.4,0.0,1,0,0,0
0,Overnight,7,13,1,0,1,903.0,0.0,1,0,0,0
0,Full_Day,12,29,0,0,0,1070.6,1.0,1,0,0,1
0,Early_Return,12,28,5,1,0,485.4906,1.0,1,0,0,0
0,Overnight,7,48,0,0,1,91.0,0.0,1,0,0,0
0,Overnight,6,25,1,0,1,549.0,1.0,1,0,0,1
0,Full_Day,7,8,2,0,1,637.3333333333334,2.0,1,0,0,0
0,Full_Day,13,11,1,0,0,591.0,2.0,1,0,1,0
1,Full_Day,7,7,6,1,1,525.0,2.0,1,1,0,0
0,Early_Return,6,56,0,0,1,485.4906,2.0,1,0,1,0
0,Full_Day,12,23,6,1,0,181.0,0.0,1,0,0,0
0,Overnight,7,45,6,1,1,263.0,0.0,1,0,1,0
0,Early_Return,7,17,2,0,1,485.4906,1.0,1,1,0,0
0,Early_Return,7,56,3,0,1,134.0,0.0,1,1,0,0
0,Early_Return,7,19,6,1,1,160.0,0.0,1,0,0,0
0,Early_Return,7,54,5,1,1,165.0,0.0,1,0,0,1
0,Early_Return,5,55,6,1,1,174.25,0.0,1,0,1,0
0,Full_Day,12,48,6,1,0,157.4,0.0,1,1,0,0
0,Full_Day,13,50,2,0,0,235.8,0.0,1,0,0,1
0,Early_Return,6,12,4,0,1,275.0,0.0,1,0,1,0
0,Full_Day,7,57,1,0,1,259.6,0.0,1,0,1,0
1,Full_Day,6,52,4,0,1,295.2,0.0,1,0,0,0
1,Full_Day,7,36,4,0,1,348.6,0.0,1,1,0,0
1,Early_Return,7,10,0,0,1,304.4,0.0,1,1,0,0
0,Overnight,6,46,5,1,1,485.4906,0.0,1,0,0,0
0,Full_Day,12,44,1,0,0,1391.0,1.0,1,0,0,1
0,Early_Return,7,58,1,0,1,839.5,1.0,1,0,0,0
0,Early_Return,14,7,0,0,0,627.6666666666666,1.0,1,0,0,0
0,Early_Return,7,9,4,0,1,492.0,1.0,1,0,0,1
1,Full_Day,7,13,5,1,1,434.8,1.0,1,1,0,0
0,Full_Day,7,28,1,0,1,485.4906,1.0,1,1,0,0
0,Overnight,11,47,2,0,1,539.0,0.0,1,0,0,1
0,Early_Return,7,15,5,1,1,708.5,1.0,1,1,0,0
0,Full_Day,7,0,1,0,1,528.3333333333334,1.0,1,0,1,0
1,Overnight,7,16,1,0,1,511.0,1.0,1,0,0,0
0,Early_Return,6,57,2,0,1,485.4906,2.0,1,0,0,1
0,Long_Term,7,52,3,0,1,119.0,0.0,1,0,0,0
0,Early_Return,8,1,0,0,1,1506.5,0.0,1,0,0,0
0,Early_Return,13,25,6,1,0,1029.0,0.0,1,0,0,0
1,Full_Day,7,5,3,0,1,802.25,0.0,1,1,0,0
1,Overnight,12,24,0,0,0,709.6,0.0,1,1,0,0
1,Early_Return,7,1,4,0,1,852.0,1.0,1,1,0,0
0,Early_Return,6,45,1,0,1,485.4906,1.0,1,0,0,0
0,Full_Day,6,15,2,0,1,90.0,0.0,1,1,0,0
0,Full_Day,12,32,0,0,0,260.0,0.0,1,0,0,0
0,Full_Day,7,16,6,1,1,273.6666666666667,0.0,1,0,1,0
0,Full_Day,13,0,0,0,0,315.0,0.0,1,0,0,0
0,Early_Return,6,25,1,0,1,343.6,0.0,1,1,0,0
0,Full_Day,7,35,4,0,1,347.8,0.0,1,0,0,0
0,Early_Return,6,58,1,0,1,319.4,0.0,1,0,1,0
1,Early_Return,12,39,2,0,0,274.0,0.0,1,0,0,1
1,Full_Day,12,28,2,0,0,221.0,0.0,1,1,0,0
0,Full_Day,7,18,2,0,1,485.4906,0.0,1,0,0,0
0,Early_Return,12,37,4,0,0,312.0,0.0,1,0,1,0
0,Early_Return,6,39,5,1,1,248.0,0.0,1,0,0,0
0,Early_Return,7,11,2,0,1,215.33333333333334,0.0,1,0,1,0
0,Full_Day,13,25,6,1,0,177.25,0.0,1,0,0,1
0,Full_Day,12,35,2,0,0,241.4,0.0,1,1,0,0
0,Early_Return,7,39,3,0,1,267.4,0.0,1,1,0,0
0,Full_Day,6,48,3,0,1,270.4,0.0,0,0,1,0
1,Long_Term,6,50,2,0,1,303.6,0.0,1,0,0,0
0,Full_Day,12,32,0,0,0,485.4906,0.0,1,0,1,0
0,Full_Day,13,5,2,0,0,416.0,0.0,1,1,0,0
0,Full_Day,13,41,4,0,0,420.0,0.0,1,0,0,0
0,Full_Day,7,36,5,1,1,406.0,0.0,0,1,0,0
0,Overnight,6,40,6,1,1,436.25,0.0,0,1,0,0
0,Full_Day,12,23,3,0,0,616.2,1.0,1,1,0,0
0,Early_Return,7,4,6,1,1,485.4906,1.0,1,0,1,0
0,Full_Day,13,36,1,0,0,84.0,0.0,1,0,0,0
0,Early_Return,6,49,4,0,1,269.5,0.0,1,0,0,0
0,Full_Day,7,16,1,0,1,240.66666666666666,0.0,1,0,0,0
0,Full_Day,12,8,1,0,0,308.25,0.0,1,0,0,1
0,Long_Term,7,7,0,0,1,339.2,0.0,1,0,0,0
0,Early_Return,12,34,5,1,0,1131.2,0.0,1,1,0,0
0,Early_Return,6,56,2,0,1,1077.2,0.0,1,1,0,0
0,Full_Day,7,46,5,1,1,1077.4,0.0,0,0,0,1
1,Full_Day,7,7,5,1,1,1077.6,0.0,1,0,1,0
0,Full_Day,12,53,4,0,0,485.4906,0.0,1,0,0,0
0,Full_Day,13,10,5,1,0,373.0,0.0,1,0,0,1
0,Overnight,5,46,0,0,1,428.5,0.0,1,1,0,0
0,Overnight,7,7,0,0,1,625.3333333333334,1.0,1,0,0,0
0,Full_Day,7,16,3,0,1,694.75,2.0,1,0,0,0
0,Overnight,6,46,2,0,1,658.6,2.0,1,0,0,0
0,Overnight,12,32,2,0,0,868.2,3.0,1,0,1,0
0,Full_Day,6,57,4,0,1,485.4906,4.0,1,0,0,0
0,Full_Day,7,2,4,0,1,480.0,0.0,1,0,0,0
0,Full_Day,6,22,4,0,1,481.0,0.0,1,0,1,0
0,Full_Day,6,22,5,1,1,414.3333333333333,0.0,1,0,0,0
0,Early_Return,13,4,2,0,0,415.0,0.0,1,1,0,0
1,Early_Return,7,46,6,1,1,373.2,0.0,1,0,0,0
1,Full_Day,6,5,6,1,1,312.2,0.0,1,1,0,0
1,Full_Day,6,52,1,0,1,280.4,0.0,1,0,0,0
0,Early_Return,6,18,3,0,1,485.4906,0.0,1,0,1,0
0,Overnight,13,2,6,1,0,118.0,0.0,1,1,0,0
0,Early_Return,6,41,2,0,1,435.5,1.0,1,0,0,0
0,Full_Day,7,22,6,1,1,355.0,1.0,1,0,1,0
1,Early_Return,7,16,1,0,1,331.25,1.0,1,0,1,0
0,Full_Day,7,12,0,0,1,485.4906,1.0,1,0,1,0
0,Full_Day,12,16,1,0,0,433.0,0.0,1,0,0,1
0,Full_Day,7,31,4,0,1,458.5,0.0,1,0,0,0
0,Full_Day,6,40,2,0,1,393.3333333333333,0.0,1,0,0,1
0,Full_Day,7,40,3,0,1,355.25,0.0,1,1,0,0
0,Overnight,12,53,5,1,0,382.4,0.0,1,0,0,0
0,Full_Day,7,10,6,1,1,453.6,1.0,1,0,0,1
0,Full_Day,6,43,5,1,1,443.8,1.0,1,1,0,0
0,Full_Day,7,23,2,0,1,488.4,1.0,1,0,0,1
0,Early_Return,12,57,1,0,0,485.4906,1.0,1,1,0,0
0,Full_Day,6,37,4,0,1,126.0,0.0,1,0,0,0
0,Full_Day,6,53,3,0,1,323.5,0.0,1,0,0,1
0,Overnight,7,53,1,0,1,366.3333333333333,0.0,1,0,1,0
0,Overnight,13,2,2,0,0,542.0,1.0,1,0,0,0
0,Full_Day,6,54,1,0,1,485.4906,2.0,1,0,0,0
0,Full_Day,7,23,6,1,1,527.0,0.0,1,0,1,0
0,Full_Day,6,55,0,0,1,408.0,0.0,1,1,0,0
0,Early_Return,7,19,2,0,1,403.0,0.0,1,0,0,1
0,Early_Return,6,56,5,1,1,322.0,0.0,1,0,1,0
1,Full_Day,6,29,6,1,1,280.4,0.0,1,0,1,0
1,Full_Day,6,58,1,0,1,238.2,0.0,1,1,0,0
0,Overnight,8,6,4,0,1,485.4906,0.0,1,1,0,0
0,Early_Return,6,28,1,0,1,806.0,1.0,1,0,0,0
0,Full_Day,7,25,6,1,1,438.0,1.0,1,0,0,0
0,Early_Return,7,18,2,0,1,412.3333333333333,1.0,1,0,0,0
0,Early_Return,7,21,3,0,1,329.5,1.0,1,0,1,0
0,Full_Day,12,49,3,0,0,297.6,1.0,1,1,0,0
0,Long_Term,7,19,1,0,1,226.6,1.0,1,0,0,1
1,Early_Return,12,30,6,1,0,644.2,1.0,1,0,0,0
0,Full_Day,8,22,5,1,1,485.4906,1.0,1,1,0,0
0,Early_Return,12,11,5,1,0,265.0,0.0,1,0,1,0
0,Full_Day,8,8,3,0,1,178.0,0.0,1,1,0,0
0,Early_Return,12,36,4,0,0,252.66666666666666,0.0,1,0,0,0
0,Overnight,7,7,1,0,1,235.0,0.0,1,0,0,1
1,Full_Day,13,32,4,0,0,407.8,1.0,1,0,0,0
1,Early_Return,7,53,1,0,1,439.8,1.0,1,0,0,1
0,Overnight,7,27,4,0,1,485.4906,1.0,1,1,0,0
0,Overnight,12,46,3,0,0,1002.0,1.0,1,0,1,0
0,Full_Day,7,13,5,1,1,937.5,2.0,1,0,0,1
0,Early_Return,7,12,4,0,1,708.3333333333334,2.0,1,0,0,0
0,Full_Day,6,30,1,0,1,567.0,2.0,1,1,0,0
0,Long_Term,6,56,3,0,1,537.8,2.0,1,1,0,0
0,Early_Return,6,59,5,1,1,977.8,2.0,1,0,0,0
0,Full_Day,13,16,5,1,0,837.4,2.0,1,1,0,0
0,Overnight,7,24,2,0,1,837.8,2.0,1,0,1,0
0,Full_Day,12,47,0,0,0,1065.4,3.0,1,0,0,0
0,Full_Day,6,27,0,0,1,1059.2,3.0,1,1,0,0
0,Early_Return,7,37,5,1,1,472.4,3.0,1,1,0,0
1,Long_Term,13,24,4,0,0,476.4,3.0,1,0,0,0
0,Full_Day,6,29,3,0,1,485.4906,3.0,1,0,0,1
0,Early_Return,7,9,3,0,1,465.0,0.0,1,1,0,0
0,Long_Term,7,19,3,0,1,304.0,0.0,1,1,0,0
0,Long_Term,7,16,0,0,1,1000.0,0.0,1,0,1,0
0,Long_Term,12,6,4,0,0,1291.25,0.0,1,0,0,0
0,Full_Day,13,11,2,0,0,1818.4,0.0,1,0,1,0
0,Early_Return,12,3,6,1,0,1823.2,0.0,1,0,0,0
0,Early_Return,7,23,6,1,1,1822.4,0.0,1,1,0,0
0,Full_Day,12,29,1,0,0,1365.6,0.0,1,0,1,0
1,Early_Return,6,47,3,0,1,1028.8,0.0,1,0,0,1
0,Early_Return,12,34,4,0,0,485.4906,0.0,1,0,0,0
0,Full_Day,7,2,0,0,1,80.0,0.0,1,0,0,0
0,Full_Day,12,45,1,0,0,183.5,0.0,1,0,1,0
0,Early_Return,6,1,3,0,1,214.33333333333334,0.0,0,1,0,0
0,Overnight,6,47,4,0,1,196.25,0.0,1,0,0,0
0,Full_Day,6,43,4,0,1,430.4,1.0,0,1,0,0
0,Early_Return,7,3,1,0,1,467.8,1.0,1,1,0,0
0,Full_Day,7,28,1,0,1,443.4,1.0,1,1,0,0
1,Early_Return,12,53,2,0,0,480.2,1.0,1,0,0,0
1,Full_Day,12,20,3,0,0,489.8,1.0,1,0,0,0
1,Overnight,7,11,4,0,1,311.0,1.0,1,0,0,0
0,Full_Day,7,10,4,0,1,485.4906,2.0,1,0,0,1
0,Full_Day,13,12,2,0,0,381.0,0.0,1,0,1,0
0,Full_Day,7,15,2,0,1,411.5,0.0,1,1,0,0
1,Full_Day,7,0,1,0,1,410.0,0.0,1,0,1,0
0,Full_Day,7,43,1,0,1,485.4906,0.0,1,1,0,0
0,Early_Return,6,34,5,1,1,379.0,0.0,1,0,0,0
0,Early_Return,12,12,2,0,0,282.0,0.0,1,0,0,0
0,Early_Return,7,17,0,0,1,223.33333333333334,0.0,1,1,0,0
0,Full_Day,7,31,1,0,1,187.0,0.0,1,0,0,0
0,Full_Day,13,30,4,0,0,217.0,0.0,1,0,0,0
0,Long_Term,7,14,5,1,1,215.4,0.0,1,0,0,0
1,Full_Day,12,22,2,0,0,965.0,0.0,1,0,0,0
0,Full_Day,6,32,1,0,1,485.4906,0.0,1,1,0,0
0,Early_Return,6,18,5,1,1,314.0,0.0,1,1,0,0
0,Early_Return,7,23,3,0,1,251.5,0.0,1,1,0,0
0,Early_Return,6,35,6,1,1,224.33333333333334,0.0,1,0,1,0
0,Early_Return,7,8,6,1,1,187.5,0.0,1,1,0,0
0,Full_Day,12,45,5,1,0,183.0,0.0,1,1,0,0
0,Early_Return,6,36,4,0,1,206.6,0.0,1,0,0,0
1,Full_Day,6,39,5,1,1,185.4,0.0,1,1,0,0
1,Early_Return,12,11,2,0,0,244.2,0.0,1,1,0,0
1,Early_Return,12,13,2,0,0,269.8,0.0,1,1,0,0
0,Early_Return,6,45,6,1,1,485.4906,0.0,1,0,0,0
0,Full_Day,6,41,5,1,1,188.0,0.0,1,1,0,0
0,Full_Day,12,43,4,0,0,293.0,0.0,1,0,1,0
0,Full_Day,7,56,0,0,1,278.3333333333333,0.0,1,0,0,0
0,Full_Day,13,25,3,0,0,323.75,0.0,1,0,0,0
0,Overnight,11,36,3,0,1,345.6,0.0,1,1,0,0
0,Early_Return,6,4,4,0,1,544.6,1.0,1,1,0,0
0,Early_Return,6,51,0,0,1,491.6,1.0,1,1,0,0
0,Long_Term,7,26,1,0,1,485.4906,1.0,1,0,0,0
0,Full_Day,6,24,4,0,1,2235.0,0.0,1,1,0,0
0,Early_Return,6,41,5,1,1,1280.5,0.0,1,0,0,1
0,Early_Return,7,5,1,0,1,914.3333333333334,0.0,1,0,1,0
0,Early_Return,6,59,5,1,1,712.25,0.0,1,1,0,0
0,Long_Term,7,31,6,1,1,583.8,0.0,1,1,0,0
0,Full_Day,7,25,2,0,1,762.0,0.0,1,1,0,0
1,Full_Day,6,56,0,0,1,759.8,0.0,1,1,0,0
0,Early_Return,13,1,6,1,0,485.4906,0.0,1,0,0,0
0,Early_Return,12,30,0,0,0,181.0,0.0,1,1,0,0
0,Early_Return,7,6,3,0,1,138.0,0.0,1,0,0,1
0,Full_Day,6,46,0,0,1,144.33333333333334,0.0,1,1,0,0
0,Overnight,13,29,4,0,0,236.5,0.0,1,0,1,0
0,Early_Return,13,10,5,1,0,404.6,1.0,1,0,1,0
0,Full_Day,7,37,6,1,1,397.8,1.0,1,0,0,0
0,Full_Day,12,21,1,0,0,451.6,1.0,1,0,1,0
0,Early_Return,12,55,2,0,0,495.0,1.0,1,0,0,1
1,Early_Return,7,18,2,0,1,419.4,1.0,0,0,0,1
0,Full_Day,6,43,6,1,1,485.4906,1.0,1,1,0,0
0,Early_Return,6,57,3,0,1,368.0,0.0,1,0,0,0
0,Overnight,13,14,0,0,0,238.0,0.0,1,0,0,0
0,Full_Day,7,11,2,0,1,598.3333333333334,1.0,1,0,0,0
0,Full_Day,7,7,4,0,1,539.25,1.0,1,0,1,0
0,Early_Return,6,41,3,0,1,487.0,1.0,1,0,0,1
0,Early_Return,6,57,4,0,1,430.2,1.0,1,0,1,0
0,Full_Day,6,31,5,1,1,425.8,1.0,1,0,0,0
1,Early_Return,12,35,5,1,0,266.0,1.0,1,0,0,0
0,Full_Day,12,24,3,0,0,485.4906,1.0,1,0,1,0
0,Overnight,7,2,2,0,1,529.0,0.0,1,0,0,0
0,Full_Day,7,20,2,0,1,827.5,1.0,1,0,0,0
0,Full_Day,12,16,3,0,0,656.6666666666666,1.0,1,1,0,0
0,Overnight,12,44,1,0,0,615.0,1.0,1,0,0,0
0,Early_Return,7,38,5,1,1,708.8,2.0,1,0,0,0
0,Overnight,6,58,5,1,1,639.4,2.0,1,1,0,0
0,Overnight,6,52,6,1,1,646.4,3.0,1,1,0,0
0,Early_Return,6,54,6,1,1,785.8,4.0,1,0,0,0
1,Full_Day,7,17,0,0,1,709.8,4.0,1,0,0,0
1,Early_Return,6,48,5,1,1,584.6,4.0,1,0,0,0
1,Full_Day,6,45,0,0,1,575.8,4.0,1,0,1,0
0,Early_Return,6,48,0,0,1,485.4906,4.0,1,0,0,0
0,Full_Day,7,3,5,1,1,193.0,0.0,1,0,0,0
0,Full_Day,7,28,1,0,1,331.0,0.0,1,0,1,0
0,Early_Return,12,32,0,0,0,485.4906,0.0,1,0,0,1
0,Full_Day,7,37,6,1,1,79.0,0.0,1,0,0,0
0,Full_Day,7,44,2,0,1,281.0,0.0,1,1,0,0
0,Early_Return,7,33,2,0,1,314.6666666666667,0.0,1,1,0,0
1,Early_Return,8,13,4,0,1,287.5,0.0,1,0,1,0
1,Full_Day,12,52,6,1,0,271.0,0.0,1,1,0,0
1,Early_Return,6,46,2,0,1,336.2,0.0,1,1,0,0
0,Full_Day,13,16,0,0,0,485.4906,0.0,0,0,0,0
0,Early_Return,12,32,4,0,0,326.0,0.0,1,0,0,0
0,Overnight,7,56,4,0,1,202.5,0.0,1,0,1,0
0,Early_Return,5,36,0,0,1,479.3333333333333,1.0,1,0,0,0
0,Full_Day,12,51,0,0,0,383.25,1.0,1,1,0,0
0,Full_Day,6,53,5,1,1,357.0,1.0,1,0,0,1
1,Full_Day,7,20,4,0,1,373.2,1.0,1,0,0,0
0,Full_Day,6,21,4,0,1,485.4906,1.0,1,0,0,0
0,Full_Day,7,11,5,1,1,423.0,0.0,1,0,1,0
0,Early_Return,6,12,2,0,1,398.0,0.0,1,1,0,0
0,Early_Return,7,12,1,0,1,321.6666666666667,0.0,1,0,0,0
0,Full_Day,13,5,4,0,0,288.75,0.0,1,0,1,0
0,Long_Term,7,4,3,0,1,290.4,0.0,1,0,1,0
1,Early_Return,12,56,5,1,0,955.4,0.0,1,1,0,0
0,Early_Return,7,54,0,0,1,485.4906,0.0,1,1,0,0
0,Early_Return,7,7,6,1,1,138.0,0.0,1,1,0,0
0,Early_Return,7,7,5,1,1,170.5,0.0,1,0,1,0
0,Full_Day,6,38,3,0,1,153.0,0.0,1,0,0,0
0,Early_Return,12,15,2,0,0,244.75,0.0,1,0,0,0
0,Full_Day,7,19,0,0,1,222.6,0.0,1,1,0,0
0,Full_Day,13,37,4,0,0,270.0,0.0,1,1,0,0
1,Early_Return,6,54,0,0,1,326.4,0.0,1,0,0,0
1,Full_Day,12,29,2,0,0,317.8,0.0,1,0,0,0
0,Full_Day,7,18,6,1,1,485.4906,0.0,1,0,1,0
0,Full_Day,6,33,0,0,1,348.0,0.0,1,0,0,0
0,Full_Day,11,45,1,0,1,304.5,0.0,1,0,0,1
0,Early_Return,12,1,1,0,0,308.3333333333333,0.0,1,0,1,0
0,Full_Day,6,36,3,0,1,261.5,0.0,1,0,1,0
0,Early_Return,12,36,6,1,0,312.0,0.0,1,1,0,0
0,Early_Return,13,31,1,0,0,259.0,0.0,1,1,0,0
0,Overnight,7,3,0,0,1,227.4,0.0,1,0,1,0
1,Full_Day,6,59,5,1,1,424.4,1.0,1,0,1,0
1,Full_Day,6,44,4,0,1,480.2,1.0,1,0,1,0
0,Full_Day,6,48,2,0,1,485.4906,1.0,1,1,0,0
0,Full_Day,12,37,5,1,0,466.0,0.0,1,0,0,0
0,Long_Term,12,21,3,0,0,385.0,0.0,1,1,0,0
0,Overnight,7,57,4,0,1,968.0,0.0,1,1,0,0
0,Full_Day,7,6,1,0,1,1048.0,1.0,1,0,0,1
0,Early_Return,6,56,3,0,1,886.4,1.0,1,0,0,0
0,Overnight,11,37,5,1,1,485.4906,1.0,1,1,0,0
0,Early_Return,13,56,0,0,0,1104.0,1.0,1,1,0,0
0,Early_Return,7,8,0,0,1,606.0,1.0,1,0,0,0
0,Full_Day,7,20,5,1,1,425.0,1.0,1,0,0,0
0,Early_Return,12,34,6,1,0,485.4906,1.0,1,0,1,0
0,Full_Day,7,39,0,0,1,184.0,0.0,1,1,0,0
0,Early_Return,6,7,1,0,1,302.5,0.0,1,0,1,0
0,Overnight,6,52,1,0,1,246.0,0.0,1,0,0,0
0,Early_Return,12,25,2,0,0,421.0,1.0,1,0,0,0
0,Full_Day,12,39,4,0,0,373.4,1.0,1,1,0,0
0,Full_Day,6,2,4,0,1,485.4906,1.0,1,0,0,0
0,Overnight,12,7,0,0,0,243.0,0.0,1,0,0,0
0,Early_Return,7,5,4,0,1,775.5,1.0,1,0,0,1
0,Full_Day,13,3,0,0,0,583.3333333333334,1.0,1,0,0,0
0,Early_Return,7,44,6,1,1,538.25,1.0,1,1,0,0
0,Full_Day,7,9,1,0,1,445.8,1.0,1,0,0,0
1,Early_Return,7,31,0,0,1,447.2,1.0,1,0,1,0
1,Overnight,12,14,5,1,0,205.8,1.0,1,1,0,0
0,Early_Return,7,30,3,0,1,485.4906,2.0,1,0,0,0
0,Full_Day,12,54,3,0,0,194.0,0.0,1,1,0,0
0,Full_Day,12,10,5,1,0,270.5,0.0,1,0,0,1
0,Early_Return,12,38,6,1,0,346.0,0.0,1,0,1,0
0,Early_Return,7,28,5,1,1,301.75,0.0,1,0,0,0
1,Full_Day,6,26,1,0,1,263.0,0.0,1,0,0,1
0,Full_Day,13,2,0,0,0,485.4906,0.0,1,1,0,0
0,Early_Return,12,34,5,1,0,532.0,0.0,1,0,0,0
0,Full_Day,13,15,4,0,0,311.0,0.0,1,0,0,0
0,Long_Term,7,14,2,0,1,346.3333333333333,0.0,1,0,0,0
0,Full_Day,6,24,4,0,1,844.25,0.0,1,0,1,0
0,Full_Day,6,8,5,1,1,723.8,0.0,1,1,0,0
0,Full_Day,7,6,5,1,1,713.0,0.0,1,1,0,0
0,Overnight,7,16,6,1,1,784.6,0.0,1,0,0,1
0,Overnight,6,56,5,1,1,934.2,1.0,1,0,0,1
0,Full_Day,6,7,0,0,1,737.6,2.0,1,0,0,0
1,Early_Return,12,30,3,0,0,762.4,2.0,1,0,0,0
1,Early_Return,6,59,6,1,1,704.4,2.0,1,0,0,0
1,Early_Return,7,6,0,0,1,650.2,2.0,1,1,0,0
0,Early_Return,12,18,2,0,0,485.4906,2.0,1,0,0,1
0,Early_Return,13,8,6,1,0,114.0,0.0,1,1,0,0
0,Full_Day,12,58,2,0,0,139.5,0.0,1,0,0,1
0,Full_Day,6,34,6,1,1,219.66666666666666,0.0,1,0,1,0
0,Full_Day,7,25,6,1,1,237.0,0.0,1,1,0,0
0,Early_Return,6,38,0,0,1,257.0,0.0,1,0,1,0
0,Early_Return,6,38,2,0,1,485.4906,0.0,1,0,0,0
0,Early_Return,12,44,4,0,0,180.0,0.0,1,0,1,0
0,Early_Return,6,31,1,0,1,128.5,0.0,1,0,0,0
0,Full_Day,7,15,5,1,1,112.0,0.0,1,0,0,0
0,Full_Day,7,4,4,0,1,208.25,0.0,1,0,0,0
0,Full_Day,6,48,6,1,1,230.2,0.0,1,1,0,0
0,Full_Day,7,42,3,0,1,272.0,0.0,1,0,1,0
1,Full_Day,7,14,0,0,1,317.0,0.0,1,0,0,0
0,Overnight,12,58,2,0,0,485.4906,0.0,1,0,0,1
0,Early_Return,6,37,1,0,1,792.0,1.0,1,0,0,0
0,Early_Return,6,51,2,0,1,482.0,1.0,1,0,1,0
0,Overnight,6,16,1,0,1,345.6666666666667,1.0,1,1,0,0
0,Early_Return,12,45,4,0,0,475.25,2.0,1,0,0,0
0,Full_Day,11,47,5,1,1,392.2,2.0,1,0,1,0
0,Early_Return,7,59,3,0,1,338.4,2.0,1,0,0,0
0,Full_Day,6,36,1,0,1,316.2,2.0,1,0,1,0
0,Full_Day,12,17,1,0,0,358.2,2.0,0,0,0,0
0,Overnight,6,54,5,1,1,280.6,2.0,1,0,0,0
1,Full_Day,6,13,2,0,1,525.2,3.0,1,1,0,0
0,Long_Term,8,11,5,1,1,485.4906,3.0,1,0,1,0
0,Full_Day,6,40,1,0,1,3002.0,0.0,1,0,0,0
0,Full_Day,6,26,5,1,1,1644.5,0.0,1,0,0,0
0,Early_Return,7,12,6,1,1,1241.0,0.0,1,0,0,0
0,Full_Day,12,41,0,0,0,968.75,0.0,1,0,1,0
0,Overnight,7,58,4,0,1,843.8,0.0,1,0,0,1
1,Full_Day,7,11,2,0,1,397.0,1.0,1,1,0,0
0,Full_Day,7,41,6,1,1,485.4906,1.0,1,1,0,0
0,Full_Day,6,50,0,0,1,503.0,0.0,1,1,0,0
0,Early_Return,7,0,4,0,1,445.0,0.0,1,0,0,1
0,Overnight,7,1,1,0,1,365.0,0.0,1,1,0,0
0,Full_Day,7,11,3,0,1,495.75,1.0,1,0,0,0
0,Early_Return,7,28,6,1,1,465.8,1.0,1,1,0,0
0,Early_Return,7,46,6,1,1,402.8,1.0,1,0,1,0
1,Full_Day,6,1,2,0,1,367.0,1.0,1,1,0,0
0,Full_Day,12,10,6,1,0,485.4906,1.0,1,0,0,1
0,Overnight,7,8,2,0,1,531.0,0.0,1,1,0,0
1,Full_Day,12,47,3,0,0,719.5,1.0,1,0,0,0
1,Early_Return,12,50,6,1,0,602.6666666666666,1.0,1,0,0,0
0,Full_Day,6,38,4,0,1,485.4906,1.0,1,1,0,0
0,Full_Day,6,31,6,1,1,290.0,0.0,1,0,0,0
0,Early_Return,12,36,0,0,0,275.5,0.0,1,0,0,0
0,Early_Return,6,20,3,0,1,485.4906,0.0,1,0,1,0
0,Full_Day,12,14,6,1,0,117.0,0.0,1,0,0,1
0,Full_Day,13,26,3,0,0,294.5,0.0,1,1,0,0
0,Early_Return,7,24,3,0,1,314.0,0.0,1,1,0,0
1,Full_Day,6,57,3,0,1,285.25,0.0,1,0,1,0
1,Full_Day,6,37,6,1,1,301.0,0.0,1,0,0,0
1,Long_Term,12,35,2,0,0,371.6,0.0,1,0,0,0
0,Full_Day,12,12,5,1,0,485.4906,0.0,1,0,1,0
0,Overnight,8,0,6,1,1,347.0,0.0,1,0,0,0
0,Full_Day,13,23,2,0,0,621.5,1.0,1,1,0,0
0,Early_Return,12,31,5,1,0,485.4906,1.0,1,0,0,0
0,Full_Day,6,53,2,0,1,166.0,0.0,1,0,0,0
0,Long_Term,6,5,0,0,1,253.5,0.0,1,0,0,1
0,Full_Day,7,6,1,0,1,879.0,0.0,1,0,1,0
0,Full_Day,7,8,2,0,1,721.5,0.0,1,0,0,0
1,Full_Day,7,18,0,0,1,681.8,0.0,1,0,0,0
0,Full_Day,6,39,3,0,1,485.4906,0.0,1,1,0,0
0,Overnight,7,24,6,1,1,319.0,0.0,1,1,0,0
0,Full_Day,6,19,2,0,1,540.5,1.0,1,1,0,0
0,Overnight,5,59,3,0,1,491.3333333333333,1.0,0,0,0,0
0,Early_Return,13,38,3,0,0,703.75,2.0,1,1,0,0
0,Early_Return,6,40,1,0,1,596.4,2.0,1,0,0,0
0,Early_Return,7,11,4,0,1,570.4,2.0,1,0,0,0
0,Early_Return,6,48,1,0,1,435.0,2.0,1,1,0,0
0,Early_Return,12,35,3,0,0,373.4,2.0,1,0,1,0
0,Full_Day,12,54,3,0,0,118.4,2.0,1,0,0,0
0,Early_Return,6,30,1,0,1,146.0,2.0,1,0,0,0
0,Long_Term,6,11,3,0,1,144.2,2.0,1,1,0,0
0,Full_Day,6,51,2,0,1,914.6,2.0,1,1,0,0
0,Full_Day,7,19,1,0,1,1003.2,2.0,1,1,0,0
0,Full_Day,13,29,4,0,0,485.4906,2.0,1,1,0,0
0,Long_Term,12,44,6,1,0,385.0,0.0,1,1,0,0
0,Full_Day,7,4,1,0,1,485.4906,0.0,1,0,0,0
0,Full_Day,12,41,3,0,0,343.0,0.0,1,0,0,0
0,Full_Day,13,2,4,0,0,327.0,0.0,1,1,0,0
0,Full_Day,6,36,4,0,1,485.4906,0.0,1,0,0,0
0,Early_Return,12,18,5,1,0,343.0,0.0,1,0,0,1
0,Full_Day,12,48,0,0,0,272.5,0.0,1,0,1,0
0,Full_Day,7,20,2,0,1,342.6666666666667,0.0,1,1,0,0
0,Early_Return,7,21,3,0,1,319.25,0.0,1,0,0,0
0,Long_Term,7,35,3,0,1,269.8,0.0,1,0,0,0
0,Full_Day,13,29,4,0,0,536.4,0.0,0,0,0,0
1,Early_Return,7,14,1,0,1,569.0,0.0,1,0,0,0
0,Long_Term,6,17,1,0,1,485.4906,0.0,1,0,0,0
0,Full_Day,7,4,3,0,1,1814.0,0.0,1,1,0,0
0,Full_Day,7,20,2,0,1,1148.0,0.0,1,1,0,0
1,Early_Return,12,42,3,0,0,867.6666666666666,0.0,1,0,0,0
1,Early_Return,13,8,4,0,0,689.5,0.0,1,0,0,0
0,Full_Day,6,23,2,0,1,485.4906,0.0,1,0,1,0
0,Early_Return,7,38,0,0,1,430.0,0.0,1,0,0,0
0,Full_Day,13,3,1,0,0,283.5,0.0,1,1,0,0
0,Full_Day,12,54,2,0,0,368.6666666666667,0.0,1,1,0,0
0,Early_Return,7,25,3,0,1,365.25,0.0,1,0,0,1
0,Full_Day,12,19,2,0,0,313.4,0.0,1,0,0,0
1,Full_Day,7,2,2,0,1,282.8,0.0,1,0,0,0
1,Long_Term,6,49,2,0,1,319.4,0.0,1,1,0,0
0,Full_Day,6,36,5,1,1,485.4906,0.0,1,1,0,0
0,Early_Return,6,49,5,1,1,479.0,0.0,1,1,0,0
0,Early_Return,6,27,4,0,1,334.0,0.0,1,1,0,0
0,Full_Day,12,45,3,0,0,242.66666666666666,0.0,1,0,1,0
0,Early_Return,7,29,5,1,1,305.25,0.0,1,0,1,0
0,Full_Day,6,12,3,0,1,259.4,0.0,1,1,0,0
0,Full_Day,13,3,6,1,0,226.2,0.0,1,0,1,0
0,Full_Day,12,10,0,0,0,485.4906,0.0,1,0,0,0
0,Full_Day,7,30,3,0,1,475.0,0.0,1,0,0,1
0,Early_Return,6,46,6,1,1,422.0,0.0,1,1,0,0
0,Full_Day,12,40,3,0,0,333.6666666666667,0.0,1,0,0,0
0,Early_Return,6,58,0,0,1,312.5,0.0,1,1,0,0
0,Early_Return,6,36,1,0,1,273.4,0.0,1,0,0,0
0,Early_Return,13,19,5,1,0,218.8,0.0,1,0,0,0
1,Early_Return,7,46,6,1,1,171.0,0.0,1,1,0,0
1,Full_Day,6,18,3,0,1,180.4,0.0,1,0,0,0
0,Full_Day,13,26,2,0,0,485.4906,0.0,1,0,1,0
0,Overnight,6,56,0,0,1,521.0,0.0,1,0,0,0
0,Full_Day,6,12,4,0,1,672.0,1.0,1,0,1,0
0,Early_Return,13,4,6,1,0,558.0,1.0,1,0,0,0
0,Full_Day,7,29,0,0,1,460.0,1.0,1,0,0,0
0,Early_Return,13,41,2,0,0,419.0,1.0,1,0,1,0
0,Full_Day,12,14,6,1,0,337.6,1.0,1,0,0,1
0,Early_Return,12,34,5,1,0,222.0,1.0,1,1,0,0
1,Full_Day,12,37,2,0,0,190.8,1.0,1,0,1,0
0,Full_Day,7,48,3,0,1,485.4906,1.0,1,0,0,0
0,Early_Return,7,45,6,1,1,297.0,0.0,1,1,0,0
0,Early_Return,6,33,6,1,1,237.0,0.0,1,0,0,0
0,Early_Return,7,1,0,0,1,215.0,0.0,1,1,0,0
0,Early_Return,7,18,3,0,1,210.0,0.0,1,1,0,0
1,Full_Day,6,53,4,0,1,201.6,0.0,1,0,0,1
0,Early_Return,12,42,4,0,0,485.4906,0.0,1,0,0,0
0,Full_Day,6,52,4,0,1,194.0,0.0,0,0,0,0
0,Early_Return,8,3,4,0,1,305.5,0.0,1,0,0,0
0,Full_Day,6,43,3,0,1,252.33333333333334,0.0,1,1,0,0
0,Overnight,12,11,2,0,0,319.25,0.0,1,0,0,0
0,Full_Day,6,30,4,0,1,449.6,1.0,1,0,0,1
0,Early_Return,6,45,1,0,1,506.4,1.0,1,1,0,0
0,Overnight,7,22,3,0,1,451.4,1.0,1,1,0,0
0,Full_Day,7,44,5,1,1,590.6,2.0,1,1,0,0
0,Full_Day,12,12,0,0,0,575.8,2.0,1,1,0,0
0,Early_Return,6,43,6,1,1,466.8,2.0,1,0,0,0
0,Full_Day,7,12,1,0,1,485.4906,2.0,0,0,1,0
0,Full_Day,7,33,4,0,1,452.0,0.0,1,1,0,0
0,Overnight,12,0,3,0,0,395.5,0.0,0,0,0,0
0,Early_Return,7,55,3,0,1,718.0,1.0,0,0,0,0
0,Full_Day,6,54,0,0,1,576.25,1.0,1,0,0,1
0,Early_Return,12,24,1,0,0,485.4906,1.0,1,0,0,1
0,Full_Day,7,6,6,1,1,168.0,0.0,1,0,0,0
0,Full_Day,7,30,3,0,1,304.0,0.0,1,1,0,0
0,Full_Day,7,9,6,1,1,301.3333333333333,0.0,1,1,0,0
0,Early_Return,6,34,5,1,1,333.5,0.0,1,0,1,0
0,Overnight,12,38,2,0,0,296.6,0.0,1,1,0,0
0,Full_Day,12,46,5,1,0,439.0,1.0,1,1,0,0
1,Full_Day,12,44,2,0,0,403.4,1.0,1,0,1,0
0,Full_Day,12,3,6,1,0,485.4906,1.0,1,0,0,0
0,Overnight,7,6,5,1,1,377.0,0.0,1,0,1,0
0,Early_Return,7,6,6,1,1,759.5,1.0,1,1,0,0
1,Full_Day,7,0,0,0,1,542.6666666666666,1.0,1,0,1,0
1,Full_Day,13,11,1,0,0,485.75,1.0,1,0,0,0
1,Full_Day,5,59,3,0,1,455.6,1.0,1,1,0,0
0,Full_Day,12,41,4,0,0,485.4906,1.0,1,1,0,0
0,Early_Return,6,54,1,0,1,302.0,0.0,1,0,0,1
0,Full_Day,6,52,5,1,1,226.5,0.0,1,1,0,0
0,Full_Day,7,37,4,0,1,278.6666666666667,0.0,1,0,0,1
0,Full_Day,6,21,5,1,1,279.75,0.0,1,0,0,0
0,Full_Day,7,6,2,0,1,300.8,0.0,1,0,1,0
0,Full_Day,13,20,3,0,0,344.8,0.0,1,0,1,0
0,Overnight,12,17,6,1,0,369.4,0.0,1,0,0,0
1,Full_Day,12,47,1,0,0,451.4,1.0,1,0,1,0
0,Full_Day,6,28,5,1,1,485.4906,1.0,1,1,0,0
0,Overnight,12,39,2,0,0,484.0,0.0,1,0,0,0
0,Full_Day,13,5,5,1,0,755.5,1.0,1,0,0,0
0,Overnight,12,12,0,0,0,591.6666666666666,1.0,1,0,0,0
0,Overnight,7,8,2,0,1,659.0,2.0,1,0,0,0
0,Full_Day,7,6,0,0,1,766.2,3.0,1,0,0,0
0,Early_Return,7,39,0,0,1,740.6,3.0,1,0,1,0
0,Early_Return,7,46,3,0,1,573.2,3.0,1,0,0,0
0,Early_Return,6,52,3,0,1,557.6,3.0,1,0,0,0
0,Long_Term,12,13,0,0,0,423.8,3.0,1,0,0,1
1,Full_Day,7,11,6,1,1,1003.8,3.0,1,0,0,1
0,Overnight,12,11,4,0,0,485.4906,3.0,1,0,0,0
0,Early_Return,5,48,0,0,1,788.0,1.0,1,0,0,0
0,Full_Day,13,9,5,1,0,453.5,1.0,1,1,0,0
0,Full_Day,7,44,6,1,1,414.3333333333333,1.0,1,1,0,0
1,Early_Return,7,0,0,0,1,403.25,1.0,1,0,1,0
1,Early_Return,6,19,1,0,1,338.2,1.0,1,0,0,0
1,Full_Day,6,36,2,0,1,197.2,1.0,1,1,0,0
1,Early_Return,11,59,1,0,1,280.0,1.0,1,0,1,0
0,Full_Day,6,11,0,0,1,485.4906,1.0,1,1,0,0
0,Full_Day,7,13,3,0,1,452.0,0.0,1,1,0,0
0,Long_Term,7,13,3,0,1,489.0,0.0,1,0,0,1
0,Early_Return,12,43,0,0,0,485.4906,0.0,1,0,0,0
0,Full_Day,12,19,1,0,0,155.0,0.0,1,0,1,0
0,Overnight,12,56,4,0,0,329.0,0.0,1,1,0,0
0,Full_Day,6,34,4,0,1,550.0,1.0,0,0,0,1
0,Full_Day,7,17,5,1,1,510.0,1.0,1,1,0,0
0,Full_Day,12,23,3,0,0,469.2,1.0,1,0,1,0
1,Early_Return,12,48,1,0,0,535.2,1.0,1,0,0,1
0,Early_Return,6,56,0,0,1,485.4906,1.0,1,1,0,0
0,Full_Day,6,13,5,1,1,171.0,0.0,1,0,0,0
0,Full_Day,5,49,3,0,1,238.0,0.0,1,0,1,0
0,Early_Return,12,11,1,0,0,266.3333333333333,0.0,1,0,0,1
0,Full_Day,12,15,5,1,0,235.5,0.0,1,1,0,0
0,Full_Day,12,13,1,0,0,237.2,0.0,1,0,0,1
0,Full_Day,7,27,1,0,1,485.4906,0.0,1,1,0,0
0,Early_Return,7,0,2,0,1,483.0,0.0,1,1,0,0
1,Full_Day,7,33,2,0,1,343.5,0.0,1,0,0,1
0,Early_Return,6,28,2,0,1,485.4906,0.0,1,0,0,1
0,Overnight,7,25,3,0,1,174.0,0.0,1,0,0,0
0,Full_Day,12,29,4,0,0,514.5,1.0,1,0,0,0
0,Full_Day,6,37,3,0,1,452.3333333333333,1.0,1,0,1,0
0,Overnight,13,31,6,1,0,466.75,1.0,1,0,0,0
0,Full_Day,6,44,6,1,1,519.2,2.0,1,1,0,0
1,Early_Return,5,51,4,0,1,552.4,2.0,1,0,0,0
1,Full_Day,6,40,2,0,1,414.8,2.0,1,0,0,0
0,Early_Return,6,9,6,1,1,485.4906,2.0,1,0,0,1
0,Early_Return,11,54,2,0,1,134.0,0.0,1,0,0,0
0,Full_Day,6,28,3,0,1,125.5,0.0,1,0,0,0
1,Early_Return,7,16,0,0,1,220.0,0.0,1,1,0,0
1,Full_Day,11,53,5,1,1,180.5,0.0,1,0,0,0
1,Full_Day,7,16,6,1,1,207.8,0.0,1,0,0,0
0,Early_Return,6,13,4,0,1,485.4906,0.0,1,1,0,0
0,Full_Day,12,39,5,1,0,146.0,0.0,1,1,0,0
0,Early_Return,13,0,1,0,0,313.0,0.0,1,0,0,1
0,Full_Day,6,50,4,0,1,265.6666666666667,0.0,1,0,1,0
0,Full_Day,7,4,5,1,1,485.4906,0.0,1,0,0,0
0,Early_Return,7,55,1,0,1,530.0,0.0,1,0,0,0
0,Early_Return,7,54,6,1,1,312.5,0.0,1,0,0,0
0,Full_Day,13,8,0,0,0,266.3333333333333,0.0,1,1,0,0
0,Full_Day,6,54,4,0,1,301.25,0.0,1,1,0,0
1,Early_Return,12,24,2,0,0,311.0,0.0,1,0,0,1
0,Full_Day,7,16,5,1,1,485.4906,0.0,1,0,0,0
0,Early_Return,7,14,4,0,1,315.0,0.0,1,0,0,0
0,Long_Term,5,51,4,0,1,217.5,0.0,1,0,0,1
0,Full_Day,7,42,6,1,1,797.6666666666666,0.0,1,1,0,0
0,Overnight,6,43,0,0,1,681.75,0.0,1,0,0,0
0,Full_Day,7,22,1,0,1,485.4906,1.0,1,0,1,0
0,Early_Return,11,58,4,0,1,290.0,0.0,1,0,0,0
0,Early_Return,7,12,5,1,1,225.0,0.0,1,0,0,0
0,Early_Return,13,40,0,0,0,204.33333333333334,0.0,1,0,1,0
0,Early_Return,13,1,5,1,0,169.0,0.0,1,1,0,0
1,Long_Term,12,5,2,0,0,164.0,0.0,1,1,0,0
0,Early_Return,6,27,4,0,1,485.4906,0.0,1,1,0,0
0,Early_Return,6,31,0,0,1,207.0,0.0,1,0,0,0
0,Early_Return,6,25,6,1,1,187.0,0.0,1,0,0,0
0,Full_Day,6,47,2,0,1,157.66666666666666,0.0,1,1,0,0
0,Early_Return,12,51,6,1,0,215.0,0.0,1,0,1,0
0,Full_Day,12,55,0,0,0,201.0,0.0,1,0,0,0
0,Long_Term,7,43,2,0,1,256.6,0.0,1,1,0,0
0,Overnight,6,49,5,1,1,528.8,0.0,1,0,1,0
0,Full_Day,7,6,3,0,1,763.4,1.0,1,0,0,1
0,Full_Day,6,53,3,0,1,781.6,1.0,1,0,0,0
1,Early_Return,12,18,1,0,0,816.4,1.0,1,0,1,0
1,Long_Term,13,30,3,0,0,749.4,1.0,1,0,0,0
0,Full_Day,7,13,3,0,1,485.4906,1.0,1,1,0,0
0,Full_Day,12,26,0,0,0,493.0,0.0,1,0,0,0
0,Full_Day,13,10,6,1,0,470.5,0.0,1,0,0,0
0,Full_Day,7,9,6,1,1,443.3333333333333,0.0,1,1,0,0
0,Full_Day,6,25,4,0,1,421.5,0.0,1,1,0,0
0,Full_Day,6,44,0,0,1,426.4,0.0,1,0,1,0
0,Full_Day,8,5,4,0,1,417.0,0.0,1,0,1,0
0,Full_Day,6,33,0,0,1,417.8,0.0,1,0,1,0
0,Early_Return,6,13,4,0,1,420.6,0.0,1,0,1,0
0,Full_Day,12,50,2,0,0,387.6,0.0,1,0,1,0
0,Full_Day,7,3,2,0,1,485.4906,0.0,1,0,0,0
0,Early_Return,6,35,0,0,1,422.0,0.0,1,0,1,0
0,Full_Day,13,4,5,1,0,312.0,0.0,1,0,0,0
0,Early_Return,6,10,0,0,1,324.0,0.0,1,1,0,0
0,Full_Day,12,16,6,1,0,291.0,0.0,1,0,0,0
0,Full_Day,6,59,2,0,1,327.0,0.0,1,0,1,0
0,Full_Day,7,28,1,0,1,303.8,0.0,1,1,0,0
0,Full_Day,7,10,3,0,1,343.4,0.0,1,0,0,0
1,Full_Day,6,27,4,0,1,363.4,0.0,1,0,1,0
1,Full_Day,6,56,4,0,1,386.0,0.0,1,1,0,0
0,Full_Day,12,36,4,0,0,485.4906,0.0,1,0,0,0
0,Full_Day,12,19,0,0,0,424.0,0.0,1,1,0,0
0,Early_Return,12,46,3,0,0,480.5,0.0,1,0,0,1
0,Full_Day,12,27,0,0,0,357.0,0.0,1,1,0,0
0,Long_Term,6,52,5,1,1,331.5,0.0,1,0,0,0
0,Full_Day,6,55,1,0,1,814.4,0.0,1,1,0,0
0,Full_Day,13,14,0,0,0,830.2,0.0,1,1,0,0
0,Full_Day,7,29,5,1,1,820.4,0.0,1,0,1,0
1,Long_Term,12,42,3,0,0,874.2,0.0,1,1,0,0
0,Full_Day,7,0,2,0,1,485.4906,0.0,1,0,0,0
0,Long_Term,6,47,3,0,1,462.0,0.0,1,0,0,1
0,Early_Return,12,41,3,0,0,1823.0,0.0,1,0,0,0
0,Full_Day,12,55,3,0,0,1237.0,0.0,1,1,0,0
0,Full_Day,6,13,4,0,1,992.0,0.0,1,1,0,0
0,Overnight,13,8,5,1,0,899.0,0.0,1,0,0,0
1,Early_Return,12,56,4,0,0,1007.0,1.0,1,0,0,1
0,Full_Day,7,13,0,0,1,485.4906,1.0,0,1,0,0
0,Early_Return,7,36,2,0,1,310.0,0.0,1,0,0,0
0,Full_Day,7,26,2,0,1,247.0,0.0,1,0,0,0
0,Full_Day,13,0,6,1,0,249.66666666666666,0.0,1,1,0,0
0,Long_Term,6,51,4,0,1,270.0,0.0,1,0,1,0
1,Early_Return,8,13,6,1,1,560.2,0.0,1,1,0,0
0,Overnight,8,3,1,0,1,485.4906,0.0,1,0,0,0
0,Full_Day,6,52,4,0,1,1026.0,1.0,1,0,1,0
0,Full_Day,6,52,6,1,1,776.5,1.0,1,0,1,0
0,Early_Return,7,22,1,0,1,663.6666666666666,1.0,1,0,1,0
0,Early_Return,6,13,2,0,1,535.0,1.0,1,0,1,0
1,Early_Return,6,36,6,1,1,460.2,1.0,1,0,0,0
1,Early_Return,12,44,1,0,0,291.0,1.0,1,1,0,0
0,Early_Return,7,11,3,0,1,485.4906,1.0,1,0,0,0
0,Full_Day,6,29,0,0,1,190.0,0.0,1,1,0,0
0,Full_Day,13,23,0,0,0,337.5,0.0,1,1,0,0
0,Full_Day,7,43,1,0,1,369.0,0.0,1,0,0,1
0,Full_Day,7,25,1,0,1,353.0,0.0,1,0,1,0
0,Full_Day,7,31,3,0,1,338.4,0.0,1,0,1,0
0,Early_Return,12,50,1,0,0,485.4906,0.0,1,0,0,0
0,Long_Term,6,56,6,1,1,79.0,0.0,1,1,0,0
0,Overnight,12,38,1,0,0,892.0,0.0,1,0,0,0
0,Full_Day,7,18,3,0,1,881.0,1.0,1,0,0,0
0,Early_Return,7,49,3,0,1,733.25,1.0,1,0,0,0
0,Full_Day,7,14,3,0,1,607.4,1.0,1,1,0,0
0,Early_Return,7,3,5,1,1,641.2,1.0,1,1,0,0
1,Early_Return,13,31,0,0,0,336.8,1.0,1,0,1,0
0,Overnight,12,36,1,0,0,485.4906,1.0,1,1,0,0
0,Early_Return,12,32,1,0,0,821.0,1.0,1,0,1,0
0,Full_Day,7,1,2,0,1,466.5,1.0,1,1,0,0
0,Overnight,12,15,6,1,0,467.6666666666667,1.0,1,0,1,0
0,Full_Day,13,2,4,0,0,543.0,2.0,1,0,0,0
0,Early_Return,6,30,3,0,1,522.4,2.0,1,0,0,1
0,Early_Return,6,27,5,1,1,380.2,2.0,1,0,0,0
1,Early_Return,7,13,2,0,1,381.2,2.0,1,0,0,0
0,Early_Return,12,49,2,0,0,485.4906,2.0,1,0,0,0
0,Full_Day,6,35,2,0,1,71.0,0.0,1,0,0,0
0,Overnight,6,31,4,0,1,175.0,0.0,1,0,0,0
0,Full_Day,7,4,4,0,1,463.3333333333333,1.0,1,0,1,0
0,Full_Day,12,57,5,1,0,447.25,1.0,1,0,0,0
0,Long_Term,12,39,4,0,0,436.8,1.0,1,0,0,0
0,Full_Day,6,34,4,0,1,923.0,1.0,1,1,0,0
1,Full_Day,13,12,5,1,0,965.4,1.0,1,1,0,0
0,Full_Day,6,30,1,0,1,485.4906,1.0,1,1,0,0
0,Full_Day,12,23,0,0,0,323.0,0.0,1,1,0,0
0,Full_Day,13,25,1,0,0,363.0,0.0,1,0,0,0
0,Full_Day,11,51,2,0,1,381.0,0.0,1,1,0,0
0,Long_Term,11,57,2,0,1,358.0,0.0,1,1,0,0
0,Full_Day,7,7,1,0,1,592.4,0.0,1,0,0,0
1,Full_Day,12,43,2,0,0,608.4,0.0,1,0,0,1
1,Full_Day,13,24,3,0,0,620.2,0.0,1,1,0,0
1,Full_Day,6,13,0,0,1,612.2,0.0,1,1,0,0
0,Early_Return,7,40,6,1,1,485.4906,0.0,0,0,0,0
0,Early_Return,13,27,3,0,0,60.0,0.0,1,0,0,0
0,Early_Return,7,2,1,0,1,115.0,0.0,1,0,0,0
0,Long_Term,13,35,6,1,0,107.66666666666667,0.0,1,1,0,0
0,Early_Return,13,29,1,0,0,566.25,0.0,1,1,0,0
0,Full_Day,13,25,3,0,0,484.2,0.0,1,0,0,1
0,Early_Return,7,23,1,0,1,547.2,0.0,1,0,1,0
1,Full_Day,12,24,2,0,0,540.4,0.0,1,1,0,0
1,Full_Day,6,26,5,1,1,592.2,0.0,1,1,0,0
0,Early_Return,6,20,1,0,1,485.4906,0.0,1,0,0,0
0,Early_Return,12,53,1,0,0,91.0,0.0,1,0,1,0
0,Full_Day,12,11,3,0,0,115.0,0.0,1,0,0,0
0,Full_Day,7,18,2,0,1,183.33333333333334,0.0,1,0,0,0
0,Full_Day,6,11,4,0,1,271.25,0.0,1,1,0,0
0,Overnight,7,5,6,1,1,302.6,0.0,1,1,0,0
0,Full_Day,7,35,5,1,1,457.2,1.0,1,1,0,0
1,Early_Return,7,31,2,0,1,489.8,1.0,1,0,0,1
1,Overnight,7,9,0,0,1,460.2,1.0,1,1,0,0
0,Early_Return,7,4,4,0,1,485.4906,2.0,1,0,0,0
0,Overnight,12,57,0,0,0,177.0,0.0,1,1,0,0
0,Full_Day,6,38,3,0,1,464.0,1.0,1,0,0,1
0,Overnight,6,59,5,1,1,393.0,1.0,1,1,0,0
1,Early_Return,7,33,3,0,1,617.25,2.0,1,0,0,0
1,Full_Day,6,34,4,0,1,532.0,2.0,1,0,1,0
0,Early_Return,7,21,6,1,1,485.4906,2.0,1,0,0,0
0,Full_Day,7,26,6,1,1,186.0,0.0,1,0,0,0
0,Early_Return,6,38,3,0,1,221.5,0.0,1,0,1,0
0,Early_Return,6,53,0,0,1,197.66666666666666,0.0,1,1,0,0
0,Full_Day,6,51,2,0,1,189.5,0.0,1,0,0,0
0,Full_Day,6,35,3,0,1,199.8,0.0,1,0,1,0
0,Early_Return,12,3,4,0,0,485.4906,0.0,1,0,0,0
0,Full_Day,7,29,3,0,1,143.0,0.0,1,1,0,0
0,Full_Day,13,53,2,0,0,313.0,0.0,1,0,0,0
1,Full_Day,7,16,2,0,1,315.6666666666667,0.0,1,1,0,0
1,Full_Day,12,27,6,1,0,345.25,0.0,1,0,0,0
1,Overnight,7,10,4,0,1,362.8,0.0,1,0,1,0
1,Full_Day,13,9,5,1,0,531.2,1.0,1,1,0,0
0,Early_Return,13,23,5,1,0,485.4906,1.0,1,0,0,0
0,Overnight,6,57,1,0,1,92.0,0.0,1,0,0,1
0,Early_Return,12,19,3,0,0,518.5,1.0,0,1,0,0
0,Long_Term,6,27,6,1,1,389.0,1.0,1,0,1,0
0,Overnight,12,47,3,0,0,1172.25,1.0,1,0,0,0
1,Full_Day,6,40,6,1,1,1083.8,2.0,1,0,0,0
0,Full_Day,6,27,5,1,1,485.4906,2.0,1,0,0,0
0,Early_Return,6,56,2,0,1,450.0,0.0,1,1,0,0
0,Full_Day,6,41,6,1,1,307.0,0.0,1,1,0,0
1,Early_Return,6,22,3,0,1,294.3333333333333,0.0,1,0,0,0
0,Full_Day,7,45,4,0,1,485.4906,0.0,1,0,0,1
0,Overnight,7,5,1,0,1,284.0,0.0,1,1,0,0
0,Early_Return,7,2,0,0,1,689.0,1.0,1,0,0,0
0,Overnight,8,5,6,1,1,491.3333333333333,1.0,1,0,0,0
1,Early_Return,6,9,1,0,1,603.75,2.0,1,0,0,0
1,Early_Return,7,8,2,0,1,508.2,2.0,1,0,1,0
0,Full_Day,12,37,5,1,0,485.4906,2.0,1,1,0,0
0,Full_Day,6,41,3,0,1,249.0,0.0,1,0,0,0
0,Early_Return,7,40,5,1,1,268.0,0.0,1,0,0,0
0,Early_Return,7,17,2,0,1,200.33333333333334,0.0,1,1,0,0
0,Full_Day,12,13,4,0,0,485.4906,0.0,1,0,1,0
0,Full_Day,7,18,5,1,1,404.0,0.0,1,1,0,0
0,Overnight,12,17,1,0,0,469.0,0.0,1,0,0,0
0,Full_Day,11,58,5,1,1,608.0,1.0,1,0,1,0
0,Full_Day,13,33,3,0,0,581.5,1.0,1,0,1,0
0,Early_Return,13,2,1,0,0,485.4906,1.0,1,1,0,0
0,Early_Return,7,42,1,0,1,155.0,0.0,1,0,0,0
0,Full_Day,13,6,2,0,0,110.0,0.0,1,0,0,0
0,Early_Return,6,46,3,0,1,241.66666666666666,0.0,1,0,0,0
0,Early_Return,7,16,4,0,1,224.25,0.0,1,1,0,0
0,Full_Day,12,19,0,0,0,211.2,0.0,1,0,1,0
0,Early_Return,7,11,0,0,1,237.4,0.0,1,0,1,0
0,Full_Day,6,37,0,0,1,261.2,0.0,1,1,0,0
0,Full_Day,7,6,4,0,1,214.2,0.0,1,1,0,0
0,Full_Day,6,53,6,1,1,280.8,0.0,1,0,0,0
0,Early_Return,13,22,6,1,0,314.6,0.0,1,0,1,0
0,Early_Return,12,50,0,0,0,280.2,0.0,1,0,0,1
0,Overnight,13,6,3,0,0,278.8,0.0,1,0,0,0
1,Long_Term,7,31,4,0,1,510.6,1.0,1,0,0,0
1,Overnight,7,49,1,0,1,943.0,1.0,1,0,0,0
0,Full_Day,13,8,4,0,0,485.4906,2.0,1,1,0,0
0,Full_Day,12,51,4,0,0,537.0,0.0,1,0,0,0
0,Early_Return,13,20,1,0,0,529.0,0.0,1,0,0,0
0,Full_Day,7,21,2,0,1,400.0,0.0,1,0,1,0
1,Early_Return,6,54,0,0,1,394.5,0.0,1,0,0,0
0,Full_Day,6,20,5,1,1,485.4906,0.0,1,0,0,0
0,Full_Day,7,3,5,1,1,356.0,0.0,1,0,1,0
0,Overnight,12,46,1,0,0,332.5,0.0,1,0,0,1
0,Full_Day,7,28,4,0,1,481.0,1.0,1,0,0,0
0,Full_Day,12,26,6,1,0,477.25,1.0,1,1,0,0
0,Early_Return,12,20,3,0,0,443.8,1.0,1,0,0,0
1,Overnight,7,6,4,0,1,397.0,1.0,1,0,0,0
1,Early_Return,12,53,2,0,0,500.4,2.0,1,0,0,1
0,Full_Day,7,23,6,1,1,485.4906,2.0,1,0,0,0
0,Full_Day,7,56,5,1,1,392.0,0.0,1,0,1,0
0,Full_Day,13,0,4,0,0,415.0,0.0,1,0,0,0
0,Early_Return,12,19,5,1,0,430.6666666666667,0.0,1,0,1,0
0,Early_Return,12,43,0,0,0,358.0,0.0,1,1,0,0
0,Full_Day,6,49,6,1,1,299.8,0.0,1,0,0,1
0,Overnight,7,20,0,0,1,271.8,0.0,1,0,1,0
0,Early_Return,7,18,6,1,1,390.2,1.0,1,0,0,0
0,Full_Day,12,34,5,1,0,320.0,1.0,1,0,1,0
1,Long_Term,7,6,3,0,1,393.8,1.0,1,1,0,0
1,Full_Day,7,15,3,0,1,744.0,1.0,1,0,0,0
1,Full_Day,7,18,0,0,1,782.2,1.0,1,0,1,0
0,Full_Day,7,28,1,0,1,485.4906,1.0,1,0,0,1
0,Early_Return,7,21,6,1,1,461.0,0.0,1,0,0,0
0,Full_Day,7,41,3,0,1,317.5,0.0,1,0,0,0
0,Early_Return,12,4,3,0,0,357.0,0.0,1,0,0,0
0,Long_Term,7,2,1,0,1,288.75,0.0,1,0,0,0
0,Early_Return,7,5,6,1,1,657.8,0.0,1,1,0,0
0,Full_Day,6,39,2,0,1,586.4,0.0,1,1,0,0
0,Early_Return,13,17,0,0,0,607.6,0.0,1,1,0,0
0,Early_Return,6,42,2,0,1,532.8,0.0,1,0,0,0
0,Early_Return,6,31,2,0,1,540.0,0.0,1,1,0,0
1,Early_Return,6,51,3,0,1,138.6,0.0,1,0,0,0
1,Full_Day,6,52,6,1,1,145.6,0.0,1,0,0,0
1,Full_Day,6,34,4,0,1,190.4,0.0,1,1,0,0
0,Full_Day,7,13,1,0,1,485.4906,0.0,1,0,0,0
0,Full_Day,6,15,1,0,1,498.0,0.0,1,0,0,0
0,Full_Day,7,24,1,0,1,396.0,0.0,1,0,0,0
0,Early_Return,13,31,3,0,0,422.6666666666667,0.0,1,1,0,0
0,Early_Return,13,31,1,0,0,362.75,0.0,1,0,0,0
0,Full_Day,12,21,6,1,0,330.4,0.0,1,1,0,0
0,Full_Day,12,58,6,1,0,332.2,0.0,1,1,0,0
0,Full_Day,6,23,0,0,1,323.2,0.0,1,1,0,0
0,Early_Return,7,11,4,0,1,328.8,0.0,1,0,0,0
0,Full_Day,7,40,2,0,1,485.4906,0.0,1,1,0,0
0,Full_Day,6,38,2,0,1,450.0,0.0,1,1,0,0
0,Early_Return,6,47,0,0,1,376.0,0.0,1,0,0,1
0,Early_Return,7,43,1,0,1,273.6666666666667,0.0,1,0,1,0
0,Early_Return,7,12,3,0,1,253.5,0.0,1,0,0,0
0,Full_Day,6,51,6,1,1,237.0,0.0,1,1,0,0
1,Full_Day,7,50,1,0,1,253.8,0.0,1,0,1,0
1,Early_Return,13,9,0,0,0,298.6,0.0,1,0,0,0
0,Early_Return,6,10,5,1,1,485.4906,0.0,1,0,1,0
0,Full_Day,12,5,0,0,0,136.0,0.0,1,0,0,0
0,Full_Day,8,1,5,1,1,329.5,0.0,1,0,1,0
1,Full_Day,12,42,5,1,0,374.0,0.0,1,0,1,0
1,Early_Return,6,55,4,0,1,343.5,0.0,1,0,0,0
0,Early_Return,12,37,4,0,0,485.4906,0.0,1,0,1,0
0,Overnight,12,27,5,1,0,105.0,0.0,1,0,0,0
0,Full_Day,5,30,2,0,1,457.5,1.0,1,0,0,0
0,Full_Day,12,39,0,0,0,391.0,1.0,1,0,1,0
0,Full_Day,12,13,6,1,0,389.0,1.0,1,1,0,0
0,Full_Day,13,17,4,0,0,413.4,1.0,1,0,0,0
1,Overnight,7,50,0,0,1,476.2,1.0,1,0,0,0
1,Early_Return,6,43,1,0,1,525.6,2.0,1,1,0,0
1,Early_Return,13,16,5,1,0,511.2,2.0,1,1,0,0
0,Full_Day,6,49,6,1,1,485.4906,2.0,1,0,0,0
0,Full_Day,6,49,2,0,1,434.0,0.0,1,0,0,1
0,Full_Day,12,39,2,0,0,471.0,0.0,1,0,0,0
0,Full_Day,7,7,4,0,1,411.3333333333333,0.0,1,0,0,0
0,Early_Return,12,17,3,0,0,390.0,0.0,1,0,1,0
0,Full_Day,6,43,6,1,1,326.8,0.0,1,0,0,0
1,Full_Day,6,11,4,0,1,331.0,0.0,1,1,0,0
0,Full_Day,11,55,2,0,1,485.4906,0.0,1,0,0,0
0,Early_Return,6,41,5,1,1,346.0,0.0,1,0,0,0
0,Overnight,8,10,6,1,1,244.0,0.0,1,1,0,0
0,Early_Return,6,58,2,0,1,611.0,1.0,1,0,0,0
0,Overnight,6,37,6,1,1,497.5,1.0,1,1,0,0
0,Overnight,6,34,0,0,1,593.8,2.0,1,0,0,0
0,Full_Day,12,20,0,0,0,734.8,3.0,1,1,0,0
1,Full_Day,12,49,5,1,0,770.6,3.0,1,1,0,0
0,Early_Return,12,4,6,1,0,485.4906,3.0,1,1,0,0
0,Early_Return,12,40,3,0,0,191.0,0.0,1,0,0,0
0,Full_Day,7,0,0,0,1,148.5,0.0,1,0,1,0
0,Full_Day,6,8,3,0,1,251.0,0.0,1,0,0,0
0,Full_Day,12,1,5,1,0,285.75,0.0,1,0,0,0
0,Early_Return,6,44,0,0,1,303.4,0.0,1,0,1,0
0,Full_Day,7,5,0,0,1,305.8,0.0,1,0,1,0
0,Full_Day,7,24,5,1,1,356.2,0.0,1,0,0,0
1,Full_Day,12,47,5,1,0,331.8,0.0,1,0,1,0
0,Full_Day,7,29,3,0,1,485.4906,0.0,1,0,0,0
0,Full_Day,6,56,6,1,1,432.0,0.0,1,1,0,0
0,Full_Day,6,52,4,0,1,347.5,0.0,1,1,0,0
0,Full_Day,7,7,4,0,1,370.6666666666667,0.0,1,0,0,0
0,Full_Day,12,49,0,0,0,361.5,0.0,1,1,0,0
0,Full_Day,6,24,1,0,1,346.0,0.0,1,0,0,0
0,Early_Return,6,45,3,0,1,327.6,0.0,1,0,0,0
0,Full_Day,6,48,6,1,1,304.0,0.0,1,1,0,0
0,Early_Return,11,55,3,0,1,308.0,0.0,1,1,0,0
0,Early_Return,12,32,5,1,0,259.2,0.0,1,0,1,0
1,Early_Return,12,26,4,0,0,241.6,0.0,1,0,0,0
0,Overnight,11,58,3,0,1,485.4906,0.0,1,1,0,0
0,Early_Return,12,32,4,0,0,1294.0,1.0,1,0,0,0
0,Full_Day,6,4,5,1,1,734.5,1.0,1,1,0,0
0,Overnight,6,52,5,1,1,637.3333333333334,1.0,1,0,1,0
0,Full_Day,6,48,6,1,1,755.25,2.0,1,0,1,0
0,Full_Day,13,7,6,1,0,684.4,2.0,1,0,1,0
0,Early_Return,7,3,4,0,1,485.4906,2.0,1,0,1,0
0,Full_Day,12,51,2,0,0,185.0,0.0,1,0,1,0
0,Full_Day,7,0,3,0,1,294.0,0.0,1,0,0,0
0,Early_Return,6,38,3,0,1,331.3333333333333,0.0,1,0,1,0
0,Full_Day,7,19,3,0,1,293.75,0.0,1,0,0,1
0,Full_Day,7,33,0,0,1,291.0,0.0,1,1,0,0
0,Early_Return,6,44,1,0,1,335.6,0.0,1,0,0,0
0,Full_Day,12,25,3,0,0,284.4,0.0,1,1,0,0
0,Full_Day,7,38,6,1,1,485.4906,0.0,1,0,0,0
0,Early_Return,11,33,3,0,1,445.0,0.0,1,0,0,0
0,Early_Return,6,40,1,0,1,257.5,0.0,1,1,0,0
0,Full_Day,6,19,5,1,1,196.0,0.0,1,0,0,0
1,Early_Return,8,14,4,0,1,257.0,0.0,1,1,0,0
1,Full_Day,12,8,4,0,0,222.2,0.0,1,0,0,1
0,Early_Return,5,52,2,0,1,485.4906,0.0,1,1,0,0
0,Full_Day,12,57,6,1,0,188.0,0.0,1,0,0,0
0,Early_Return,6,58,4,0,1,286.5,0.0,1,1,0,0
0,Full_Day,12,33,4,0,0,229.33333333333334,0.0,1,1,0,0
0,Early_Return,6,19,5,1,1,259.25,0.0,1,1,0,0
0,Early_Return,6,29,4,0,1,247.8,0.0,0,1,0,0
0,Early_Return,12,37,1,0,0,235.8,0.0,1,0,0,1
0,Full_Day,7,38,6,1,1,193.8,0.0,1,1,0,0
1,Full_Day,6,5,4,0,1,241.0,0.0,1,0,0,0
0,Full_Day,7,48,2,0,1,485.4906,0.0,1,1,0,0
0,Long_Term,13,41,6,1,0,398.0,0.0,1,0,0,1
0,Early_Return,6,29,0,0,1,2090.0,0.0,1,1,0,0
0,Full_Day,6,55,1,0,1,1432.6666666666667,0.0,1,0,0,0
0,Overnight,6,41,0,0,1,1195.0,0.0,1,0,1,0
1,Early_Return,7,9,0,0,1,1201.4,1.0,1,0,0,0
1,Full_Day,6,41,2,0,1,1152.0,1.0,1,0,1,0
1,Early_Return,7,12,5,1,1,451.8,1.0,1,0,0,0
1,Overnight,7,28,2,0,1,461.6,1.0,1,0,0,0
0,Full_Day,6,10,0,0,1,485.4906,2.0,1,0,1,0
0,Full_Day,12,53,6,1,0,526.0,0.0,1,0,0,0
0,Early_Return,6,46,4,0,1,530.0,0.0,1,0,0,0
0,Early_Return,7,20,5,1,1,375.3333333333333,0.0,1,0,1,0
0,Full_Day,7,44,3,0,1,297.5,0.0,1,0,0,1
0,Full_Day,7,3,1,0,1,302.6,0.0,1,1,0,0
1,Full_Day,8,6,3,0,1,261.8,0.0,1,1,0,0
0,Full_Day,7,32,1,0,1,485.4906,0.0,1,0,0,0
0,Full_Day,8,3,0,0,1,344.0,0.0,1,0,0,0
0,Full_Day,12,21,0,0,0,426.5,0.0,1,1,0,0
0,Full_Day,13,35,6,1,0,403.6666666666667,0.0,0,0,0,0
0,Early_Return,13,2,1,0,0,382.75,0.0,1,1,0,0
1,Overnight,6,41,5,1,1,338.6,0.0,1,1,0,0
1,Full_Day,7,2,5,1,1,424.6,1.0,1,0,0,1
1,Early_Return,6,20,1,0,1,398.2,1.0,1,0,1,0
1,Overnight,7,42,5,1,1,340.4,1.0,1,1,0,0
1,Full_Day,6,35,1,0,1,485.0,2.0,1,0,0,1
0,Early_Return,12,49,6,1,0,485.4906,2.0,1,1,0,0
0,Full_Day,6,44,4,0,1,154.0,0.0,1,0,0,0
0,Full_Day,7,39,6,1,1,253.0,0.0,1,0,0,0
0,Overnight,11,42,1,0,1,320.6666666666667,0.0,1,0,0,0
0,Full_Day,6,58,6,1,1,488.5,1.0,1,0,0,0
0,Early_Return,5,48,0,0,1,484.0,1.0,1,1,0,0
0,Full_Day,13,8,5,1,0,485.6,1.0,1,0,0,0
1,Early_Return,6,32,6,1,1,468.2,1.0,1,0,1,0
0,Full_Day,13,41,5,1,0,485.4906,1.0,1,1,0,0
0,Full_Day,13,2,0,0,0,485.4906,0.0,1,0,0,0
0,Full_Day,13,20,1,0,0,391.0,0.0,1,1,0,0
0,Early_Return,7,6,3,0,1,381.5,0.0,1,0,0,0
0,Full_Day,6,19,0,0,1,276.6666666666667,0.0,1,0,0,0
0,Early_Return,13,16,3,0,0,305.25,0.0,1,0,0,0
0,Full_Day,6,8,2,0,1,277.2,0.0,1,0,1,0
0,Early_Return,6,57,6,1,1,267.0,0.0,1,0,1,0
0,Full_Day,12,39,5,1,0,221.4,0.0,1,0,0,1
1,Early_Return,7,19,0,0,1,315.6,0.0,1,0,0,0
0,Early_Return,7,47,4,0,1,485.4906,0.0,1,0,0,0
0,Early_Return,5,59,3,0,1,124.0,0.0,1,1,0,0
0,Full_Day,7,17,4,0,1,143.5,0.0,1,0,1,0
0,Early_Return,6,40,0,0,1,229.66666666666666,0.0,1,1,0,0
1,Full_Day,12,2,2,0,0,187.25,0.0,1,0,0,0
1,Full_Day,7,29,6,1,1,215.6,0.0,1,0,1,0
0,Overnight,12,23,6,1,0,485.4906,0.0,1,1,0,0
0,Overnight,7,48,5,1,1,1409.0,1.0,1,0,0,0
0,Full_Day,7,8,3,0,1,1339.0,2.0,1,0,0,0
0,Full_Day,12,42,2,0,0,998.6666666666666,2.0,1,0,0,0
0,Full_Day,7,49,3,0,1,851.0,2.0,1,1,0,0
0,Early_Return,13,6,5,1,0,761.6,2.0,1,1,0,0
0,Overnight,6,42,6,1,1,505.6,2.0,1,0,1,0
0,Full_Day,12,25,2,0,0,506.2,3.0,1,0,0,0
0,Overnight,6,34,3,0,1,515.6,3.0,1,1,0,0
1,Full_Day,6,48,5,1,1,648.4,4.0,1,0,1,0
0,Full_Day,6,44,6,1,1,485.4906,4.0,1,1,0,0
0,Overnight,7,18,5,1,1,534.0,0.0,1,0,0,0
0,Full_Day,12,31,5,1,0,674.0,1.0,1,0,0,0
0,Full_Day,7,56,5,1,1,534.0,1.0,1,0,1,0
0,Early_Return,6,48,3,0,1,520.5,1.0,1,0,0,0
0,Early_Return,6,42,6,1,1,456.4,1.0,1,0,1,0
0,Early_Return,13,5,3,0,0,366.2,1.0,1,0,0,1
1,Overnight,12,34,1,0,0,232.8,1.0,1,0,0,0
0,Full_Day,13,59,0,0,0,485.4906,2.0,1,0,1,0
0,Full_Day,7,4,5,1,1,352.0,0.0,1,1,0,0
0,Early_Return,7,38,6,1,1,321.0,0.0,1,1,0,0
0,Early_Return,7,35,5,1,1,241.66666666666666,0.0,1,0,0,0
0,Full_Day,6,48,1,0,1,231.75,0.0,1,0,0,0
0,Full_Day,5,48,5,1,1,256.8,0.0,1,1,0,0
0,Full_Day,6,39,0,0,1,276.0,0.0,1,0,1,0
0,Early_Return,7,24,1,0,1,276.6,0.0,1,0,0,0
0,Full_Day,7,10,6,1,1,283.0,0.0,1,0,0,1
1,Full_Day,13,7,5,1,0,346.4,0.0,1,1,0,0
0,Full_Day,6,48,0,0,1,485.4906,0.0,1,0,0,0
0,Full_Day,7,30,6,1,1,400.0,0.0,1,0,0,1
0,Early_Return,6,40,2,0,1,431.0,0.0,1,0,0,0
0,Early_Return,6,59,3,0,1,325.3333333333333,0.0,1,1,0,0
0,Full_Day,7,6,6,1,1,274.25,0.0,1,0,0,0
0,Full_Day,7,16,6,1,1,323.0,0.0,1,0,0,0
0,Full_Day,7,19,2,0,1,333.2,0.0,1,1,0,0
1,Full_Day,12,16,5,1,0,310.6,0.0,1,0,1,0
1,Overnight,6,40,4,0,1,392.6,0.0,1,1,0,0
1,Full_Day,7,36,5,1,1,615.0,1.0,1,0,0,0
1,Full_Day,5,59,6,1,1,581.2,1.0,1,0,0,1
0,Early_Return,7,3,2,0,1,485.4906,1.0,1,1,0,0
0,Early_Return,6,19,2,0,1,83.0,0.0,1,0,1,0
0,Full_Day,6,48,0,0,1,80.0,0.0,1,0,1,0
0,Full_Day,6,56,0,0,1,213.0,0.0,1,1,0,0
0,Full_Day,7,43,1,0,1,259.0,0.0,1,0,0,0
0,Early_Return,11,54,2,0,1,278.0,0.0,1,0,0,0
0,Early_Return,12,52,6,1,0,291.6,0.0,1,0,0,1
0,Early_Return,12,40,1,0,0,316.8,0.0,1,0,1,0
0,Full_Day,13,48,5,1,0,234.2,0.0,1,0,0,1
1,Early_Return,6,37,0,0,1,252.2,0.0,1,1,0,0
1,Full_Day,7,35,0,0,1,222.4,0.0,1,1,0,0
1,Full_Day,12,38,3,0,0,243.8,0.0,1,1,0,0
1,Early_Return,12,46,6,1,0,303.0,0.0,1,0,0,0
0,Early_Return,6,48,4,0,1,485.4906,0.0,1,0,1,0
0,Early_Return,7,20,1,0,1,137.0,0.0,1,0,0,0
0,Overnight,13,53,2,0,0,170.0,0.0,1,1,0,0
0,Early_Return,12,7,0,0,0,514.0,1.0,1,0,0,0
0,Full_Day,7,37,4,0,1,419.75,1.0,1,1,0,0
0,Full_Day,6,9,4,0,1,413.2,1.0,1,1,0,0
0,Full_Day,6,50,6,1,1,485.4906,1.0,1,0,1,0
0,Overnight,7,0,5,1,1,527.0,0.0,1,0,0,0
0,Full_Day,7,46,0,0,1,735.5,1.0,1,1,0,0
0,Early_Return,7,12,6,1,1,622.0,1.0,1,0,0,0
0,Full_Day,6,34,0,0,1,486.75,1.0,1,0,0,0
0,Overnight,13,15,1,0,0,445.2,1.0,1,1,0,0
0,Full_Day,12,46,0,0,0,485.4906,2.0,1,0,0,0
0,Full_Day,7,12,1,0,1,330.0,0.0,1,0,0,0
0,Early_Return,5,46,6,1,1,366.5,0.0,1,0,0,0
0,Full_Day,12,38,4,0,0,279.0,0.0,1,1,0,0
0,Long_Term,6,46,2,0,1,280.5,0.0,1,0,1,0
0,Long_Term,7,14,1,0,1,701.4,0.0,1,0,0,0
0,Full_Day,6,15,5,1,1,1072.6,0.0,1,0,1,0
1,Early_Return,6,43,3,0,1,1094.6,0.0,1,0,0,0
0,Early_Return,11,41,5,1,1,485.4906,0.0,1,0,0,0
0,Early_Return,7,3,5,1,1,184.0,0.0,1,0,0,0
0,Full_Day,12,33,1,0,0,161.5,0.0,1,1,0,0
0,Overnight,6,54,1,0,1,193.66666666666666,0.0,1,0,0,0
0,Full_Day,6,24,3,0,1,403.75,1.0,1,0,0,0
0,Full_Day,7,8,3,0,1,415.0,1.0,1,0,0,0
0,Full_Day,12,21,0,0,0,440.4,1.0,1,0,0,0
0,Full_Day,6,26,0,0,1,485.4906,1.0,1,0,0,0
0,Overnight,12,44,0,0,0,402.0,0.0,1,0,1,0
0,Full_Day,13,9,0,0,0,675.5,1.0,1,0,1,0
0,Early_Return,7,29,0,0,1,628.3333333333334,1.0,1,1,0,0
1,Early_Return,7,32,3,0,1,491.75,1.0,1,0,0,0
0,Full_Day,6,25,1,0,1,485.4906,1.0,1,1,0,0
0,Full_Day,6,30,2,0,1,292.0,0.0,1,1,0,0
0,Full_Day,12,15,4,0,0,312.5,0.0,1,0,0,1
0,Full_Day,12,56,6,1,0,331.6666666666667,0.0,1,0,0,0
0,Long_Term,6,46,0,0,1,358.5,0.0,1,0,1,0
0,Early_Return,7,8,5,1,1,1064.6,0.0,1,0,0,0
0,Full_Day,12,44,5,1,0,1021.4,0.0,1,1,0,0
0,Full_Day,7,19,0,0,1,1058.6,0.0,0,0,1,0
1,Full_Day,12,54,2,0,0,1065.0,0.0,1,0,0,0
1,Full_Day,12,45,3,0,0,1033.4,0.0,1,0,0,0
1,Early_Return,13,20,1,0,0,310.6,0.0,1,0,0,0
0,Early_Return,13,23,5,1,0,485.4906,0.0,1,0,1,0
0,Full_Day,6,46,2,0,1,152.0,0.0,1,0,0,0
0,Overnight,13,26,6,1,0,231.0,0.0,1,1,0,0
1,Full_Day,7,12,3,0,1,498.6666666666667,1.0,1,1,0,0
0,Full_Day,6,8,5,1,1,485.4906,1.0,1,0,0,0
0,Long_Term,7,9,6,1,1,311.0,0.0,1,0,0,0
0,Early_Return,5,59,0,0,1,1456.5,0.0,1,1,0,0
0,Full_Day,12,36,5,1,0,1036.6666666666667,0.0,1,0,0,0
0,Overnight,7,22,6,1,1,856.75,0.0,1,1,0,0
0,Early_Return,7,28,6,1,1,910.4,1.0,1,0,0,1
1,Full_Day,12,33,1,0,0,883.0,1.0,1,0,0,0
0,Early_Return,6,50,5,1,1,485.4906,1.0,1,0,1,0
0,Early_Return,6,24,4,0,1,137.0,0.0,1,1,0,0
0,Full_Day,13,3,0,0,0,117.5,0.0,1,0,1,0
0,Early_Return,12,47,0,0,0,178.33333333333334,0.0,1,0,0,0
0,Early_Return,7,15,1,0,1,166.25,0.0,1,0,0,1
0,Early_Return,7,14,4,0,1,168.2,0.0,1,0,0,1
0,Early_Return,7,14,2,0,1,163.4,0.0,1,0,0,0
0,Full_Day,7,22,1,0,1,166.6,0.0,1,0,0,0
0,Full_Day,12,40,4,0,0,197.6,0.0,1,0,0,0
0,Early_Return,12,51,6,1,0,230.2,0.0,1,0,0,0
1,Early_Return,7,33,3,0,1,207.8,0.0,1,0,1,0
1,Early_Return,7,13,4,0,1,213.6,0.0,1,1,0,0
1,Full_Day,12,57,5,1,0,203.2,0.0,1,0,1,0
0,Early_Return,7,35,6,1,1,485.4906,0.0,1,0,0,0
0,Full_Day,12,46,5,1,0,116.0,0.0,1,0,0,0
0,Overnight,6,13,2,0,1,286.5,0.0,1,0,0,1
0,Full_Day,12,40,2,0,0,492.0,1.0,1,0,0,1
0,Early_Return,7,28,1,0,1,462.75,1.0,0,1,0,0
0,Full_Day,7,12,4,0,1,401.8,1.0,1,0,0,0
0,Early_Return,7,25,5,1,1,453.8,1.0,1,1,0,0
0,Early_Return,6,59,3,0,1,393.6,1.0,1,1,0,0
0,Full_Day,7,5,1,0,1,234.8,1.0,1,0,1,0
0,Long_Term,12,38,1,0,0,222.6,1.0,1,0,1,0
0,Early_Return,6,27,3,0,1,568.8,1.0,1,0,1,0
0,Full_Day,6,19,5,1,1,527.2,1.0,1,0,0,0
1,Full_Day,7,23,0,0,1,580.6,1.0,1,0,1,0
0,Early_Return,6,51,4,0,1,485.4906,1.0,1,0,0,0
0,Early_Return,6,54,1,0,1,193.0,0.0,1,1,0,0
0,Overnight,5,32,3,0,1,144.0,0.0,1,0,0,1
0,Early_Return,12,35,4,0,0,357.3333333333333,1.0,1,0,0,1
0,Full_Day,7,22,1,0,1,302.5,1.0,0,0,0,0
1,Full_Day,14,21,5,1,0,301.4,1.0,1,1,0,0
0,Full_Day,7,1,5,1,1,485.4906,1.0,1,1,0,0
0,Early_Return,7,23,1,0,1,471.0,0.0,1,0,0,0
0,Full_Day,12,41,2,0,0,295.0,0.0,1,0,0,0
0,Full_Day,13,45,0,0,0,368.3333333333333,0.0,1,0,0,1
0,Full_Day,6,38,0,0,1,351.25,0.0,1,1,0,0
0,Early_Return,7,14,6,1,1,353.6,0.0,1,0,0,0
0,Full_Day,6,42,2,0,1,291.2,0.0,1,0,1,0
0,Full_Day,7,53,3,0,1,485.4906,0.0,1,0,1,0
0,Full_Day,6,33,6,1,1,498.0,0.0,1,0,1,0
0,Early_Return,13,2,1,0,0,477.5,0.0,1,0,0,0
0,Full_Day,6,45,3,0,1,386.6666666666667,0.0,1,0,1,0
0,Early_Return,6,6,6,1,1,359.0,0.0,1,0,0,1
0,Early_Return,6,36,6,1,1,316.0,0.0,1,0,0,0
0,Full_Day,7,26,2,0,1,235.6,0.0,1,0,0,0
1,Overnight,5,59,3,0,1,221.2,0.0,1,1,0,0
1,Early_Return,6,14,6,1,1,468.0,1.0,1,0,1,0
1,Overnight,7,31,5,1,1,452.8,1.0,1,0,0,0
1,Full_Day,6,35,0,0,1,641.0,2.0,1,0,1,0
1,Early_Return,7,8,4,0,1,695.4,2.0,1,0,1,0
1,Full_Day,7,24,5,1,1,641.8,2.0,1,0,0,0
0,Full_Day,6,55,1,0,1,485.4906,2.0,1,0,1,0
0,Full_Day,6,59,1,0,1,471.0,0.0,1,0,0,0
0,Full_Day,13,20,6,1,0,473.5,0.0,1,0,0,1
0,Full_Day,6,5,0,0,1,422.3333333333333,0.0,1,0,0,0
0,Full_Day,7,8,6,1,1,403.25,0.0,1,1,0,0
0,Full_Day,6,37,5,1,1,375.6,0.0,1,1,0,0
0,Full_Day,7,15,6,1,1,336.4,0.0,1,1,0,0
1,Full_Day,6,46,0,0,1,339.6,0.0,1,1,0,0
1,Early_Return,6,47,3,0,1,353.0,0.0,1,1,0,0
1,Full_Day,12,11,3,0,0,324.0,0.0,1,0,1,0
0,Overnight,7,33,6,1,1,485.4906,0.0,1,0,0,0
0,Full_Day,7,7,0,0,1,1112.0,1.0,1,0,1,0
0,Full_Day,6,35,1,0,1,729.5,1.0,1,0,1,0
0,Early_Return,6,19,2,0,1,593.3333333333334,1.0,1,0,0,0
0,Early_Return,7,14,1,0,1,479.75,1.0,1,1,0,0
0,Full_Day,7,4,1,0,1,407.0,1.0,1,0,0,0
0,Full_Day,6,25,4,0,1,253.2,1.0,1,0,1,0
0,Full_Day,6,20,0,0,1,232.4,1.0,1,1,0,0
1,Early_Return,12,39,4,0,0,231.0,1.0,1,0,0,0
0,Full_Day,6,59,4,0,1,485.4906,1.0,1,0,1,0
0,Full_Day,14,4,3,0,0,406.0,0.0,1,0,0,0
0,Full_Day,7,29,2,0,1,335.5,0.0,1,0,0,0
0,Early_Return,13,11,0,0,0,394.6666666666667,0.0,1,0,1,0
0,Overnight,12,10,6,1,0,312.0,0.0,1,1,0,0
0,Full_Day,7,3,5,1,1,512.0,1.0,1,0,0,0
1,Full_Day,7,30,4,0,1,511.2,1.0,1,0,0,0
0,Full_Day,13,0,3,0,0,485.4906,1.0,1,0,0,0
0,Early_Return,12,35,4,0,0,402.0,0.0,1,0,0,0
0,Full_Day,7,45,1,0,1,263.5,0.0,1,1,0,0
0,Early_Return,12,31,3,0,0,275.3333333333333,0.0,1,0,0,0
0,Overnight,7,0,0,0,1,240.5,0.0,1,1,0,0
0,Full_Day,6,33,2,0,1,378.8,1.0,1,1,0,0
0,Long_Term,13,10,6,1,0,386.2,1.0,1,1,0,0
0,Early_Return,6,13,3,0,1,792.6,1.0,1,0,0,0
0,Full_Day,6,41,3,0,1,746.0,1.0,1,1,0,0
0,Full_Day,13,8,1,0,0,816.8,1.0,1,1,0,0
0,Full_Day,7,20,2,0,1,485.4906,1.0,1,0,0,0
0,Full_Day,6,37,1,0,1,388.0,0.0,0,0,0,0
0,Full_Day,13,23,2,0,0,461.0,0.0,1,1,0,0
0,Overnight,12,44,5,1,0,465.6666666666667,0.0,1,0,0,0
0,Early_Return,13,24,5,1,0,701.75,1.0,1,1,0,0
0,Overnight,6,37,4,0,1,485.4906,1.0,1,0,0,0
0,Full_Day,7,11,5,1,1,1137.0,1.0,1,0,0,0
0,Overnight,12,3,5,1,0,809.0,1.0,1,1,0,0
0,Full_Day,6,39,2,0,1,1014.0,2.0,1,1,0,0
0,Full_Day,6,31,3,0,1,849.0,2.0,1,0,0,1
0,Full_Day,12,53,4,0,0,736.6,2.0,1,0,0,1
0,Early_Return,7,3,3,0,1,608.4,2.0,1,0,0,0
0,Full_Day,13,45,6,1,0,548.6,2.0,1,1,0,0
1,Early_Return,8,1,3,0,1,343.0,2.0,1,0,1,0
0,Full_Day,7,11,5,1,1,485.4906,2.0,1,0,1,0
0,Overnight,6,30,6,1,1,355.0,0.0,1,1,0,0
0,Early_Return,12,40,6,1,0,677.5,1.0,1,1,0,0
0,Full_Day,6,53,1,0,1,514.6666666666666,1.0,1,1,0,0
0,Early_Return,12,49,4,0,0,498.0,1.0,1,1,0,0
0,Early_Return,6,22,2,0,1,485.4906,1.0,1,1,0,0
1,Full_Day,6,44,1,0,1,68.0,0.0,1,0,0,0
1,Full_Day,13,1,4,0,0,181.5,0.0,1,0,0,0
1,Full_Day,12,51,2,0,0,286.6666666666667,0.0,1,0,0,0
1,Full_Day,11,59,4,0,1,284.75,0.0,1,1,0,0
0,Early_Return,6,35,3,0,1,485.4906,0.0,1,0,0,1
0,Early_Return,6,46,1,0,1,206.0,0.0,1,0,0,0
0,Full_Day,7,45,2,0,1,192.5,0.0,1,1,0,0
0,Early_Return,7,14,3,0,1,219.33333333333334,0.0,1,1,0,0
0,Full_Day,6,45,3,0,1,206.0,0.0,1,0,0,0
1,Full_Day,12,31,5,1,0,215.4,0.0,1,1,0,0
0,Full_Day,7,8,3,0,1,485.4906,0.0,1,0,0,0
0,Full_Day,12,23,3,0,0,480.0,0.0,1,0,1,0
0,Early_Return,12,21,2,0,0,451.5,0.0,1,0,0,1
0,Full_Day,5,39,2,0,1,333.3333333333333,0.0,1,0,0,0
0,Full_Day,7,25,0,0,1,349.75,0.0,1,1,0,0
0,Full_Day,6,41,3,0,1,345.4,0.0,1,1,0,0
0,Early_Return,12,25,3,0,0,326.6,0.0,1,0,0,0
1,Full_Day,6,50,4,0,1,260.4,0.0,1,0,1,0
0,Full_Day,13,12,6,1,0,485.4906,0.0,1,0,0,0
0,Overnight,13,9,4,0,0,336.0,0.0,1,1,0,0
0,Early_Return,7,9,5,1,1,648.5,1.0,1,1,0,0
0,Full_Day,13,36,1,0,0,470.0,1.0,1,1,0,0
0,Overnight,12,48,0,0,0,461.25,1.0,1,0,0,1
0,Early_Return,5,49,2,0,1,527.4,2.0,1,1,0,0
1,Early_Return,7,24,4,0,1,488.8,2.0,1,1,0,0
0,Early_Return,7,5,6,1,1,485.4906,2.0,1,0,0,0
0,Full_Day,6,59,2,0,1,122.0,0.0,1,0,0,1
0,Full_Day,12,14,3,0,0,204.0,0.0,1,1,0,0
0,Full_Day,12,38,2,0,0,313.3333333333333,0.0,1,0,0,0
0,Early_Return,7,6,4,0,1,314.5,0.0,1,1,0,0
0,Full_Day,12,28,6,1,0,270.6,0.0,1,0,0,0
1,Full_Day,6,39,5,1,1,337.6,0.0,1,0,1,0
0,Early_Return,7,10,1,0,1,485.4906,0.0,1,0,0,1
0,Early_Return,7,12,4,0,1,176.0,0.0,1,1,0,0
0,Full_Day,12,56,3,0,0,154.0,0.0,1,0,0,0
0,Full_Day,12,47,1,0,0,264.0,0.0,1,0,0,0
0,Full_Day,12,30,1,0,0,485.4906,0.0,0,1,0,0
0,Overnight,6,27,3,0,1,410.0,0.0,1,1,0,0
0,Overnight,12,2,6,1,0,577.5,1.0,1,0,0,0
0,Early_Return,6,46,5,1,1,648.6666666666666,2.0,1,0,0,0
1,Full_Day,6,56,2,0,1,538.75,2.0,1,1,0,0
0,Early_Return,7,8,6,1,1,485.4906,2.0,1,0,0,0
0,Full_Day,7,18,1,0,1,199.0,0.0,1,0,0,0
0,Early_Return,13,18,6,1,0,323.5,0.0,1,0,0,0
0,Full_Day,12,57,4,0,0,245.66666666666666,0.0,1,0,1,0
0,Full_Day,7,3,6,1,1,261.0,0.0,1,0,1,0
1,Full_Day,13,20,0,0,0,279.2,0.0,1,0,0,1
1,Full_Day,12,1,3,0,0,337.8,0.0,1,0,0,0
0,Overnight,6,34,3,0,1,485.4906,0.0,1,0,0,1
0,Overnight,12,58,3,0,0,1215.0,1.0,1,0,1,0
0,Early_Return,7,16,6,1,1,1194.0,2.0,1,0,0,0
0,Full_Day,6,50,6,1,1,848.3333333333334,2.0,1,0,0,0
0,Early_Return,12,44,4,0,0,768.75,2.0,1,0,0,0
1,Full_Day,7,4,1,0,1,641.8,2.0,1,0,0,0
1,Full_Day,7,36,1,0,1,460.0,2.0,0,1,0,0
0,Full_Day,6,58,2,0,1,485.4906,2.0,1,0,1,0
0,Full_Day,6,42,6,1,1,288.0,0.0,1,0,0,0
0,Full_Day,12,14,3,0,0,354.0,0.0,1,1,0,0
0,Full_Day,6,34,6,1,1,319.6666666666667,0.0,1,0,0,1
0,Early_Return,7,0,4,0,1,331.75,0.0,1,1,0,0
0,Early_Return,12,39,3,0,0,485.4906,0.0,1,0,0,0
0,Early_Return,7,25,4,0,1,89.0,0.0,1,0,0,0
0,Full_Day,6,47,6,1,1,147.5,0.0,1,0,0,1
0,Full_Day,12,6,5,1,0,245.0,0.0,1,0,0,0
0,Full_Day,7,13,6,1,1,290.75,0.0,1,0,0,1
0,Early_Return,7,17,0,0,1,329.2,0.0,1,1,0,0
0,Full_Day,13,38,1,0,0,350.6,0.0,1,0,0,0
0,Full_Day,12,22,0,0,0,374.8,0.0,1,0,0,0
0,Early_Return,7,14,1,0,1,353.6,0.0,1,0,1,0
1,Full_Day,13,9,3,0,0,295.0,0.0,1,0,0,0
1,Early_Return,6,30,1,0,1,304.4,0.0,1,0,0,0
0,Long_Term,7,18,1,0,1,485.4906,0.0,1,1,0,0
0,Full_Day,7,28,0,0,1,2911.0,0.0,1,1,0,0
0,Early_Return,12,5,3,0,0,1588.5,0.0,1,0,0,0
0,Full_Day,6,53,6,1,1,1104.3333333333333,0.0,1,1,0,0
0,Early_Return,6,48,1,0,1,939.0,0.0,1,0,0,0
0,Full_Day,13,18,3,0,0,791.4,0.0,1,0,0,0
0,Overnight,6,43,6,1,1,304.4,0.0,1,0,0,1
0,Full_Day,7,15,3,0,1,438.6,1.0,1,0,0,0
0,Overnight,6,36,0,0,1,485.4906,1.0,0,0,0,0
0,Full_Day,7,50,6,1,1,847.0,1.0,1,1,0,0
0,Full_Day,6,55,4,0,1,643.0,1.0,1,1,0,0
0,Full_Day,7,8,5,1,1,557.6666666666666,1.0,1,1,0,0
0,Early_Return,11,34,2,0,1,514.75,1.0,1,0,0,1
1,Long_Term,12,34,1,0,0,434.8,1.0,1,0,0,0
1,Early_Return,12,30,0,0,0,804.2,1.0,1,1,0,0
1,Full_Day,6,59,2,0,1,751.0,1.0,1,0,0,1
1,Full_Day,6,33,4,0,1,729.0,1.0,1,0,1,0
0,Full_Day,13,50,1,0,0,485.4906,1.0,1,0,1,0
0,Overnight,12,25,3,0,0,402.0,0.0,1,1,0,0
0,Early_Return,7,9,1,0,1,613.0,1.0,1,0,0,1
0,Early_Return,6,39,3,0,1,465.6666666666667,1.0,1,0,0,0
0,Early_Return,6,54,6,1,1,396.5,1.0,1,1,0,0
0,Long_Term,6,48,0,0,1,346.8,1.0,1,1,0,0
1,Full_Day,12,3,5,1,0,1087.6,1.0,1,0,1,0
0,Full_Day,6,37,4,0,1,485.4906,1.0,1,0,0,0
0,Early_Return,6,29,4,0,1,465.0,0.0,1,1,0,0
0,Overnight,7,5,5,1,1,303.5,0.0,1,1,0,0
0,Overnight,7,45,1,0,1,482.6666666666667,1.0,1,1,0,0
0,Full_Day,6,59,2,0,1,627.5,2.0,1,0,0,1
0,Overnight,6,38,2,0,1,585.2,2.0,1,0,0,0
0,Early_Return,6,21,5,1,1,659.6,3.0,1,0,0,0
0,Early_Return,12,28,3,0,0,668.4,3.0,1,0,0,0
0,Full_Day,6,30,2,0,1,485.4906,3.0,1,0,0,0
0,Early_Return,7,29,5,1,1,361.0,0.0,1,0,0,0
0,Early_Return,6,50,5,1,1,284.0,0.0,1,0,1,0
0,Full_Day,7,2,3,0,1,259.0,0.0,1,1,0,0
1,Full_Day,7,43,1,0,1,267.75,0.0,1,0,0,0
1,Early_Return,12,30,0,0,0,308.6,0.0,1,0,0,0
1,Full_Day,7,9,4,0,1,265.0,0.0,1,1,0,0
0,Full_Day,6,51,5,1,1,485.4906,0.0,1,1,0,0
0,Full_Day,7,57,5,1,1,530.0,0.0,1,0,0,1
0,Full_Day,6,43,0,0,1,485.0,0.0,1,0,1,0
0,Full_Day,12,59,4,0,0,411.3333333333333,0.0,1,1,0,0
0,Full_Day,6,19,1,0,1,424.5,0.0,1,1,0,0
0,Long_Term,6,31,0,0,1,387.8,0.0,1,1,0,0
0,Full_Day,6,55,2,0,1,752.2,0.0,1,0,1,0
1,Early_Return,13,31,0,0,0,767.8,0.0,1,1,0,0
0,Early_Return,13,1,0,0,0,485.4906,0.0,1,1,0,0
0,Early_Return,8,23,0,0,1,137.0,0.0,1,0,0,0
0,Full_Day,13,3,6,1,0,135.5,0.0,1,0,0,0
0,Full_Day,7,53,2,0,1,234.0,0.0,1,1,0,0
0,Early_Return,13,34,5,1,0,299.0,0.0,1,0,1,0
0,Early_Return,7,27,6,1,1,274.2,0.0,1,0,0,0
0,Full_Day,7,16,3,0,1,275.0,0.0,1,0,1,0
0,Full_Day,6,35,3,0,1,351.6,0.0,1,0,0,0
1,Overnight,13,3,4,0,0,324.2,0.0,1,1,0,0
0,Overnight,7,24,6,1,1,485.4906,1.0,1,0,0,0
0,Long_Term,12,41,2,0,0,1197.0,1.0,1,0,0,0
0,Overnight,13,32,2,0,0,2201.5,1.0,1,0,0,0
0,Early_Return,6,55,4,0,1,1751.6666666666667,2.0,1,0,0,1
0,Early_Return,6,57,4,0,1,1360.75,2.0,1,1,0,0
0,Full_Day,6,24,2,0,1,1105.6,2.0,1,1,0,0
0,Full_Day,6,18,5,1,1,969.0,2.0,1,0,1,0
1,Full_Day,7,23,6,1,1,417.4,2.0,1,0,0,1
1,Early_Return,6,2,5,1,1,354.0,2.0,1,0,0,0
0,Overnight,7,2,3,0,1,485.4906,2.0,1,1,0,0
0,Early_Return,7,29,1,0,1,886.0,1.0,1,0,0,0
0,Long_Term,6,28,1,0,1,522.5,1.0,1,0,1,0
0,Early_Return,13,17,1,0,0,1630.6666666666667,1.0,1,1,0,0
0,Early_Return,12,46,6,1,0,1269.75,1.0,1,1,0,0
0,Overnight,6,27,4,0,1,1054.8,1.0,1,1,0,0
0,Full_Day,7,2,2,0,1,1051.8,2.0,1,0,0,0
0,Early_Return,12,11,3,0,0,1102.6,2.0,1,0,1,0
1,Early_Return,6,38,4,0,1,370.8,2.0,1,1,0,0
0,Full_Day,11,22,2,0,1,485.4906,2.0,1,1,0,0
0,Full_Day,12,54,3,0,0,407.0,0.0,1,0,0,0
0,Full_Day,6,50,5,1,1,403.5,0.0,1,0,1,0
0,Early_Return,7,4,5,1,1,395.0,0.0,1,0,0,0
1,Full_Day,7,26,1,0,1,344.25,0.0,1,1,0,0
1,Full_Day,12,43,0,0,0,346.0,0.0,1,0,0,0
0,Full_Day,7,4,4,0,1,485.4906,0.0,1,0,0,0
0,Long_Term,7,29,1,0,1,507.0,0.0,1,0,0,1
0,Full_Day,6,16,4,0,1,1349.0,0.0,1,0,0,0
0,Long_Term,6,40,2,0,1,1007.3333333333334,0.0,1,0,1,0
0,Full_Day,13,39,6,1,0,1766.25,0.0,1,0,0,0
1,Full_Day,7,26,4,0,1,1461.8,0.0,1,1,0,0
0,Early_Return,13,22,2,0,0,485.4906,0.0,1,1,0,0
0,Full_Day,7,21,2,0,1,164.0,0.0,1,0,0,0
0,Early_Return,12,37,4,0,0,225.5,0.0,1,1,0,0
1,Full_Day,7,26,1,0,1,172.33333333333334,0.0,1,0,0,0
1,Full_Day,6,53,4,0,1,250.5,0.0,1,1,0,0
1,Overnight,12,45,6,1,0,268.4,0.0,1,0,0,0
1,Early_Return,12,49,0,0,0,445.8,1.0,1,0,0,1
1,Full_Day,7,59,2,0,1,412.0,1.0,1,0,0,1
0,Full_Day,12,32,3,0,0,485.4906,1.0,1,0,0,1
0,Full_Day,6,49,2,0,1,385.0,0.0,1,0,0,0
0,Full_Day,6,49,5,1,1,410.0,0.0,1,1,0,0
0,Full_Day,13,2,6,1,0,395.0,0.0,1,1,0,0
0,Full_Day,12,23,2,0,0,426.0,0.0,1,0,0,0
0,Early_Return,7,12,0,0,1,440.8,0.0,1,1,0,0
0,Full_Day,6,51,6,1,1,383.4,0.0,1,1,0,0
0,Full_Day,8,3,0,0,1,400.0,0.0,1,0,0,0
1,Full_Day,7,18,6,1,1,385.2,0.0,1,1,0,0
0,Overnight,7,37,1,0,1,485.4906,0.0,1,0,0,0
0,Early_Return,13,16,2,0,0,813.0,1.0,1,0,0,0
0,Full_Day,6,19,4,0,1,437.0,1.0,1,1,0,0
0,Full_Day,13,15,1,0,0,432.0,1.0,0,0,1,0
1,Full_Day,12,31,1,0,0,426.5,1.0,1,0,0,0
1,Full_Day,7,11,3,0,1,401.8,1.0,1,1,0,0
0,Overnight,12,13,2,0,0,485.4906,1.0,1,0,0,0
1,Full_Day,7,33,5,1,1,816.0,1.0,1,0,0,1
0,Full_Day,12,59,4,0,0,485.4906,1.0,1,0,0,0
1,Full_Day,7,19,2,0,1,289.0,0.0,1,0,0,0
1,Long_Term,6,44,5,1,1,356.5,0.0,1,0,1,0
0,Full_Day,7,23,0,0,1,485.4906,0.0,1,1,0,0
0,Full_Day,6,51,3,0,1,353.0,0.0,1,1,0,0
0,Early_Return,12,35,1,0,0,353.0,0.0,1,0,0,1
0,Early_Return,12,38,6,1,0,294.3333333333333,0.0,1,1,0,0
0,Full_Day,6,56,6,1,1,264.0,0.0,1,0,1,0
1,Full_Day,7,34,2,0,1,285.4,0.0,1,0,1,0
0,Early_Return,7,3,2,0,1,485.4906,0.0,1,0,1,0
0,Full_Day,6,54,5,1,1,108.0,0.0,1,0,1,0
0,Full_Day,12,40,1,0,0,185.0,0.0,1,0,0,0
0,Full_Day,6,57,2,0,1,276.6666666666667,0.0,1,0,1,0
0,Overnight,7,8,2,0,1,275.75,0.0,1,0,0,0
0,Long_Term,7,15,1,0,1,433.6,1.0,1,0,0,0
0,Full_Day,13,8,0,0,0,1049.6,1.0,1,1,0,0
0,Full_Day,6,56,6,1,1,1051.0,1.0,1,0,1,0
1,Full_Day,12,11,3,0,0,1044.2,1.0,1,0,0,0
1,Full_Day,6,11,1,0,1,1048.4,1.0,1,0,0,0
1,Full_Day,14,11,6,1,0,909.4,1.0,1,0,0,0
1,Full_Day,6,25,3,0,1,323.4,1.0,1,0,0,1
1,Full_Day,13,6,5,1,0,332.8,1.0,1,1,0,0
0,Full_Day,6,47,2,0,1,485.4906,1.0,1,0,1,0
0,Full_Day,6,39,3,0,1,390.0,0.0,1,0,0,0
0,Full_Day,6,44,2,0,1,416.0,0.0,1,0,0,1
0,Full_Day,6,40,3,0,1,392.3333333333333,0.0,1,0,0,1
0,Overnight,12,25,4,0,0,426.5,0.0,1,1,0,0
0,Full_Day,12,27,5,1,0,523.4,1.0,1,0,0,0
0,Full_Day,7,22,4,0,1,551.8,1.0,1,0,0,0
0,Overnight,6,34,1,0,1,529.2,1.0,1,1,0,0
0,Full_Day,6,36,3,0,1,610.0,2.0,1,1,0,0
0,Early_Return,7,53,1,0,1,597.2,2.0,0,0,0,0
0,Full_Day,6,28,4,0,1,440.4,2.0,1,1,0,0
0,Early_Return,7,20,0,0,1,485.4906,2.0,1,0,0,0
0,Early_Return,6,24,2,0,1,200.0,0.0,1,0,0,0
0,Early_Return,6,45,5,1,1,181.5,0.0,1,1,0,0
0,Long_Term,6,32,2,0,1,141.66666666666666,0.0,1,1,0,0
0,Full_Day,12,58,3,0,0,1162.0,0.0,1,0,0,0
0,Full_Day,12,22,3,0,0,991.6,0.0,1,0,1,0
0,Full_Day,7,2,5,1,1,1037.8,0.0,1,0,0,0
0,Early_Return,7,27,6,1,1,1091.8,0.0,1,0,0,0
1,Early_Return,8,23,4,0,1,1102.6,0.0,1,1,0,0
0,Full_Day,6,40,6,1,1,485.4906,0.0,1,1,0,0
0,Early_Return,7,14,0,0,1,522.0,0.0,1,0,1,0
0,Long_Term,7,37,2,0,1,312.0,0.0,1,0,1,0
0,Full_Day,13,16,3,0,0,1495.3333333333333,0.0,1,0,1,0
0,Early_Return,7,19,1,0,1,1203.75,0.0,1,1,0,0
0,Full_Day,13,4,0,0,0,985.6,0.0,1,0,0,0
0,Full_Day,7,50,2,0,1,976.6,0.0,1,0,0,0
0,Early_Return,7,5,0,0,1,1026.6,0.0,1,0,0,0
0,Early_Return,11,58,1,0,1,291.8,0.0,1,0,0,0
0,Early_Return,7,43,5,1,1,245.6,0.0,1,0,1,0
0,Early_Return,6,29,4,0,1,485.4906,0.0,1,1,0,0
0,Long_Term,6,36,4,0,1,116.0,0.0,1,1,0,0
0,Full_Day,6,46,6,1,1,1605.0,0.0,1,0,0,0
0,Full_Day,7,4,0,0,1,1206.6666666666667,0.0,1,1,0,0
0,Full_Day,12,45,6,1,0,982.25,0.0,1,0,1,0
0,Full_Day,12,46,6,1,0,886.4,0.0,1,0,0,1
0,Full_Day,7,6,0,0,1,940.6,0.0,1,1,0,0
0,Full_Day,6,39,2,0,1,485.4906,0.0,1,1,0,0
0,Early_Return,6,50,6,1,1,328.0,0.0,1,1,0,0
0,Early_Return,6,49,0,0,1,252.0,0.0,1,0,0,0
0,Full_Day,7,6,6,1,1,191.33333333333334,0.0,1,0,1,0
1,Full_Day,6,14,4,0,1,203.5,0.0,1,1,0,0
0,Early_Return,13,39,1,0,0,485.4906,0.0,1,1,0,0
0,Full_Day,13,44,6,1,0,136.0,0.0,1,1,0,0
0,Full_Day,12,55,3,0,0,236.0,0.0,1,1,0,0
0,Full_Day,12,4,4,0,0,292.6666666666667,0.0,1,0,0,0
0,Full_Day,7,56,2,0,1,339.75,0.0,1,0,1,0
0,Early_Return,12,11,4,0,0,367.2,0.0,1,0,0,0
0,Early_Return,7,19,1,0,1,363.6,0.0,1,1,0,0
0,Early_Return,7,8,2,0,1,322.4,0.0,1,0,0,0
0,Early_Return,13,37,3,0,0,256.2,0.0,1,1,0,0
0,Early_Return,7,13,5,1,1,182.2,0.0,1,0,1,0
0,Overnight,7,6,1,0,1,120.2,0.0,1,1,0,0
0,Early_Return,13,34,1,0,0,485.4906,1.0,1,1,0,0
0,Full_Day,6,50,3,0,1,82.0,0.0,1,0,0,0
0,Full_Day,7,2,1,0,1,212.5,0.0,1,0,0,0
0,Full_Day,12,45,2,0,0,235.0,0.0,1,0,1,0
0,Long_Term,8,11,0,0,1,239.5,0.0,1,0,1,0
1,Early_Return,7,15,0,0,1,966.8,0.0,1,0,1,0
1,Early_Return,12,38,4,0,0,985.4,0.0,1,0,0,0
0,Overnight,6,49,5,1,1,485.4906,0.0,1,0,0,0
0,Early_Return,8,13,5,1,1,1249.0,1.0,1,0,0,0
0,Full_Day,7,25,6,1,1,687.0,1.0,0,0,0,0
0,Overnight,6,29,2,0,1,600.3333333333334,1.0,1,1,0,0
0,Long_Term,7,8,0,0,1,637.0,2.0,1,0,0,0
0,Full_Day,12,35,0,0,0,1028.0,2.0,1,0,0,0
0,Full_Day,6,36,0,0,1,880.0,2.0,1,0,1,0
1,Early_Return,12,9,4,0,0,930.0,2.0,1,0,1,0
0,Full_Day,6,21,2,0,1,485.4906,2.0,1,0,0,0
0,Full_Day,11,49,2,0,1,454.0,0.0,1,1,0,0
0,Full_Day,13,16,3,0,0,406.5,0.0,1,0,0,0
0,Full_Day,13,5,6,1,0,401.0,0.0,1,0,0,0
0,Full_Day,7,4,0,0,1,387.75,0.0,1,0,0,0
0,Long_Term,13,6,6,1,0,371.4,0.0,1,0,0,1
0,Full_Day,7,20,2,0,1,760.4,0.0,1,1,0,0
0,Early_Return,6,33,5,1,1,485.4906,0.0,1,1,0,0
0,Full_Day,7,25,2,0,1,181.0,0.0,1,0,0,0
0,Full_Day,6,14,4,0,1,342.5,0.0,1,1,0,0
0,Early_Return,6,17,1,0,1,386.0,0.0,1,0,0,0
0,Long_Term,6,53,1,0,1,332.5,0.0,1,0,0,0
0,Full_Day,13,33,4,0,0,975.8,0.0,1,0,0,0
0,Early_Return,6,36,5,1,1,1017.6,0.0,1,1,0,0
0,Full_Day,6,31,6,1,1,485.4906,0.0,1,0,0,0
0,Full_Day,6,51,0,0,1,366.0,0.0,1,1,0,0
0,Full_Day,6,11,6,1,1,317.0,0.0,1,0,1,0
0,Full_Day,12,29,2,0,0,316.3333333333333,0.0,1,1,0,0
0,Full_Day,6,46,6,1,1,485.4906,0.0,1,0,0,0
0,Early_Return,12,21,6,1,0,284.0,0.0,1,1,0,0
0,Full_Day,6,10,3,0,1,172.5,0.0,1,0,0,0
0,Full_Day,7,1,1,0,1,238.33333333333334,0.0,1,0,0,0
0,Early_Return,7,25,5,1,1,302.0,0.0,1,0,0,0
0,Early_Return,11,38,0,0,1,258.8,0.0,1,0,1,0
0,Full_Day,12,56,3,0,0,231.0,0.0,1,0,1,0
0,Full_Day,7,13,0,0,1,292.8,0.0,1,0,0,0
0,Early_Return,12,20,0,0,0,318.0,0.0,1,0,0,0
0,Early_Return,6,31,3,0,1,245.8,0.0,1,0,1,0
0,Early_Return,12,54,6,1,0,240.8,0.0,1,0,0,0
0,Full_Day,8,10,2,0,1,485.4906,0.0,1,0,0,0
0,Full_Day,6,32,4,0,1,521.0,0.0,1,1,0,0
1,Full_Day,13,32,2,0,0,400.0,0.0,1,0,0,0
1,Overnight,7,33,1,0,1,405.3333333333333,0.0,1,0,0,0
0,Full_Day,6,46,5,1,1,485.4906,1.0,1,0,0,1
0,Early_Return,6,47,6,1,1,241.0,0.0,1,0,0,0
0,Full_Day,12,40,6,1,0,186.0,0.0,1,0,1,0
0,Early_Return,12,22,0,0,0,223.0,0.0,1,0,1,0
0,Overnight,7,8,6,1,1,192.75,0.0,1,1,0,0
1,Full_Day,6,36,3,0,1,355.4,1.0,1,0,0,0
0,Full_Day,6,38,2,0,1,485.4906,1.0,1,0,0,0
0,Long_Term,12,23,2,0,0,325.0,0.0,1,0,0,1
0,Full_Day,7,45,0,0,1,1727.0,0.0,1,0,0,1
0,Long_Term,7,13,4,0,1,1291.3333333333333,0.0,1,0,1,0
0,Full_Day,13,5,0,0,0,1845.75,0.0,1,1,0,0
0,Early_Return,7,18,1,0,1,1532.0,0.0,1,0,1,0
1,Early_Return,7,11,3,0,1,1493.0,0.0,1,0,0,0
0,Early_Return,7,30,2,0,1,485.4906,0.0,1,0,0,0
0,Early_Return,13,30,4,0,0,142.0,0.0,1,1,0,0
0,Early_Return,12,7,2,0,0,175.5,0.0,1,0,0,0
0,Full_Day,13,13,4,0,0,176.33333333333334,0.0,1,1,0,0
0,Early_Return,6,10,5,1,1,260.5,0.0,1,1,0,0
0,Overnight,13,12,4,0,0,485.4906,0.0,1,0,0,0
0,Early_Return,6,32,5,1,1,1236.0,1.0,1,0,0,0
0,Full_Day,12,3,0,0,0,678.0,1.0,1,0,1,0
0,Early_Return,6,37,3,0,1,590.3333333333334,1.0,1,0,0,0
0,Overnight,12,53,5,1,0,469.25,1.0,1,0,0,0
0,Early_Return,6,33,6,1,1,536.6,2.0,1,0,0,0
0,Full_Day,6,41,2,0,1,310.6,2.0,1,0,0,0
0,Early_Return,12,48,4,0,0,392.8,2.0,1,0,1,0
0,Early_Return,7,35,5,1,1,350.6,2.0,1,0,1,0
0,Early_Return,7,3,1,0,1,367.4,2.0,1,0,0,0
1,Full_Day,6,38,6,1,1,247.0,2.0,1,1,0,0
1,Full_Day,7,23,4,0,1,286.8,2.0,1,0,1,0
1,Early_Return,6,11,5,1,1,251.8,2.0,1,1,0,0
0,Full_Day,12,14,3,0,0,485.4906,2.0,1,0,0,0
0,Full_Day,6,12,1,0,1,283.0,0.0,1,1,0,0
0,Full_Day,6,13,0,0,1,383.0,0.0,1,1,0,0
0,Early_Return,12,57,3,0,0,351.3333333333333,0.0,1,0,1,0
0,Early_Return,11,55,4,0,1,288.5,0.0,1,0,0,1
1,Full_Day,7,23,0,0,1,263.2,0.0,1,0,0,0
0,Early_Return,6,49,6,1,1,485.4906,0.0,0,0,0,1
0,Early_Return,7,18,3,0,1,102.0,0.0,1,0,0,0
0,Early_Return,13,5,4,0,0,130.0,0.0,1,0,0,0
0,Full_Day,7,16,3,0,1,122.66666666666667,0.0,1,0,0,0
0,Early_Return,12,22,5,1,0,223.25,0.0,1,0,0,0
0,Early_Return,7,14,3,0,1,485.4906,0.0,1,0,1,0
0,Early_Return,12,50,1,0,0,114.0,0.0,1,0,0,1
0,Early_Return,11,56,6,1,1,142.5,0.0,1,1,0,0
0,Early_Return,6,52,4,0,1,160.66666666666666,0.0,1,0,1,0
0,Early_Return,12,4,2,0,0,148.25,0.0,1,1,0,0
0,Full_Day,12,15,4,0,0,141.8,0.0,1,1,0,0
0,Full_Day,7,38,4,0,1,221.6,0.0,1,0,0,1
0,Full_Day,6,33,3,0,1,280.6,0.0,1,0,1,0
0,Full_Day,6,1,0,0,1,323.4,0.0,1,0,0,0
0,Early_Return,13,38,4,0,0,363.2,0.0,1,0,0,0
1,Full_Day,11,45,2,0,1,363.2,0.0,1,1,0,0
1,Full_Day,7,2,6,1,1,325.2,0.0,1,1,0,0
1,Early_Return,6,45,0,0,1,295.6,0.0,1,1,0,0
0,Early_Return,12,21,4,0,0,485.4906,0.0,1,0,1,0
0,Full_Day,6,45,3,0,1,140.0,0.0,1,1,0,0
0,Early_Return,7,26,1,0,1,199.5,0.0,1,1,0,0
0,Full_Day,12,58,1,0,0,179.33333333333334,0.0,1,1,0,0
0,Full_Day,13,4,3,0,0,202.0,0.0,1,0,1,0
0,Full_Day,12,57,5,1,0,256.4,0.0,1,0,1,0
0,Full_Day,12,14,1,0,0,328.8,0.0,1,0,1,0
0,Full_Day,12,46,4,0,0,329.8,0.0,1,0,1,0
1,Full_Day,12,53,1,0,0,376.0,0.0,1,1,0,0
1,Overnight,7,37,1,0,1,416.4,0.0,1,1,0,0
1,Full_Day,6,22,6,1,1,512.0,1.0,1,1,0,0
0,Overnight,6,37,6,1,1,485.4906,1.0,1,0,0,0
0,Full_Day,6,56,5,1,1,1216.0,1.0,1,0,0,0
0,Full_Day,12,49,3,0,0,863.5,1.0,1,1,0,0
0,Full_Day,12,40,0,0,0,743.0,1.0,1,0,1,0
0,Full_Day,12,0,2,0,0,635.75,1.0,1,1,0,0
1,Early_Return,6,16,3,0,1,596.0,1.0,1,0,0,0
0,Full_Day,6,42,5,1,1,485.4906,1.0,1,0,1,0
0,Long_Term,12,14,5,1,0,276.0,0.0,1,1,0,0
0,Full_Day,6,18,1,0,1,2027.5,0.0,1,0,0,0
0,Early_Return,7,46,2,0,1,1502.0,0.0,1,0,1,0
0,Early_Return,6,58,0,0,1,485.4906,0.0,1,0,0,1
0,Long_Term,6,40,2,0,1,167.0,0.0,1,0,0,0
0,Overnight,12,58,4,0,0,865.5,0.0,1,0,0,0
0,Full_Day,6,7,3,0,1,902.3333333333334,1.0,1,1,0,0
0,Full_Day,13,6,5,1,0,772.25,1.0,1,1,0,0
0,Full_Day,6,44,0,0,1,699.2,1.0,1,1,0,0
0,Long_Term,13,12,1,0,0,738.0,1.0,1,0,0,0
0,Full_Day,12,32,0,0,0,861.2,1.0,1,0,1,0
0,Full_Day,6,49,5,1,1,763.6,1.0,1,0,0,0
0,Full_Day,12,58,1,0,0,485.4906,1.0,1,1,0,0
0,Full_Day,12,36,4,0,0,271.0,0.0,1,1,0,0
0,Overnight,6,59,6,1,1,279.0,0.0,1,0,0,0
0,Full_Day,7,8,6,1,1,574.3333333333334,1.0,1,0,0,0
0,Full_Day,6,21,2,0,1,503.5,1.0,1,0,0,0
1,Overnight,7,15,0,0,1,460.6,1.0,1,0,0,0
0,Full_Day,7,34,5,1,1,485.4906,2.0,1,0,0,1
0,Full_Day,12,23,3,0,0,487.0,0.0,1,0,1,0
0,Full_Day,12,14,6,1,0,493.5,0.0,1,0,0,0
0,Full_Day,7,48,1,0,1,505.3333333333333,0.0,1,0,1,0
0,Full_Day,7,0,5,1,1,441.0,0.0,1,0,0,0
0,Long_Term,7,42,2,0,1,410.4,0.0,1,0,0,0
0,Full_Day,7,44,1,0,1,1075.0,0.0,1,1,0,0
0,Full_Day,12,26,1,0,0,1032.6,0.0,1,0,0,0
1,Overnight,6,6,5,1,1,1015.6,0.0,1,0,1,0
1,Overnight,12,37,6,1,0,1188.0,1.0,1,0,0,0
1,Overnight,6,49,3,0,1,1292.4,2.0,1,0,0,0
0,Full_Day,7,10,5,1,1,485.4906,3.0,1,0,1,0
0,Full_Day,12,18,5,1,0,422.0,0.0,1,0,0,0
0,Overnight,6,24,6,1,1,464.0,0.0,1,1,0,0
0,Early_Return,7,43,6,1,1,634.3333333333334,1.0,1,1,0,0
0,Full_Day,12,48,4,0,0,500.5,1.0,1,1,0,0
0,Early_Return,7,46,1,0,1,475.6,1.0,1,1,0,0
1,Full_Day,7,34,4,0,1,406.4,1.0,1,0,1,0
0,Full_Day,12,58,4,0,0,485.4906,1.0,1,0,1,0
0,Full_Day,12,44,6,1,0,252.0,0.0,0,0,0,1
0,Long_Term,6,52,2,0,1,264.5,0.0,1,1,0,0
0,Overnight,6,59,2,0,1,703.6666666666666,0.0,1,0,1,0
0,Full_Day,13,19,2,0,0,846.0,1.0,1,0,1,0
0,Full_Day,6,46,2,0,1,735.6,1.0,1,1,0,0
1,Early_Return,7,24,4,0,1,769.2,1.0,1,0,0,0
1,Full_Day,6,56,2,0,1,726.6,1.0,0,0,0,1
1,Full_Day,7,0,2,0,1,477.6,1.0,1,0,0,0
0,Early_Return,6,54,0,0,1,485.4906,1.0,1,0,0,1
0,Early_Return,6,51,4,0,1,76.0,0.0,1,0,0,0
0,Long_Term,6,43,1,0,1,127.5,0.0,1,1,0,0
0,Full_Day,7,54,3,0,1,1307.0,0.0,1,1,0,0
0,Full_Day,6,33,2,0,1,1113.75,0.0,1,0,0,0
0,Early_Return,12,40,2,0,0,970.2,0.0,1,0,1,0
0,Full_Day,6,55,5,1,1,995.6,0.0,1,0,0,0
1,Full_Day,7,1,2,0,1,1030.6,0.0,1,0,0,0
0,Early_Return,6,24,2,0,1,485.4906,0.0,1,1,0,0
0,Early_Return,11,32,0,0,1,166.0,0.0,1,0,1,0
0,Full_Day,6,39,1,0,1,165.0,0.0,1,1,0,0
0,Early_Return,7,13,5,1,1,248.0,0.0,1,0,1,0
0,Overnight,6,50,3,0,1,207.75,0.0,1,1,0,0
0,Full_Day,13,0,6,1,0,485.4906,1.0,1,0,0,0
0,Early_Return,7,9,0,0,1,340.0,0.0,1,0,1,0
0,Early_Return,12,28,3,0,0,231.5,0.0,1,0,0,1
0,Full_Day,6,53,6,1,1,200.33333333333334,0.0,1,0,0,0
0,Early_Return,7,26,6,1,1,252.75,0.0,1,0,0,0
1,Full_Day,12,35,2,0,0,214.2,0.0,1,1,0,0
1,Early_Return,7,28,2,0,1,236.4,0.0,1,0,1,0
0,Early_Return,6,29,5,1,1,485.4906,0.0,1,0,1,0
0,Full_Day,7,6,1,0,1,112.0,0.0,1,0,1,0
0,Overnight,7,36,5,1,1,303.0,0.0,1,0,0,1
0,Full_Day,12,59,3,0,0,649.6666666666666,1.0,1,0,0,0
0,Long_Term,7,19,6,1,1,616.0,1.0,1,1,0,0
1,Early_Return,13,20,1,0,0,1125.2,1.0,1,1,0,0
1,Full_Day,6,53,4,0,1,1132.2,1.0,1,0,0,0
0,Overnight,7,4,3,0,1,485.4906,1.0,1,1,0,0
0,Early_Return,12,44,3,0,0,1031.0,1.0,1,1,0,0
0,Full_Day,13,6,5,1,0,568.0,1.0,0,0,0,1
0,Full_Day,6,52,5,1,1,482.3333333333333,1.0,1,0,1,0
0,Early_Return,6,55,3,0,1,466.75,1.0,1,0,0,0
0,Long_Term,6,58,5,1,1,400.6,1.0,1,1,0,0
0,Full_Day,7,32,3,0,1,936.0,1.0,1,0,0,1
0,Full_Day,12,39,4,0,0,485.4906,1.0,1,0,0,1
0,Early_Return,12,53,5,1,0,427.0,0.0,1,1,0,0
0,Early_Return,12,6,3,0,0,304.5,0.0,1,1,0,0
0,Early_Return,12,20,2,0,0,228.0,0.0,1,0,1,0
0,Early_Return,6,54,0,0,1,215.5,0.0,1,0,1,0
0,Full_Day,6,31,4,0,1,202.8,0.0,1,0,1,0
0,Early_Return,7,39,2,0,1,197.0,0.0,1,1,0,0
1,Long_Term,7,1,4,0,1,193.2,0.0,1,1,0,0
1,Full_Day,13,26,1,0,0,872.8,0.0,1,0,0,0
1,Full_Day,6,34,3,0,1,901.0,0.0,1,1,0,0
0,Full_Day,11,55,1,0,1,485.4906,0.0,1,1,0,0
0,Full_Day,7,3,2,0,1,438.0,0.0,1,0,0,0
0,Early_Return,7,1,5,1,1,443.0,0.0,1,0,1,0
0,Overnight,6,38,0,0,1,353.3333333333333,0.0,1,0,0,0
0,Full_Day,8,3,6,1,1,529.75,1.0,1,1,0,0
0,Early_Return,6,28,2,0,1,503.0,1.0,1,0,1,0
0,Full_Day,12,39,6,1,0,454.8,1.0,1,0,0,0
0,Overnight,13,46,2,0,0,431.2,1.0,0,1,0,0
0,Overnight,12,48,2,0,0,567.8,2.0,1,1,0,0
0,Full_Day,6,47,4,0,1,545.2,3.0,1,1,0,0
0,Full_Day,13,5,3,0,0,485.4906,3.0,1,1,0,0
0,Early_Return,7,17,0,0,1,257.0,0.0,1,0,1,0
0,Full_Day,13,26,5,1,0,209.5,0.0,1,1,0,0
1,Early_Return,6,34,1,0,1,316.0,0.0,1,1,0,0
1,Early_Return,6,43,4,0,1,277.0,0.0,1,0,0,0
1,Full_Day,7,2,3,0,1,258.8,0.0,1,0,0,0
0,Full_Day,7,12,4,0,1,485.4906,0.0,1,1,0,0
0,Early_Return,6,57,6,1,1,536.0,0.0,1,0,0,0
0,Early_Return,7,0,6,1,1,328.5,0.0,1,0,1,0
0,Early_Return,6,11,6,1,1,270.6666666666667,0.0,1,0,0,1
0,Full_Day,6,45,2,0,1,249.0,0.0,1,0,0,0
0,Full_Day,12,58,6,1,0,284.6,0.0,1,0,0,0
0,Early_Return,6,16,0,0,1,269.0,0.0,1,0,1,0
0,Early_Return,6,37,2,0,1,485.4906,0.0,1,1,0,0
0,Early_Return,7,17,5,1,1,191.0,0.0,1,0,0,0
0,Full_Day,6,52,4,0,1,163.5,0.0,1,0,1,0
0,Early_Return,6,36,6,1,1,206.0,0.0,1,1,0,0
0,Long_Term,7,45,4,0,1,181.25,0.0,1,0,1,0
0,Full_Day,7,7,3,0,1,485.4906,0.0,1,0,0,0
0,Early_Return,6,36,0,0,1,520.0,0.0,1,0,0,0
0,Full_Day,7,36,3,0,1,297.0,0.0,1,0,0,0
0,Full_Day,7,32,5,1,1,307.6666666666667,0.0,1,0,0,0
0,Early_Return,12,26,0,0,0,351.25,0.0,1,1,0,0
0,Early_Return,13,1,3,0,0,313.6,0.0,1,0,0,0
0,Full_Day,7,25,6,1,1,237.4,0.0,1,1,0,0
0,Early_Return,12,9,3,0,0,287.4,0.0,1,1,0,0
0,Early_Return,8,7,1,0,1,258.4,0.0,1,1,0,0
0,Early_Return,12,17,6,1,0,201.0,0.0,1,0,0,1
1,Overnight,14,19,2,0,0,197.4,0.0,1,0,1,0
0,Early_Return,7,36,4,0,1,485.4906,1.0,1,0,1,0
0,Full_Day,7,24,5,1,1,80.0,0.0,1,0,0,0
0,Full_Day,11,39,1,0,1,192.0,0.0,1,0,0,0
0,Full_Day,6,59,1,0,1,213.66666666666666,0.0,1,1,0,0
0,Overnight,13,3,2,0,0,272.5,0.0,1,0,0,0
0,Overnight,12,58,5,1,0,478.4,1.0,1,0,0,1
0,Early_Return,12,56,2,0,0,622.0,2.0,1,0,1,0
0,Full_Day,6,48,0,0,1,602.2,2.0,1,0,0,0
0,Full_Day,6,49,1,0,1,643.2,2.0,1,0,0,0
1,Early_Return,12,4,1,0,0,634.8,2.0,1,1,0,0
1,Early_Return,6,22,3,0,1,388.6,2.0,1,0,1,0
0,Full_Day,6,45,2,0,1,485.4906,2.0,1,1,0,0
0,Early_Return,12,34,3,0,0,537.0,0.0,1,0,1,0
0,Early_Return,7,30,0,0,1,338.0,0.0,1,0,0,0
0,Full_Day,6,36,5,1,1,294.6666666666667,0.0,1,0,1,0
0,Overnight,13,5,6,1,0,333.75,0.0,1,0,0,1
0,Long_Term,7,1,1,0,1,437.2,1.0,1,1,0,0
0,Full_Day,7,45,5,1,1,1032.6,1.0,1,0,0,0
0,Full_Day,12,0,5,1,0,1108.4,1.0,1,0,1,0
0,Early_Return,7,51,5,1,1,1135.4,1.0,1,0,1,0
0,Early_Return,7,1,6,1,1,1064.2,1.0,1,0,1,0
1,Full_Day,6,27,3,0,1,910.6,1.0,1,1,0,0
0,Full_Day,12,19,5,1,0,485.4906,1.0,1,0,1,0
0,Overnight,6,35,3,0,1,466.0,0.0,1,0,0,0
0,Full_Day,7,14,3,0,1,653.0,1.0,1,0,0,0
1,Full_Day,13,6,6,1,0,543.0,1.0,1,0,1,0
1,Full_Day,6,37,3,0,1,500.0,1.0,1,1,0,0
0,Full_Day,6,18,3,0,1,485.4906,1.0,1,0,0,0
0,Early_Return,12,48,5,1,0,304.0,0.0,1,0,0,0
0,Full_Day,6,30,0,0,1,252.0,0.0,1,0,0,0
0,Full_Day,7,59,5,1,1,268.3333333333333,0.0,0,1,0,0
0,Full_Day,6,58,5,1,1,302.25,0.0,1,1,0,0
0,Early_Return,12,42,3,0,0,341.4,0.0,1,0,0,1
0,Early_Return,6,19,6,1,1,310.0,0.0,0,0,0,0
1,Full_Day,7,31,6,1,1,288.4,0.0,1,0,0,0
0,Full_Day,13,7,0,0,0,485.4906,0.0,1,1,0,0
0,Full_Day,12,56,6,1,0,535.0,0.0,1,0,0,0
0,Full_Day,7,49,3,0,1,509.0,0.0,1,0,0,0
0,Full_Day,8,9,2,0,1,432.3333333333333,0.0,1,0,0,0
0,Full_Day,7,2,6,1,1,385.25,0.0,1,0,0,1
0,Full_Day,7,0,0,0,1,367.6,0.0,1,1,0,0
1,Overnight,7,9,2,0,1,334.6,0.0,1,1,0,0
0,Full_Day,7,5,4,0,1,485.4906,1.0,1,0,0,0
0,Full_Day,7,24,3,0,1,420.0,0.0,1,1,0,0
0,Full_Day,6,57,5,1,1,392.5,0.0,1,0,0,0
0,Early_Return,12,17,4,0,0,432.3333333333333,0.0,1,0,0,1
0,Full_Day,12,45,3,0,0,366.0,0.0,1,0,1,0
0,Early_Return,6,44,0,0,1,389.6,0.0,1,0,0,0
0,Early_Return,12,43,6,1,0,326.2,0.0,1,0,0,0
0,Full_Day,7,51,6,1,1,485.4906,0.0,1,0,0,0
0,Long_Term,13,11,1,0,0,502.0,0.0,1,1,0,0
0,Early_Return,6,24,5,1,1,1759.5,0.0,1,0,0,1
0,Full_Day,7,49,0,0,1,1208.0,0.0,1,0,0,0
0,Early_Return,7,10,2,0,1,998.75,0.0,1,0,1,0
0,Early_Return,6,39,6,1,1,812.0,0.0,1,0,1,0
0,Early_Return,7,2,3,0,1,730.0,0.0,1,0,1,0
0,Full_Day,6,58,4,0,1,145.2,0.0,1,0,1,0
0,Full_Day,7,2,6,1,1,485.4906,0.0,1,0,0,0
0,Full_Day,7,32,3,0,1,516.0,0.0,1,0,0,0
0,Full_Day,13,20,5,1,0,426.0,0.0,1,0,0,1
0,Early_Return,13,9,0,0,0,434.3333333333333,0.0,0,0,0,0
0,Full_Day,7,39,6,1,1,371.5,0.0,1,0,0,0
1,Full_Day,12,26,3,0,0,394.2,0.0,1,0,0,0
0,Early_Return,7,15,4,0,1,485.4906,0.0,1,0,0,0
0,Early_Return,7,11,1,0,1,136.0,0.0,1,1,0,0
0,Long_Term,12,57,6,1,0,122.5,0.0,1,0,0,0
0,Overnight,6,31,2,0,1,891.0,0.0,1,1,0,0
0,Full_Day,7,32,3,0,1,939.5,1.0,1,1,0,0
1,Full_Day,7,20,6,1,1,828.2,1.0,1,0,1,0
0,Overnight,12,30,0,0,0,485.4906,1.0,1,0,1,0
0,Full_Day,12,49,4,0,0,1423.0,1.0,1,0,0,1
0,Full_Day,7,46,4,0,1,914.0,1.0,1,1,0,0
0,Early_Return,6,1,2,0,1,765.0,1.0,1,0,0,0
0,Early_Return,12,45,1,0,0,610.25,1.0,1,0,1,0
0,Full_Day,7,5,2,0,1,507.8,1.0,1,0,1,0
0,Early_Return,13,8,1,0,0,296.8,1.0,1,1,0,0
0,Early_Return,13,18,5,1,0,254.4,1.0,1,0,0,0
0,Long_Term,7,5,1,0,1,177.4,1.0,1,0,0,1
1,Full_Day,7,20,2,0,1,762.2,1.0,1,0,0,1
1,Long_Term,8,43,1,0,1,839.6,1.0,1,0,0,0
0,Full_Day,12,36,1,0,0,485.4906,1.0,1,0,0,0
0,Early_Return,6,33,2,0,1,263.0,0.0,1,0,0,0
0,Full_Day,6,41,4,0,1,207.0,0.0,1,0,0,1
0,Full_Day,6,48,4,0,1,258.3333333333333,0.0,1,0,0,0
0,Overnight,13,42,5,1,0,323.75,0.0,1,0,1,0
0,Full_Day,12,41,6,1,0,433.6,1.0,1,0,0,0
0,Early_Return,12,52,1,0,0,429.2,1.0,1,0,0,0
0,Full_Day,6,56,3,0,1,430.2,1.0,1,0,1,0
0,Full_Day,7,13,2,0,1,439.2,1.0,1,0,0,0
1,Long_Term,6,53,0,0,1,430.6,1.0,1,1,0,0
1,Full_Day,6,16,5,1,1,848.6,1.0,1,0,0,0
0,Early_Return,7,9,6,1,1,485.4906,1.0,1,0,0,0
0,Early_Return,12,45,4,0,0,88.0,0.0,1,0,0,1
0,Long_Term,12,40,5,1,0,143.5,0.0,1,0,0,0
1,Full_Day,7,49,2,0,1,972.0,0.0,1,0,0,0
1,Early_Return,7,20,1,0,1,813.5,0.0,1,1,0,0
0,Early_Return,6,10,0,0,1,485.4906,0.0,1,0,0,0
0,Full_Day,12,51,3,0,0,75.0,0.0,1,0,1,0
0,Full_Day,12,15,4,0,0,174.5,0.0,1,1,0,0
0,Early_Return,13,26,1,0,0,225.0,0.0,1,0,0,0
0,Early_Return,13,6,2,0,0,199.5,0.0,1,1,0,0
0,Long_Term,7,25,3,0,1,179.2,0.0,0,0,0,0
0,Full_Day,7,2,4,0,1,671.6,0.0,1,0,0,0
0,Full_Day,7,9,4,0,1,667.4,0.0,1,0,1,0
1,Early_Return,12,29,6,1,0,663.0,0.0,1,0,1,0
1,Full_Day,6,22,5,1,1,679.6,0.0,1,1,0,0
0,Full_Day,6,48,4,0,1,485.4906,0.0,1,0,0,1
0,Early_Return,7,30,5,1,1,417.0,0.0,1,0,0,0
0,Early_Return,7,2,1,0,1,258.5,0.0,1,1,0,0
0,Long_Term,12,33,6,1,0,230.33333333333334,0.0,1,0,0,0
1,Full_Day,7,18,2,0,1,1250.25,0.0,1,1,0,0
1,Full_Day,12,52,4,0,0,1075.6,0.0,1,0,1,0
0,Full_Day,7,24,5,1,1,485.4906,0.0,1,0,1,0
0,Overnight,12,28,3,0,0,319.0,0.0,1,0,0,0
0,Early_Return,7,17,0,0,1,796.5,1.0,1,1,0,0
0,Overnight,7,34,6,1,1,575.0,1.0,1,0,1,0
0,Full_Day,6,36,1,0,1,771.75,2.0,1,0,0,0
1,Full_Day,13,4,4,0,0,692.2,2.0,1,1,0,0
0,Full_Day,13,26,5,1,0,485.4906,2.0,1,0,0,0
0,Early_Return,7,33,3,0,1,297.0,0.0,1,0,1,0
0,Full_Day,13,6,2,0,0,236.5,0.0,1,1,0,0
0,Early_Return,7,26,4,0,1,257.3333333333333,0.0,1,0,0,0
0,Early_Return,12,53,3,0,0,214.75,0.0,1,0,1,0
0,Full_Day,7,10,5,1,1,198.2,0.0,1,0,0,0
0,Full_Day,6,6,5,1,1,200.6,0.0,1,1,0,0
0,Full_Day,8,0,2,0,1,214.0,0.0,1,1,0,0
0,Early_Return,7,27,3,0,1,254.6,0.0,1,0,0,0
0,Full_Day,14,19,0,0,0,261.0,0.0,1,0,0,1
0,Full_Day,7,25,2,0,1,485.4906,0.0,1,1,0,0
0,Early_Return,11,50,0,0,1,513.0,0.0,1,0,0,0
0,Overnight,6,51,5,1,1,309.5,0.0,1,1,0,0
0,Early_Return,7,36,2,0,1,643.0,1.0,1,0,0,0
0,Full_Day,7,8,3,0,1,502.0,1.0,1,1,0,0
1,Early_Return,7,24,1,0,1,505.2,1.0,1,0,0,0
0,Early_Return,7,13,4,0,1,485.4906,1.0,1,0,0,0
0,Full_Day,7,19,0,0,1,203.0,0.0,1,1,0,0
0,Early_Return,7,23,1,0,1,326.0,0.0,1,1,0,0
0,Early_Return,6,45,5,1,1,253.66666666666666,0.0,1,0,0,0
0,Full_Day,7,18,0,0,1,224.5,0.0,1,0,0,0
0,Full_Day,7,20,1,0,1,265.2,0.0,1,0,0,0
0,Full_Day,13,16,2,0,0,275.0,0.0,1,0,0,0
0,Full_Day,12,17,6,1,0,485.4906,0.0,1,0,0,0
0,Long_Term,6,27,0,0,1,469.0,0.0,1,0,0,0
0,Early_Return,7,10,1,0,1,2087.5,0.0,1,0,0,0
1,Full_Day,7,26,2,0,1,1411.6666666666667,0.0,1,1,0,0
0,Full_Day,7,16,4,0,1,485.4906,0.0,1,1,0,0
0,Early_Return,12,56,5,1,0,341.0,0.0,1,1,0,0
0,Full_Day,12,24,2,0,0,238.0,0.0,1,0,0,1
0,Overnight,7,48,5,1,1,305.3333333333333,0.0,1,1,0,0
0,Overnight,7,4,5,1,1,554.25,1.0,1,0,1,0
0,Full_Day,12,12,5,1,0,593.2,2.0,1,0,0,0
0,Early_Return,12,42,4,0,0,590.4,2.0,1,0,0,0
1,Early_Return,12,13,1,0,0,605.0,2.0,0,0,1,0
0,Early_Return,6,13,4,0,1,485.4906,2.0,1,1,0,0
0,Full_Day,12,17,3,0,0,208.0,0.0,1,0,0,1
0,Full_Day,7,11,1,0,1,236.0,0.0,1,0,0,1
0,Full_Day,7,17,3,0,1,271.3333333333333,0.0,1,0,0,0
0,Overnight,6,43,3,0,1,329.25,0.0,1,0,1,0
0,Full_Day,7,15,5,1,1,453.6,1.0,1,0,0,1
0,Full_Day,6,43,0,0,1,485.4906,1.0,1,0,1,0
0,Overnight,12,34,4,0,0,270.0,0.0,1,1,0,0
0,Full_Day,6,28,0,0,1,550.5,1.0,1,0,0,0
0,Early_Return,12,45,0,0,0,456.0,1.0,1,1,0,0
0,Early_Return,6,44,1,0,1,384.0,1.0,1,1,0,0
0,Early_Return,6,24,2,0,1,347.6,1.0,1,1,0,0
1,Overnight,12,25,2,0,0,324.8,1.0,1,1,0,0
0,Early_Return,7,32,1,0,1,485.4906,2.0,1,0,0,0
0,Early_Return,7,36,5,1,1,139.0,0.0,1,1,0,0
0,Full_Day,12,30,4,0,0,142.5,0.0,1,0,1,0
0,Early_Return,12,57,1,0,0,177.33333333333334,0.0,1,0,1,0
0,Overnight,7,21,2,0,1,181.0,0.0,1,1,0,0
0,Full_Day,7,29,2,0,1,323.8,1.0,1,1,0,0
0,Early_Return,12,32,1,0,0,350.2,1.0,1,1,0,0
0,Early_Return,7,17,5,1,1,349.0,1.0,1,1,0,0
1,Full_Day,13,1,2,0,0,337.0,1.0,1,0,0,0
0,Full_Day,13,11,1,0,0,485.4906,1.0,1,1,0,0
0,Early_Return,13,1,1,0,0,278.0,0.0,1,1,0,0
0,Full_Day,12,20,5,1,0,217.5,0.0,1,1,0,0
0,Overnight,6,38,5,1,1,269.3333333333333,0.0,1,0,0,0
0,Full_Day,13,16,4,0,0,485.4906,1.0,1,0,0,0
0,Long_Term,6,43,1,0,1,487.0,0.0,1,1,0,0
0,Full_Day,7,7,4,0,1,2345.5,0.0,1,0,0,1
0,Full_Day,12,48,5,1,0,1645.0,0.0,1,1,0,0
0,Full_Day,7,3,4,0,1,1300.75,0.0,1,0,1,0
0,Full_Day,6,48,5,1,1,1091.6,0.0,1,1,0,0
0,Early_Return,7,6,0,0,1,1071.4,0.0,1,0,0,0
0,Full_Day,7,18,2,0,1,265.6,0.0,1,0,0,1
0,Full_Day,7,14,0,0,1,313.4,0.0,1,0,0,0
0,Full_Day,12,43,1,0,0,316.6,0.0,1,0,1,0
0,Full_Day,7,29,1,0,1,362.0,0.0,1,1,0,0
1,Full_Day,12,51,0,0,0,371.8,0.0,1,1,0,0
1,Early_Return,8,11,1,0,1,417.2,0.0,1,0,1,0
1,Full_Day,12,37,4,0,0,357.4,0.0,1,0,1,0
0,Early_Return,6,34,0,0,1,485.4906,0.0,1,1,0,0
0,Early_Return,7,37,2,0,1,172.0,0.0,1,1,0,0
1,Full_Day,6,42,4,0,1,189.0,0.0,1,0,0,0
0,Full_Day,6,46,3,0,1,485.4906,0.0,1,0,0,0
0,Full_Day,11,44,1,0,1,278.0,0.0,1,1,0,0
0,Early_Return,12,53,3,0,0,386.5,0.0,1,0,0,0
0,Overnight,7,12,1,0,1,299.6666666666667,0.0,0,1,0,0
0,Full_Day,6,16,1,0,1,450.25,1.0,1,0,0,0
0,Early_Return,6,33,4,0,1,449.8,1.0,1,0,0,1
0,Early_Return,7,29,3,0,1,409.4,1.0,1,1,0,0
1,Long_Term,12,47,1,0,0,335.4,1.0,1,0,0,0
0,Full_Day,7,53,4,0,1,485.4906,1.0,1,0,1,0
0,Full_Day,6,51,0,0,1,473.0,0.0,1,0,0,0
0,Early_Return,7,23,6,1,1,494.0,0.0,1,1,0,0
0,Early_Return,6,41,5,1,1,485.4906,0.0,1,0,0,0
0,Overnight,11,56,0,0,1,81.0,0.0,1,0,1,0
0,Full_Day,7,9,1,0,1,600.5,1.0,1,0,1,0
0,Full_Day,7,27,5,1,1,573.6666666666666,1.0,1,0,1,0
0,Early_Return,7,45,1,0,1,496.0,1.0,1,1,0,0
0,Full_Day,7,14,6,1,1,416.6,1.0,1,1,0,0
0,Early_Return,7,53,1,0,1,467.2,1.0,1,1,0,0
1,Early_Return,6,56,1,0,1,259.2,1.0,1,1,0,0
0,Full_Day,7,4,1,0,1,485.4906,1.0,1,0,0,1
0,Early_Return,6,59,6,1,1,459.0,0.0,1,0,1,0
0,Full_Day,7,2,5,1,1,323.0,0.0,1,0,0,0
0,Early_Return,6,21,1,0,1,350.0,0.0,1,1,0,0
0,Full_Day,6,16,1,0,1,293.5,0.0,1,0,0,0
0,Full_Day,12,35,1,0,0,286.6,0.0,1,0,1,0
0,Early_Return,6,38,0,0,1,485.4906,0.0,1,0,1,0
1,Early_Return,6,36,5,1,1,134.0,0.0,1,0,0,1
0,Full_Day,12,48,4,0,0,485.4906,0.0,1,0,0,0
0,Full_Day,12,14,4,0,0,276.0,0.0,0,0,0,0
0,Early_Return,6,58,6,1,1,308.0,0.0,1,1,0,0
0,Long_Term,12,21,3,0,0,261.6666666666667,0.0,1,0,0,0
0,Early_Return,12,53,0,0,0,1220.75,0.0,1,0,0,0
0,Full_Day,6,42,5,1,1,1018.2,0.0,0,0,0,0
0,Full_Day,11,34,6,1,1,1028.2,0.0,1,1,0,0
0,Early_Return,6,56,3,0,1,1046.0,0.0,1,0,1,0
0,Full_Day,5,30,1,0,1,1046.6,0.0,1,0,0,0
0,Long_Term,13,10,6,1,0,281.0,0.0,1,0,0,0
0,Full_Day,13,25,3,0,0,858.6,0.0,1,0,1,0
1,Early_Return,6,5,3,0,1,852.4,0.0,1,0,0,0
0,Early_Return,7,42,6,1,1,485.4906,0.0,1,1,0,0
0,Early_Return,8,10,2,0,1,123.0,0.0,1,0,0,1
0,Full_Day,6,54,6,1,1,144.5,0.0,1,0,1,0
0,Full_Day,7,20,4,0,1,181.66666666666666,0.0,1,0,0,0
0,Full_Day,12,40,4,0,0,265.25,0.0,1,1,0,0
0,Early_Return,12,29,1,0,0,295.8,0.0,1,0,0,0
1,Full_Day,6,14,2,0,1,308.4,0.0,1,1,0,0
1,Early_Return,12,48,2,0,0,380.8,0.0,1,0,1,0
0,Early_Return,7,14,6,1,1,485.4906,0.0,1,1,0,0
0,Long_Term,7,23,3,0,1,83.0,0.0,1,0,0,1
0,Early_Return,6,2,1,0,1,2135.5,0.0,0,1,0,0
0,Early_Return,7,8,5,1,1,1490.3333333333333,0.0,1,0,1,0
0,Early_Return,12,23,0,0,0,1169.25,0.0,1,0,0,0
0,Early_Return,12,28,0,0,0,953.4,0.0,1,0,1,0
0,Full_Day,7,27,5,1,1,966.8,0.0,0,0,0,0
0,Full_Day,6,56,2,0,1,216.2,0.0,1,0,0,0
0,Full_Day,6,33,3,0,1,485.4906,0.0,1,1,0,0
0,Early_Return,7,13,3,0,1,287.0,0.0,1,0,0,0
0,Early_Return,12,53,6,1,0,236.5,0.0,1,0,0,1
0,Overnight,13,13,2,0,0,210.0,0.0,1,1,0,0
0,Full_Day,7,1,1,0,1,485.4906,1.0,1,0,0,0
0,Early_Return,12,53,2,0,0,338.0,0.0,1,1,0,0
0,Overnight,13,2,6,1,0,208.5,0.0,1,1,0,0
0,Full_Day,12,17,3,0,0,609.0,1.0,1,0,0,0
0,Early_Return,7,30,5,1,1,535.75,1.0,1,0,0,1
0,Full_Day,7,3,6,1,1,462.0,1.0,1,0,1,0
1,Overnight,6,40,0,0,1,451.6,1.0,1,0,1,0
0,Full_Day,7,17,0,0,1,485.4906,2.0,1,0,1,0
0,Full_Day,7,21,2,0,1,468.0,0.0,1,0,0,0
0,Early_Return,12,39,4,0,0,365.0,0.0,1,0,0,0
0,Early_Return,7,36,0,0,1,264.0,0.0,1,0,1,0
0,Full_Day,6,58,6,1,1,242.25,0.0,1,1,0,0
0,Overnight,7,12,2,0,1,273.6,0.0,1,0,1,0
0,Early_Return,13,40,3,0,0,397.0,1.0,1,0,0,0
0,Overnight,7,5,6,1,1,371.6,1.0,1,0,0,0
0,Early_Return,13,20,5,1,0,558.0,2.0,1,1,0,0
1,Early_Return,6,49,4,0,1,554.2,2.0,1,1,0,0
1,Overnight,6,51,1,0,1,506.4,2.0,1,0,0,1
0,Early_Return,12,41,5,1,0,485.4906,3.0,1,0,1,0
0,Full_Day,12,36,0,0,0,91.0,0.0,1,0,0,0
0,Early_Return,12,30,1,0,0,196.0,0.0,1,0,0,0
0,Early_Return,13,24,2,0,0,177.0,0.0,1,0,1,0
0,Full_Day,6,55,5,1,1,184.5,0.0,1,1,0,0
0,Early_Return,6,59,0,0,1,227.8,0.0,1,1,0,0
0,Overnight,6,47,3,0,1,232.4,0.0,1,0,0,1
0,Early_Return,6,4,1,0,1,397.2,1.0,1,0,1,0
0,Full_Day,12,45,1,0,0,407.6,1.0,1,0,0,0
0,Full_Day,12,27,1,0,0,464.8,1.0,1,0,0,0
0,Full_Day,11,55,1,0,1,433.0,1.0,1,0,0,0
0,Early_Return,12,50,2,0,0,506.2,1.0,1,0,0,0
1,Full_Day,7,29,1,0,1,297.2,1.0,1,0,1,0
1,Full_Day,7,15,3,0,1,318.2,1.0,1,0,0,0
0,Early_Return,12,30,6,1,0,485.4906,1.0,1,0,1,0
0,Early_Return,12,41,2,0,0,67.0,0.0,1,0,0,0
0,Early_Return,12,35,3,0,0,123.5,0.0,1,0,1,0
0,Long_Term,7,59,3,0,1,142.0,0.0,1,0,1,0
1,Full_Day,7,4,0,0,1,871.0,0.0,1,0,0,0
1,Full_Day,11,59,1,0,1,746.2,0.0,1,1,0,0
0,Full_Day,6,55,3,0,1,485.4906,0.0,1,0,0,0
0,Full_Day,7,28,4,0,1,360.0,0.0,1,1,0,0
0,Full_Day,12,55,1,0,0,438.0,0.0,1,1,0,0
0,Long_Term,13,7,3,0,0,440.3333333333333,0.0,1,1,0,0
0,Early_Return,11,22,5,1,1,485.4906,0.0,1,0,0,1
0,Early_Return,12,56,0,0,0,89.0,0.0,1,1,0,0
0,Full_Day,7,2,6,1,1,106.0,0.0,1,0,0,0
0,Full_Day,5,40,4,0,1,195.0,0.0,1,1,0,0
0,Full_Day,6,50,5,1,1,260.5,0.0,1,0,0,1
0,Early_Return,7,11,4,0,1,284.8,0.0,1,1,0,0
0,Early_Return,6,13,2,0,1,308.6,0.0,1,0,1,0
1,Early_Return,6,37,0,0,1,302.0,0.0,1,1,0,0
1,Early_Return,12,21,5,1,0,263.4,0.0,1,0,0,0
1,Early_Return,12,40,0,0,0,199.2,0.0,1,1,0,0
1,Early_Return,6,37,4,0,1,159.4,0.0,1,0,1,0
0,Early_Return,8,13,4,0,1,485.4906,0.0,1,0,0,1
0,Full_Day,6,54,6,1,1,113.0,0.0,1,0,1,0
0,Long_Term,12,33,4,0,0,290.0,0.0,1,0,1,0
0,Full_Day,12,57,2,0,0,1346.3333333333333,0.0,1,0,0,0
0,Early_Return,6,48,2,0,1,1082.5,0.0,1,0,0,0
0,Full_Day,12,45,6,1,0,888.0,0.0,1,0,1,0
0,Full_Day,7,17,5,1,1,929.6,0.0,1,1,0,0
1,Long_Term,6,13,3,0,1,926.8,0.0,1,1,0,0
0,Full_Day,6,41,0,0,1,485.4906,0.0,1,0,0,0
0,Full_Day,12,30,5,1,0,531.0,0.0,1,0,0,0
0,Long_Term,6,10,0,0,1,486.0,0.0,1,1,0,0
0,Full_Day,12,46,2,0,0,1501.3333333333333,0.0,1,0,1,0
0,Early_Return,6,16,6,1,1,1257.0,0.0,1,0,1,0
0,Overnight,6,6,2,0,1,1034.0,0.0,1,1,0,0
0,Early_Return,7,16,6,1,1,1164.8,1.0,1,0,0,0
0,Early_Return,7,8,3,0,1,1109.2,1.0,1,0,0,0
0,Full_Day,7,8,3,0,1,423.2,1.0,1,1,0,0
1,Early_Return,6,31,4,0,1,408.6,1.0,1,1,0,0
1,Overnight,6,39,4,0,1,411.6,1.0,1,0,0,0
0,Full_Day,7,19,2,0,1,485.4906,2.0,1,1,0,0
0,Overnight,12,46,1,0,0,427.0,0.0,1,1,0,0
0,Long_Term,12,10,0,0,0,711.5,1.0,1,0,0,0
0,Overnight,6,31,4,0,1,1435.6666666666667,1.0,1,0,0,0
0,Early_Return,7,0,4,0,1,1423.25,2.0,1,1,0,0
0,Overnight,12,48,1,0,0,1153.6,2.0,1,0,1,0
0,Early_Return,12,55,6,1,0,1349.4,3.0,1,1,0,0
1,Early_Return,11,51,0,0,1,1189.0,3.0,1,0,0,1
0,Full_Day,12,41,4,0,0,485.4906,3.0,1,1,0,0
0,Full_Day,7,51,4,0,1,403.0,0.0,1,0,1,0
0,Overnight,12,59,0,0,0,395.5,0.0,1,0,1,0
0,Early_Return,7,48,1,0,1,661.3333333333334,1.0,1,0,1,0
0,Early_Return,6,32,3,0,1,544.0,1.0,1,0,0,1
1,Early_Return,7,28,3,0,1,456.2,1.0,1,0,0,0
0,Early_Return,7,20,5,1,1,485.4906,1.0,1,1,0,0
0,Early_Return,6,34,0,0,1,157.0,0.0,1,0,0,0
0,Full_Day,13,17,2,0,0,172.5,0.0,1,0,0,0
0,Full_Day,7,55,6,1,1,264.6666666666667,0.0,1,0,0,1
0,Early_Return,12,21,6,1,0,301.25,0.0,1,0,1,0
1,Early_Return,7,41,0,0,1,282.8,0.0,1,1,0,0
0,Early_Return,6,35,5,1,1,485.4906,0.0,1,1,0,0
0,Full_Day,12,26,2,0,0,86.0,0.0,1,0,1,0
0,Full_Day,6,47,5,1,1,298.5,0.0,1,0,0,0
0,Full_Day,6,52,6,1,1,313.3333333333333,0.0,1,1,0,0
0,Early_Return,6,53,5,1,1,349.75,0.0,1,0,0,0
0,Full_Day,6,36,0,0,1,314.2,0.0,1,0,1,0
0,Long_Term,7,14,5,1,1,356.8,0.0,1,0,0,0
0,Full_Day,6,32,5,1,1,485.4906,0.0,1,0,1,0
0,Full_Day,12,32,5,1,0,342.0,0.0,1,0,1,0
0,Full_Day,7,1,0,0,1,328.0,0.0,1,0,1,0
0,Full_Day,7,10,1,0,1,363.3333333333333,0.0,1,0,0,0
0,Full_Day,11,51,6,1,1,385.25,0.0,1,0,0,0
0,Early_Return,7,9,3,0,1,408.0,0.0,1,0,0,0
0,Early_Return,7,11,0,0,1,379.0,0.0,1,0,0,0
0,Full_Day,12,31,2,0,0,340.8,0.0,1,1,0,0
0,Overnight,13,3,0,0,0,304.0,0.0,1,0,0,1
0,Overnight,6,36,2,0,1,430.0,1.0,1,1,0,0
0,Full_Day,6,4,3,0,1,530.2,2.0,1,0,1,0
1,Full_Day,7,37,0,0,1,540.6,2.0,1,0,0,0
1,Early_Return,14,8,1,0,0,622.0,2.0,1,0,1,0
0,Full_Day,7,56,5,1,1,485.4906,2.0,1,0,0,1
0,Overnight,7,18,6,1,1,343.0,0.0,1,0,0,0
1,Long_Term,12,12,2,0,0,882.0,1.0,1,0,0,0
1,Full_Day,12,20,1,0,0,1116.6666666666667,1.0,1,0,1,0
1,Full_Day,12,52,2,0,0,940.25,1.0,1,0,0,0
0,Full_Day,7,33,4,0,1,485.4906,1.0,1,1,0,0
0,Early_Return,14,18,2,0,0,290.0,0.0,1,1,0,0
0,Full_Day,12,56,6,1,0,182.5,0.0,1,0,0,0
0,Overnight,7,19,6,1,1,225.66666666666666,0.0,1,0,0,1
0,Early_Return,6,14,2,0,1,480.75,1.0,1,0,0,1
0,Early_Return,6,44,5,1,1,412.4,1.0,1,1,0,0
0,Early_Return,5,49,0,0,1,388.8,1.0,1,0,0,0
0,Long_Term,13,14,1,0,0,394.8,1.0,1,0,0,0
0,Full_Day,13,31,6,1,0,929.6,1.0,1,0,0,0
0,Long_Term,6,4,2,0,1,763.8,1.0,1,0,1,0
0,Full_Day,7,16,4,0,1,1398.8,1.0,1,1,0,0
0,Early_Return,12,42,0,0,0,485.4906,1.0,1,0,1,0
0,Full_Day,7,28,0,0,1,168.0,0.0,1,0,0,1
0,Full_Day,7,5,1,0,1,324.5,0.0,1,1,0,0
0,Early_Return,12,17,4,0,0,311.0,0.0,1,0,1,0
0,Full_Day,14,4,0,0,0,264.0,0.0,1,1,0,0
1,Full_Day,6,57,1,0,1,300.8,0.0,1,0,0,1
0,Early_Return,7,7,5,1,1,485.4906,0.0,1,1,0,0
0,Full_Day,12,55,5,1,0,164.0,0.0,1,0,0,0
0,Full_Day,6,21,4,0,1,341.0,0.0,1,1,0,0
0,Full_Day,7,47,1,0,1,315.3333333333333,0.0,1,1,0,0
0,Full_Day,12,19,4,0,0,312.75,0.0,1,0,0,0
0,Full_Day,7,12,2,0,1,302.0,0.0,1,1,0,0
0,Early_Return,8,10,5,1,1,352.6,0.0,1,0,0,0
0,Overnight,13,15,6,1,0,264.8,0.0,1,0,1,0
0,Full_Day,7,27,4,0,1,411.4,1.0,1,0,1,0
1,Full_Day,7,54,6,1,1,451.6,1.0,1,1,0,0
0,Full_Day,6,57,5,1,1,485.4906,1.0,1,1,0,0
0,Full_Day,13,13,1,0,0,394.0,0.0,1,0,0,0
0,Full_Day,13,6,4,0,0,412.0,0.0,1,0,0,0
0,Full_Day,12,11,6,1,0,403.0,0.0,1,0,0,0
0,Early_Return,8,2,6,1,1,387.0,0.0,1,0,0,0
0,Early_Return,12,28,3,0,0,330.6,0.0,1,1,0,0
0,Full_Day,7,9,5,1,1,277.8,0.0,1,0,0,1
0,Full_Day,7,52,5,1,1,285.4,0.0,1,0,1,0
0,Long_Term,12,30,5,1,0,304.6,0.0,1,0,0,0
0,Early_Return,6,34,6,1,1,835.0,0.0,1,0,0,0
0,Early_Return,7,30,5,1,1,836.4,0.0,1,0,1,0
0,Full_Day,6,17,1,0,1,837.8,0.0,1,0,0,0
0,Full_Day,6,17,6,1,1,826.0,0.0,1,0,1,0
1,Early_Return,7,10,2,0,1,798.4,0.0,1,0,0,0
0,Early_Return,7,36,4,0,1,485.4906,0.0,1,0,0,0
0,Early_Return,12,44,2,0,0,170.0,0.0,1,0,0,0
0,Full_Day,13,10,2,0,0,130.5,0.0,1,0,0,1
0,Full_Day,12,0,0,0,0,261.0,0.0,1,0,0,1
1,Early_Return,5,47,1,0,1,286.25,0.0,1,0,0,0
1,Full_Day,6,58,4,0,1,257.0,0.0,1,0,0,0
1,Full_Day,7,13,0,0,1,313.6,0.0,1,0,0,0
0,Full_Day,12,3,5,1,0,485.4906,0.0,1,0,0,0
0,Full_Day,6,40,2,0,1,359.0,0.0,1,1,0,0
0,Full_Day,6,35,6,1,1,373.0,0.0,1,0,0,0
0,Early_Return,7,11,6,1,1,396.0,0.0,1,0,1,0
0,Early_Return,6,59,6,1,1,320.75,0.0,1,0,1,0
0,Long_Term,12,59,4,0,0,286.6,0.0,1,0,0,0
0,Long_Term,7,23,6,1,1,562.6,0.0,1,1,0,0
0,Full_Day,6,44,6,1,1,485.4906,0.0,1,0,0,0
0,Early_Return,6,58,0,0,1,380.0,0.0,1,0,0,0
0,Full_Day,6,37,1,0,1,279.0,0.0,1,1,0,0
0,Early_Return,6,55,2,0,1,315.6666666666667,0.0,0,0,1,0
0,Early_Return,7,4,6,1,1,280.0,0.0,1,0,1,0
0,Early_Return,13,12,2,0,0,238.6,0.0,1,0,0,0
0,Full_Day,7,21,3,0,1,200.8,0.0,1,0,0,0
0,Early_Return,13,2,5,1,0,261.8,0.0,1,0,0,0
0,Overnight,12,42,2,0,0,224.0,0.0,1,0,1,0
1,Early_Return,7,3,6,1,1,445.0,1.0,1,0,0,0
0,Early_Return,12,2,6,1,0,485.4906,1.0,1,0,1,0
0,Early_Return,6,30,6,1,1,153.0,0.0,1,0,0,0
0,Overnight,13,14,1,0,0,171.5,0.0,1,0,1,0
0,Early_Return,7,10,6,1,1,489.0,1.0,1,1,0,0
0,Full_Day,6,58,5,1,1,391.25,1.0,1,1,0,0
0,Overnight,7,28,6,1,1,409.6,1.0,1,0,0,0
0,Full_Day,11,39,6,1,1,650.0,2.0,1,0,1,0
0,Full_Day,12,55,0,0,0,695.4,2.0,1,0,1,0
1,Overnight,7,4,1,0,1,570.2,2.0,1,0,0,0
1,Early_Return,7,7,6,1,1,735.4,3.0,1,1,0,0
1,Early_Return,6,29,3,0,1,674.8,3.0,1,0,1,0
0,Full_Day,8,32,3,0,1,485.4906,3.0,1,0,0,0
0,Early_Return,7,26,2,0,1,478.0,0.0,1,1,0,0
0,Full_Day,7,29,1,0,1,282.5,0.0,1,1,0,0
0,Overnight,13,38,0,0,0,311.0,0.0,1,1,0,0
0,Early_Return,6,16,2,0,1,591.5,1.0,1,0,0,0
1,Early_Return,12,52,0,0,0,513.8,1.0,1,1,0,0
0,Full_Day,7,28,3,0,1,485.4906,1.0,1,1,0,0
0,Early_Return,7,38,0,0,1,275.0,0.0,1,0,0,0
0,Full_Day,6,40,0,0,1,234.5,0.0,1,1,0,0
0,Early_Return,6,55,3,0,1,294.0,0.0,1,0,0,1
1,Early_Return,6,54,2,0,1,256.0,0.0,1,0,1,0
0,Long_Term,6,55,5,1,1,485.4906,0.0,1,0,0,0
0,Early_Return,12,21,1,0,0,3092.0,0.0,1,1,0,0
0,Full_Day,12,11,2,0,0,1638.5,0.0,1,0,0,0
0,Early_Return,6,52,3,0,1,1218.3333333333333,0.0,1,0,0,1
0,Overnight,12,38,1,0,0,954.5,0.0,1,1,0,0
0,Early_Return,6,57,4,0,1,947.4,1.0,1,0,0,1
0,Overnight,8,8,6,1,1,354.2,1.0,0,0,0,0
0,Overnight,12,20,6,1,0,597.8,2.0,1,0,0,0
0,Full_Day,7,43,0,0,1,772.4,3.0,1,0,0,0
0,Overnight,12,14,2,0,0,822.8,3.0,1,0,1,0
1,Early_Return,12,35,4,0,0,871.8,4.0,1,1,0,0
0,Full_Day,6,50,3,0,1,485.4906,4.0,1,0,0,1
0,Full_Day,12,31,0,0,0,342.0,0.0,1,0,0,0
0,Long_Term,6,51,2,0,1,293.5,0.0,1,0,0,0
0,Early_Return,7,43,0,0,1,1049.3333333333333,0.0,1,0,0,0
0,Full_Day,6,47,2,0,1,812.25,0.0,1,0,0,0
0,Early_Return,6,17,6,1,1,736.4,0.0,1,1,0,0
0,Early_Return,6,18,0,0,1,699.0,0.0,1,0,0,0
0,Full_Day,6,53,0,0,1,690.4,0.0,1,0,0,0
0,Overnight,12,47,2,0,0,264.6,0.0,1,0,0,0
0,Full_Day,7,20,1,0,1,406.6,1.0,1,1,0,0
1,Full_Day,6,43,1,0,1,417.2,1.0,1,0,1,0
0,Early_Return,13,39,5,1,0,485.4906,1.0,1,0,0,0
0,Full_Day,13,2,4,0,0,106.0,0.0,1,0,0,0
0,Early_Return,7,6,2,0,1,307.5,0.0,1,0,0,1
0,Early_Return,13,10,5,1,0,226.66666666666666,0.0,1,0,1,0
0,Full_Day,13,17,2,0,0,194.25,0.0,1,0,1,0
0,Full_Day,7,53,5,1,1,226.6,0.0,1,0,0,0
0,Early_Return,11,52,5,1,1,302.2,0.0,1,1,0,0
0,Full_Day,13,12,5,1,0,223.6,0.0,1,0,0,0
0,Full_Day,13,14,4,0,0,485.4906,0.0,1,1,0,0
0,Full_Day,7,57,2,0,1,402.0,0.0,1,1,0,0
0,Full_Day,7,4,2,0,1,376.0,0.0,1,0,1,0
0,Early_Return,13,2,5,1,0,383.6666666666667,0.0,1,0,0,0
0,Full_Day,7,2,1,0,1,305.0,0.0,1,0,0,0
0,Full_Day,6,59,2,0,1,312.6,0.0,1,1,0,0
0,Overnight,8,11,3,0,1,312.4,0.0,1,0,1,0
0,Overnight,7,58,5,1,1,430.2,1.0,1,0,0,0
0,Full_Day,6,42,1,0,1,624.0,2.0,1,1,0,0
0,Full_Day,7,52,4,0,1,712.8,2.0,1,0,0,0
1,Full_Day,12,39,1,0,0,746.4,2.0,1,1,0,0
0,Full_Day,7,15,0,0,1,485.4906,2.0,1,0,1,0
0,Full_Day,6,47,2,0,1,523.0,0.0,1,1,0,0
0,Full_Day,13,5,0,0,0,409.0,0.0,1,1,0,0
0,Full_Day,6,48,0,0,1,419.3333333333333,0.0,1,0,0,0
0,Full_Day,7,15,2,0,1,448.0,0.0,1,0,0,0
0,Early_Return,6,36,3,0,1,426.0,0.0,1,1,0,0
0,Overnight,7,54,5,1,1,358.4,0.0,1,0,1,0
1,Full_Day,13,17,0,0,0,486.6,1.0,1,1,0,0
1,Early_Return,6,27,2,0,1,455.0,1.0,1,0,0,0
0,Early_Return,13,35,5,1,0,485.4906,1.0,1,1,0,0
0,Overnight,12,29,6,1,0,123.0,0.0,1,0,0,0
0,Early_Return,7,3,1,0,1,778.5,1.0,1,0,0,0
0,Full_Day,6,23,4,0,1,557.3333333333334,1.0,1,0,0,0
0,Early_Return,6,59,6,1,1,506.5,1.0,1,0,0,1
0,Full_Day,6,28,4,0,1,438.4,1.0,1,0,1,0
0,Overnight,7,5,4,0,1,492.6,1.0,1,0,0,1
0,Full_Day,13,5,5,1,0,442.6,2.0,1,0,0,0
0,Long_Term,7,26,4,0,1,509.2,2.0,1,0,0,0
0,Full_Day,6,11,4,0,1,882.6,2.0,1,1,0,0
1,Full_Day,7,40,3,0,1,914.6,2.0,1,1,0,0
0,Overnight,12,17,6,1,0,485.4906,2.0,1,0,0,0
0,Full_Day,6,24,1,0,1,1263.0,1.0,1,0,0,0
0,Full_Day,13,17,0,0,0,877.5,1.0,1,0,0,0
0,Full_Day,7,38,0,0,1,707.3333333333334,1.0,1,0,1,0
0,Overnight,13,9,0,0,0,612.25,1.0,1,1,0,0
0,Overnight,12,51,2,0,0,679.2,2.0,1,0,0,1
0,Full_Day,6,57,3,0,1,641.4,3.0,1,1,0,0
0,Full_Day,12,18,3,0,0,615.8,3.0,1,0,0,0
0,Full_Day,7,6,3,0,1,613.8,3.0,1,0,0,0
0,Long_Term,13,32,3,0,0,619.8,3.0,1,1,0,0
1,Full_Day,12,32,0,0,0,1106.6,3.0,1,0,0,0
0,Full_Day,6,34,5,1,1,485.4906,3.0,1,1,0,0
0,Overnight,6,58,0,0,1,490.0,0.0,1,0,0,0
0,Early_Return,6,57,3,0,1,860.5,1.0,1,1,0,0
0,Full_Day,13,10,3,0,0,605.6666666666666,1.0,1,0,0,0
0,Early_Return,12,30,3,0,0,533.5,1.0,1,0,0,0
0,Long_Term,7,54,4,0,1,458.0,1.0,1,0,0,0
0,Early_Return,13,16,3,0,0,1152.4,1.0,1,0,1,0
0,Full_Day,12,57,0,0,0,485.4906,1.0,1,0,0,1
0,Early_Return,6,50,3,0,1,433.0,0.0,1,0,0,0
0,Overnight,7,19,2,0,1,317.5,0.0,1,0,0,0
0,Early_Return,12,16,6,1,0,659.3333333333334,1.0,1,0,0,0
0,Early_Return,12,34,6,1,0,531.5,1.0,1,1,0,0
1,Full_Day,12,34,4,0,0,453.0,1.0,1,0,0,0
0,Early_Return,12,5,6,1,0,485.4906,1.0,1,1,0,0
0,Early_Return,7,56,6,1,1,110.0,0.0,1,0,0,0
0,Full_Day,12,39,4,0,0,139.5,0.0,1,0,0,0
0,Early_Return,6,52,0,0,1,485.4906,0.0,1,0,0,1
0,Full_Day,12,8,0,0,0,96.0,0.0,1,0,0,0
0,Early_Return,6,15,6,1,1,210.5,0.0,1,1,0,0
0,Full_Day,6,51,5,1,1,175.66666666666666,0.0,1,0,0,0
0,Full_Day,7,22,3,0,1,234.0,0.0,1,0,0,0
1,Full_Day,13,2,1,0,0,258.0,0.0,1,0,0,0
0,Overnight,8,24,4,0,1,485.4906,0.0,1,0,1,0
0,Full_Day,12,30,1,0,0,736.0,1.0,1,0,1,0
0,Full_Day,12,33,6,1,0,558.0,1.0,1,1,0,0
0,Full_Day,12,10,1,0,0,527.3333333333334,1.0,1,0,0,1
0,Full_Day,6,20,2,0,1,479.5,1.0,1,0,1,0
0,Overnight,12,40,2,0,0,489.2,1.0,1,0,0,1
0,Full_Day,7,32,1,0,1,509.2,2.0,1,1,0,0
0,Full_Day,7,30,6,1,1,531.6,2.0,1,0,1,0
0,Early_Return,12,33,0,0,0,505.4,2.0,1,1,0,0
0,Early_Return,6,29,2,0,1,462.0,2.0,1,1,0,0
0,Overnight,6,52,0,0,1,485.4906,2.0,1,0,0,1
0,Overnight,13,47,5,1,0,807.0,1.0,1,1,0,0
0,Full_Day,12,42,5,1,0,791.0,2.0,1,0,1,0
1,Full_Day,12,36,4,0,0,620.3333333333334,2.0,1,1,0,0
1,Overnight,13,10,0,0,0,533.75,2.0,1,0,0,0
0,Early_Return,6,41,6,1,1,485.4906,3.0,1,0,0,1
0,Early_Return,7,40,5,1,1,60.0,0.0,1,1,0,0
0,Early_Return,7,44,3,0,1,85.5,0.0,1,0,0,0
1,Full_Day,7,8,0,0,1,96.0,0.0,1,0,0,0
1,Early_Return,6,56,6,1,1,172.0,0.0,1,1,0,0
1,Early_Return,6,10,1,0,1,178.0,0.0,1,1,0,0
0,Full_Day,6,56,4,0,1,485.4906,0.0,1,1,0,0
0,Early_Return,6,25,0,0,1,346.0,0.0,1,0,0,0
0,Early_Return,7,12,1,0,1,258.0,0.0,1,0,0,1
0,Full_Day,7,6,1,0,1,225.33333333333334,0.0,1,0,0,0
0,Full_Day,7,32,1,0,1,298.0,0.0,1,1,0,0
0,Full_Day,6,57,4,0,1,315.4,0.0,1,1,0,0
0,Full_Day,6,26,6,1,1,303.0,0.0,1,0,0,0
0,Full_Day,6,53,5,1,1,485.4906,0.0,1,0,0,0
0,Full_Day,6,16,1,0,1,460.0,0.0,1,0,0,0
0,Full_Day,13,7,4,0,0,487.0,0.0,1,0,0,0
0,Early_Return,6,19,0,0,1,502.0,0.0,1,0,1,0
0,Early_Return,6,22,0,0,1,423.25,0.0,1,0,1,0
0,Full_Day,6,43,1,0,1,352.2,0.0,1,0,1,0
0,Early_Return,7,59,0,0,1,347.6,0.0,1,1,0,0
0,Full_Day,12,32,0,0,0,272.4,0.0,1,0,1,0
1,Overnight,12,9,1,0,0,267.6,0.0,1,0,0,0
1,Early_Return,7,27,5,1,1,389.2,1.0,1,0,0,0
0,Full_Day,6,31,6,1,1,485.4906,1.0,1,0,0,0
0,Full_Day,7,32,1,0,1,290.0,0.0,1,1,0,0
0,Early_Return,7,12,4,0,1,379.0,0.0,1,0,0,1
0,Full_Day,12,9,1,0,0,274.6666666666667,0.0,1,0,0,0
1,Early_Return,11,50,0,0,1,310.75,0.0,1,0,0,0
1,Early_Return,6,45,0,0,1,275.8,0.0,1,0,1,0
1,Long_Term,13,10,0,0,0,235.6,0.0,1,0,0,0
0,Long_Term,6,9,4,0,1,485.4906,0.0,1,0,1,0
0,Long_Term,11,26,2,0,1,4163.0,0.0,1,0,0,1
0,Full_Day,7,26,3,0,1,2862.5,0.0,1,0,1,0
0,Early_Return,13,7,0,0,0,2004.0,0.0,1,1,0,0
0,Early_Return,13,9,0,0,0,1526.0,0.0,1,1,0,0
0,Full_Day,7,42,1,0,1,1240.2,0.0,1,0,0,1
0,Full_Day,12,35,6,1,0,485.8,0.0,1,0,0,0
1,Early_Return,11,51,2,0,1,280.2,0.0,1,0,0,1
1,Full_Day,12,5,5,1,0,263.0,0.0,1,0,1,0
1,Early_Return,6,21,5,1,1,324.6,0.0,1,1,0,0
0,Overnight,6,59,5,1,1,485.4906,0.0,1,1,0,0
0,Full_Day,13,10,1,0,0,794.0,1.0,0,1,0,0
0,Overnight,7,20,3,0,1,655.5,1.0,1,0,0,0
0,Overnight,5,56,5,1,1,759.3333333333334,2.0,1,0,0,1
0,Full_Day,6,40,6,1,1,835.75,3.0,1,0,0,0
1,Early_Return,6,45,3,0,1,733.0,3.0,1,0,0,0
0,Overnight,7,2,4,0,1,485.4906,3.0,1,1,0,0
0,Early_Return,12,25,5,1,0,1130.0,1.0,1,1,0,0
0,Early_Return,12,23,2,0,0,653.5,1.0,1,0,0,1
0,Full_Day,12,4,6,1,0,478.0,1.0,1,0,0,0
0,Early_Return,6,51,2,0,1,431.0,1.0,1,0,1,0
1,Early_Return,7,39,2,0,1,372.0,1.0,1,0,1,0
0,Full_Day,14,16,1,0,0,485.4906,1.0,1,0,0,1
0,Early_Return,7,11,5,1,1,437.0,0.0,1,0,1,0
0,Full_Day,8,3,5,1,1,265.0,0.0,1,0,0,0
0,Full_Day,12,44,3,0,0,319.6666666666667,0.0,1,1,0,0
0,Early_Return,6,43,1,0,1,364.25,0.0,1,0,0,0
0,Full_Day,7,21,6,1,1,303.8,0.0,1,0,0,0
0,Full_Day,7,13,4,0,1,301.8,0.0,1,0,1,0
0,Early_Return,12,13,2,0,0,485.4906,0.0,1,0,0,0
0,Full_Day,7,3,1,0,1,195.0,0.0,1,0,1,0
0,Full_Day,6,25,1,0,1,336.0,0.0,1,1,0,0
0,Early_Return,12,28,2,0,0,354.6666666666667,0.0,1,0,0,1
0,Full_Day,8,3,4,0,1,289.75,0.0,1,1,0,0
0,Full_Day,7,11,2,0,1,294.8,0.0,1,0,0,1
0,Full_Day,12,2,1,0,0,323.8,0.0,1,0,1,0
0,Full_Day,6,31,2,0,1,311.4,0.0,1,0,0,1
0,Early_Return,6,36,6,1,1,281.4,0.0,1,0,0,1
1,Overnight,5,58,5,1,1,290.6,0.0,0,0,1,0
0,Overnight,6,30,4,0,1,485.4906,1.0,1,0,1,0
0,Full_Day,6,21,5,1,1,1199.0,1.0,1,0,1,0
0,Full_Day,7,25,6,1,1,818.0,1.0,1,0,0,0
0,Overnight,6,47,6,1,1,639.3333333333334,1.0,1,1,0,0
0,Full_Day,6,27,3,0,1,674.25,2.0,0,1,0,0
0,Full_Day,7,27,6,1,1,602.4,2.0,1,0,1,0
0,Early_Return,6,11,0,0,1,414.0,2.0,1,1,0,0
1,Early_Return,12,51,1,0,0,362.4,2.0,1,0,0,0
1,Full_Day,8,4,1,0,1,337.8,2.0,1,0,1,0
0,Full_Day,12,23,5,1,0,485.4906,2.0,1,1,0,0
0,Early_Return,6,40,6,1,1,272.0,0.0,1,0,0,0
0,Early_Return,7,13,3,0,1,219.0,0.0,1,0,0,0
0,Early_Return,6,42,6,1,1,188.33333333333334,0.0,1,1,0,0
0,Early_Return,12,52,4,0,0,485.4906,0.0,1,0,0,0
0,Full_Day,8,33,2,0,1,79.0,0.0,1,0,0,0
0,Full_Day,6,47,1,0,1,277.5,0.0,1,0,0,1
1,Early_Return,7,10,5,1,1,335.3333333333333,0.0,1,0,0,0
0,Early_Return,12,24,5,1,0,485.4906,0.0,1,0,0,0
0,Full_Day,6,56,5,1,1,103.0,0.0,1,0,1,0
0,Full_Day,6,54,1,0,1,302.5,0.0,1,0,0,0
1,Full_Day,7,47,4,0,1,314.6666666666667,0.0,1,0,1,0
0,Full_Day,6,26,6,1,1,485.4906,0.0,1,0,0,1
0,Full_Day,6,52,3,0,1,379.0,0.0,1,0,0,0
0,Full_Day,7,19,5,1,1,404.0,0.0,0,0,1,0
0,Long_Term,7,1,1,0,1,419.0,0.0,1,0,0,0
0,Overnight,7,34,1,0,1,851.25,0.0,1,0,0,1
0,Early_Return,12,12,4,0,0,884.8,1.0,0,0,1,0
0,Full_Day,8,20,0,0,1,845.4,1.0,1,0,0,0
1,Full_Day,12,52,1,0,0,842.2,1.0,1,0,1,0
0,Early_Return,6,41,6,1,1,485.4906,1.0,1,0,0,0
0,Full_Day,6,38,2,0,1,139.0,0.0,1,1,0,0
0,Full_Day,7,10,2,0,1,242.5,0.0,1,0,1,0
0,Early_Return,7,10,5,1,1,279.0,0.0,1,0,1,0
0,Full_Day,6,54,3,0,1,227.25,0.0,1,0,0,0
0,Full_Day,12,47,5,1,0,260.0,0.0,1,1,0,0
0,Full_Day,6,51,3,0,1,333.8,0.0,1,1,0,0
0,Long_Term,7,17,2,0,1,485.4906,0.0,1,0,0,0
0,Overnight,6,53,0,0,1,3572.0,0.0,1,0,1,0
0,Full_Day,7,2,1,0,1,2209.5,1.0,1,0,0,1
0,Early_Return,11,35,1,0,1,1638.3333333333333,1.0,1,0,1,0
0,Full_Day,13,34,6,1,0,1274.25,1.0,1,1,0,0
0,Full_Day,7,0,6,1,1,1109.4,1.0,1,1,0,0
0,Long_Term,11,52,6,1,1,494.4,1.0,1,1,0,0
0,Full_Day,7,1,1,0,1,1140.8,1.0,1,1,0,0
0,Full_Day,13,2,5,1,0,1103.0,1.0,1,0,0,0
0,Overnight,12,25,2,0,0,485.4906,1.0,1,0,0,1
0,Full_Day,6,18,3,0,1,1076.0,1.0,1,1,0,0
0,Early_Return,7,28,2,0,1,658.0,1.0,1,0,0,0
1,Overnight,12,42,4,0,0,474.0,1.0,1,0,1,0
0,Long_Term,7,31,4,0,1,485.4906,2.0,1,0,0,0
0,Full_Day,12,14,4,0,0,3417.0,0.0,1,0,1,0
0,Early_Return,7,48,3,0,1,1857.0,0.0,1,0,1,0
0,Overnight,8,0,3,0,1,1260.6666666666667,0.0,1,0,0,1
0,Full_Day,7,50,4,0,1,1302.75,1.0,1,0,0,1
0,Full_Day,13,3,5,1,0,1130.8,1.0,1,0,0,0
1,Full_Day,13,0,6,1,0,498.2,1.0,1,1,0,0
0,Full_Day,6,35,1,0,1,485.4906,1.0,1,0,1,0
0,Early_Return,6,54,3,0,1,515.0,0.0,1,0,0,0
0,Long_Term,6,44,5,1,1,325.0,0.0,1,0,0,0
0,Full_Day,7,25,0,0,1,1398.6666666666667,0.0,1,1,0,0
0,Overnight,6,17,6,1,1,1154.0,0.0,1,0,0,0
0,Full_Day,7,18,6,1,1,1133.0,1.0,1,0,0,0
1,Full_Day,6,23,4,0,1,1085.4,1.0,1,0,0,0
1,Full_Day,6,50,0,0,1,1142.0,1.0,1,0,0,0
0,Full_Day,7,12,5,1,1,485.4906,1.0,1,0,0,1
0,Full_Day,12,40,5,1,0,384.0,0.0,1,0,0,0
0,Long_Term,6,25,0,0,1,338.5,0.0,1,1,0,0
0,Full_Day,12,43,6,1,0,1107.3333333333333,0.0,1,0,0,0
0,Early_Return,6,48,2,0,1,942.0,0.0,1,0,0,1
0,Early_Return,6,42,3,0,1,785.6,0.0,1,0,0,1
0,Full_Day,7,16,6,1,1,731.0,0.0,1,1,0,0
1,Full_Day,13,23,0,0,0,728.0,0.0,1,1,0,0
1,Early_Return,13,21,4,0,0,257.8,0.0,1,1,0,0
0,Overnight,7,31,6,1,1,485.4906,0.0,1,1,0,0
0,Early_Return,6,35,2,0,1,767.0,1.0,1,0,0,0
0,Full_Day,6,43,5,1,1,432.5,1.0,1,1,0,0
0,Full_Day,7,3,3,0,1,394.3333333333333,1.0,1,1,0,0
0,Full_Day,12,44,6,1,0,371.0,1.0,1,0,0,0
0,Full_Day,6,56,4,0,1,392.8,1.0,1,0,0,1
0,Long_Term,12,48,2,0,0,346.0,1.0,1,1,0,0
0,Long_Term,7,32,3,0,1,677.0,1.0,1,0,1,0
0,Early_Return,13,40,4,0,0,1021.4,1.0,1,0,1,0
0,Long_Term,5,48,0,0,1,983.0,1.0,1,1,0,0
0,Full_Day,12,26,6,1,0,1297.6,1.0,1,0,0,0
0,Full_Day,11,31,1,0,1,1263.0,1.0,1,1,0,0
0,Full_Day,6,40,5,1,1,1005.0,1.0,1,0,1,0
1,Overnight,6,7,4,0,1,692.6,1.0,1,0,0,0
1,Early_Return,7,30,5,1,1,894.0,2.0,1,1,0,0
0,Full_Day,12,47,3,0,0,485.4906,2.0,1,0,0,0
0,Early_Return,7,45,3,0,1,350.0,0.0,1,1,0,0
0,Full_Day,12,17,6,1,0,271.0,0.0,1,0,0,0
0,Early_Return,6,37,4,0,1,338.6666666666667,0.0,1,1,0,0
0,Overnight,6,56,5,1,1,278.75,0.0,1,0,0,0
0,Early_Return,7,19,6,1,1,417.6,1.0,1,1,0,0
0,Full_Day,7,21,4,0,1,485.4906,1.0,1,0,0,1
0,Early_Return,12,56,4,0,0,369.0,0.0,1,1,0,0
0,Full_Day,7,0,0,0,1,215.5,0.0,1,0,1,0
0,Full_Day,12,43,0,0,0,275.3333333333333,0.0,1,0,1,0
0,Full_Day,6,29,5,1,1,307.5,0.0,1,0,1,0
0,Early_Return,7,37,5,1,1,328.8,0.0,1,0,0,0
0,Overnight,7,36,0,0,1,278.6,0.0,1,1,0,0
0,Early_Return,12,43,0,0,0,500.0,1.0,1,0,0,0
0,Full_Day,6,47,3,0,1,443.8,1.0,1,0,1,0
1,Early_Return,7,39,1,0,1,427.4,1.0,1,1,0,0
0,Early_Return,12,43,5,1,0,485.4906,1.0,1,0,0,0
0,Full_Day,11,55,0,0,1,170.0,0.0,1,0,0,0
0,Overnight,12,30,1,0,0,261.0,0.0,1,0,1,0
0,Full_Day,7,33,5,1,1,484.0,1.0,1,1,0,0
0,Long_Term,7,40,1,0,1,423.25,1.0,1,0,0,0
0,Full_Day,5,54,6,1,1,939.0,1.0,1,0,0,1
0,Full_Day,6,51,6,1,1,979.4,1.0,1,0,0,0
1,Full_Day,8,6,6,1,1,1004.6,1.0,1,0,0,0
0,Full_Day,6,28,3,0,1,485.4906,1.0,1,0,0,0
0,Early_Return,12,25,2,0,0,322.0,0.0,1,0,0,0
0,Full_Day,12,22,0,0,0,202.0,0.0,1,0,1,0
0,Early_Return,6,59,6,1,1,274.6666666666667,0.0,1,1,0,0
1,Early_Return,13,22,4,0,0,229.75,0.0,1,0,0,1
0,Overnight,12,2,1,0,0,485.4906,0.0,1,0,0,1
0,Full_Day,13,18,1,0,0,908.0,1.0,1,1,0,0
0,Early_Return,6,57,5,1,1,692.0,1.0,1,0,0,0
0,Long_Term,13,24,2,0,0,529.6666666666666,1.0,1,0,1,0
0,Early_Return,7,7,6,1,1,1246.25,1.0,1,1,0,0
0,Full_Day,6,8,3,0,1,1016.0,1.0,1,0,0,0
0,Early_Return,6,50,6,1,1,886.2,1.0,1,0,1,0
0,Full_Day,6,30,3,0,1,830.4,1.0,1,1,0,0
1,Long_Term,13,1,0,0,0,896.6,1.0,1,0,1,0
1,Full_Day,6,57,3,0,1,977.0,1.0,1,0,1,0
0,Early_Return,12,8,4,0,0,485.4906,1.0,1,0,1,0
0,Early_Return,6,30,0,0,1,103.0,0.0,0,1,0,0
1,Early_Return,12,43,5,1,0,144.5,0.0,1,0,1,0
0,Early_Return,6,24,4,0,1,485.4906,0.0,1,0,0,1
0,Full_Day,6,54,6,1,1,153.0,0.0,1,0,0,0
0,Full_Day,6,8,6,1,1,315.5,0.0,1,0,0,1
0,Full_Day,12,36,6,1,0,364.0,0.0,1,0,0,0
0,Full_Day,7,34,0,0,1,333.5,0.0,1,0,1,0
1,Full_Day,7,19,3,0,1,317.4,0.0,1,0,1,0
0,Early_Return,7,4,4,0,1,485.4906,0.0,1,0,0,0
0,Full_Day,13,23,1,0,0,173.0,0.0,1,0,0,1
0,Early_Return,6,37,6,1,1,234.5,0.0,1,0,1,0
1,Early_Return,12,32,6,1,0,209.33333333333334,0.0,1,0,0,0
1,Long_Term,6,44,1,0,1,177.25,0.0,1,0,1,0
0,Overnight,6,59,4,0,1,485.4906,0.0,1,0,0,0
0,Full_Day,7,10,5,1,1,897.0,1.0,1,1,0,0
0,Early_Return,6,36,3,0,1,674.5,1.0,1,1,0,0
0,Early_Return,6,50,4,0,1,480.0,1.0,1,0,0,0
0,Early_Return,6,47,6,1,1,386.25,1.0,1,1,0,0
1,Early_Return,12,50,0,0,0,331.8,1.0,1,1,0,0
0,Early_Return,13,4,6,1,0,485.4906,1.0,1,0,0,0
0,Early_Return,7,11,6,1,1,140.0,0.0,1,0,1,0
1,Full_Day,6,24,0,0,1,154.0,0.0,1,0,0,0
1,Overnight,6,20,5,1,1,232.33333333333334,0.0,1,0,1,0
1,Full_Day,7,20,3,0,1,432.0,1.0,1,1,0,0
0,Full_Day,12,59,2,0,0,485.4906,1.0,1,0,0,0
0,Early_Return,12,26,0,0,0,516.0,0.0,1,0,0,0
0,Full_Day,7,0,3,0,1,359.5,0.0,1,1,0,0
0,Early_Return,12,58,0,0,0,327.6666666666667,0.0,1,0,0,0
0,Overnight,13,13,6,1,0,267.0,0.0,1,1,0,0
0,Early_Return,6,51,2,0,1,468.0,1.0,1,0,0,0
0,Overnight,7,10,3,0,1,398.8,1.0,1,1,0,0
1,Early_Return,13,13,3,0,0,615.0,2.0,1,0,0,0
0,Full_Day,7,5,2,0,1,485.4906,2.0,1,0,0,0
0,Early_Return,6,42,3,0,1,322.0,0.0,1,0,1,0
0,Full_Day,6,38,4,0,1,256.0,0.0,1,0,0,0
1,Full_Day,12,25,5,1,0,281.3333333333333,0.0,1,1,0,0
1,Early_Return,7,27,3,0,1,342.0,0.0,1,0,0,0
0,Overnight,12,2,5,1,0,485.4906,0.0,1,0,0,0
0,Full_Day,6,29,5,1,1,781.0,1.0,1,0,1,0
0,Full_Day,6,57,2,0,1,542.5,1.0,1,0,0,0
0,Full_Day,12,42,4,0,0,462.3333333333333,1.0,1,1,0,0
0,Early_Return,7,37,4,0,1,449.5,1.0,1,0,0,0
0,Early_Return,7,39,3,0,1,376.8,1.0,1,0,0,0
0,Long_Term,6,24,5,1,1,254.0,1.0,1,1,0,0
0,Full_Day,6,53,6,1,1,485.4906,1.0,1,0,1,0
0,Early_Return,6,41,0,0,1,440.0,0.0,1,1,0,0
0,Early_Return,6,54,5,1,1,259.0,0.0,1,0,1,0
0,Early_Return,12,20,5,1,0,238.33333333333334,0.0,1,0,1,0
0,Early_Return,7,32,6,1,1,199.0,0.0,1,1,0,0
0,Full_Day,6,41,1,0,1,182.4,0.0,1,0,1,0
0,Full_Day,6,53,3,0,1,142.4,0.0,1,0,0,0
0,Early_Return,6,51,1,0,1,485.4906,0.0,1,0,0,0
0,Full_Day,13,28,0,0,0,205.0,0.0,1,0,0,0
0,Overnight,6,42,6,1,1,259.0,0.0,1,0,0,0
0,Early_Return,13,9,3,0,0,589.3333333333334,1.0,1,1,0,0
0,Early_Return,11,51,1,0,1,480.5,1.0,1,1,0,0
0,Overnight,7,28,0,0,1,405.2,1.0,1,0,0,1
0,Full_Day,7,15,5,1,1,485.4906,2.0,1,0,0,0
0,Full_Day,6,54,2,0,1,538.0,0.0,1,0,0,0
0,Full_Day,7,12,5,1,1,407.5,0.0,1,0,0,1
0,Full_Day,7,9,3,0,1,393.3333333333333,0.0,1,1,0,0
0,Full_Day,6,23,0,0,1,415.5,0.0,1,0,0,0
0,Full_Day,7,18,3,0,1,401.6,0.0,0,0,1,0
0,Overnight,7,1,6,1,1,373.4,0.0,1,0,0,0
1,Early_Return,12,51,3,0,0,521.0,1.0,1,0,0,0
1,Long_Term,13,34,0,0,0,487.6,1.0,1,0,0,1
0,Full_Day,5,30,0,0,1,485.4906,1.0,1,0,0,1
0,Early_Return,7,29,6,1,1,306.0,0.0,1,0,0,0
0,Early_Return,12,50,1,0,0,237.0,0.0,0,1,0,0
0,Early_Return,12,23,4,0,0,191.33333333333334,0.0,1,0,0,0
0,Full_Day,6,49,4,0,1,162.25,0.0,1,1,0,0
0,Full_Day,6,16,1,0,1,225.6,0.0,1,0,1,0
0,Full_Day,6,10,5,1,1,240.0,0.0,1,1,0,0
1,Full_Day,7,16,4,0,1,258.6,0.0,1,1,0,0
1,Early_Return,12,27,5,1,0,325.0,0.0,1,1,0,0
1,Overnight,13,11,1,0,0,329.2,0.0,1,0,0,0
0,Full_Day,12,55,0,0,0,485.4906,1.0,1,0,0,0
0,Overnight,7,2,2,0,1,379.0,0.0,1,1,0,0
0,Full_Day,6,32,2,0,1,794.0,1.0,1,1,0,0
0,Early_Return,13,49,3,0,0,688.0,1.0,1,0,1,0
0,Early_Return,7,58,3,0,1,568.25,1.0,1,0,0,0
0,Overnight,7,0,5,1,1,484.6,1.0,1,0,0,0
0,Full_Day,7,1,0,0,1,557.8,2.0,1,0,0,0
1,Early_Return,6,10,1,0,1,384.4,2.0,1,0,0,0
1,Early_Return,12,12,2,0,0,317.2,2.0,1,1,0,0
0,Early_Return,6,35,0,0,1,485.4906,2.0,1,0,0,1
0,Early_Return,13,8,5,1,0,107.0,0.0,1,0,0,0
0,Full_Day,12,56,3,0,0,136.5,0.0,1,0,0,0
0,Early_Return,12,10,2,0,0,264.3333333333333,0.0,1,0,0,0
1,Early_Return,6,7,3,0,1,226.75,0.0,1,0,1,0
1,Full_Day,6,58,3,0,1,210.8,0.0,1,0,1,0
0,Full_Day,12,21,0,0,0,485.4906,0.0,1,1,0,0
0,Full_Day,12,32,4,0,0,520.0,0.0,1,0,0,0
0,Full_Day,12,14,1,0,0,529.0,0.0,1,1,0,0
0,Full_Day,6,40,3,0,1,478.0,0.0,1,0,0,0
0,Overnight,12,22,5,1,0,420.5,0.0,1,0,1,0
0,Early_Return,6,20,6,1,1,519.8,1.0,1,0,1,0
0,Full_Day,6,25,1,0,1,447.6,1.0,1,0,0,1
0,Early_Return,6,57,3,0,1,410.6,1.0,1,0,1,0
0,Early_Return,6,37,0,0,1,365.2,1.0,1,0,1,0
0,Full_Day,6,36,5,1,1,485.4906,1.0,1,0,0,0
0,Full_Day,6,47,2,0,1,362.0,0.0,1,0,0,0
0,Early_Return,13,9,5,1,0,366.0,0.0,1,0,1,0
0,Full_Day,7,51,6,1,1,271.6666666666667,0.0,1,0,0,0
0,Early_Return,6,43,4,0,1,320.5,0.0,1,1,0,0
0,Full_Day,6,27,3,0,1,284.6,0.0,1,1,0,0
0,Full_Day,6,15,1,0,1,294.8,0.0,1,0,0,0
0,Full_Day,12,28,4,0,0,276.2,0.0,1,0,0,0
0,Full_Day,7,46,0,0,1,356.4,0.0,1,0,1,0
1,Full_Day,7,34,0,0,1,314.6,0.0,1,0,1,0
0,Early_Return,7,16,4,0,1,485.4906,0.0,1,1,0,0
0,Overnight,5,52,2,0,1,152.0,0.0,1,0,1,0
0,Early_Return,12,11,0,0,0,558.0,1.0,1,1,0,0
0,Long_Term,6,17,0,0,1,395.6666666666667,1.0,1,1,0,0
0,Early_Return,6,44,5,1,1,1181.5,1.0,1,0,0,0
0,Full_Day,7,36,0,0,1,967.6,1.0,1,0,1,0
0,Full_Day,6,2,0,0,1,1036.6,1.0,1,1,0,0
0,Full_Day,6,27,0,0,1,485.4906,1.0,1,0,0,1
0,Early_Return,6,38,0,0,1,505.0,0.0,1,1,0,0
0,Full_Day,7,40,0,0,1,341.5,0.0,1,0,0,0
0,Full_Day,12,53,0,0,0,316.0,0.0,1,1,0,0
0,Early_Return,13,9,4,0,0,363.5,0.0,1,0,0,0
0,Full_Day,7,20,5,1,1,326.6,0.0,1,0,1,0
0,Long_Term,6,6,2,0,1,294.4,0.0,1,0,0,1
1,Early_Return,12,13,3,0,0,649.8,0.0,1,0,0,0
1,Full_Day,6,59,0,0,1,629.0,0.0,1,0,0,0
0,Full_Day,6,38,6,1,1,485.4906,0.0,1,0,0,0
0,Full_Day,7,4,3,0,1,341.0,0.0,1,0,1,0
1,Early_Return,12,13,2,0,0,308.0,0.0,1,0,0,0
0,Full_Day,7,34,5,1,1,485.4906,0.0,1,0,1,0
0,Long_Term,7,9,4,0,1,508.0,0.0,1,1,0,0
0,Full_Day,5,41,4,0,1,1127.0,0.0,1,1,0,0
0,Overnight,5,59,2,0,1,912.0,0.0,1,0,0,0
0,Early_Return,7,17,2,0,1,937.5,1.0,1,0,0,0
0,Early_Return,13,14,5,1,0,766.0,1.0,1,1,0,0
0,Early_Return,7,25,0,0,1,690.0,1.0,1,0,0,1
1,Full_Day,7,15,6,1,1,367.0,1.0,1,1,0,0
1,Early_Return,13,8,6,1,0,366.4,1.0,1,0,0,1
1,Early_Return,13,0,1,0,0,179.8,1.0,1,1,0,0
0,Early_Return,12,41,4,0,0,485.4906,1.0,1,0,0,0
0,Full_Day,12,48,0,0,0,131.0,0.0,1,0,1,0
0,Full_Day,12,40,0,0,0,217.5,0.0,1,1,0,0
1,Early_Return,8,7,5,1,1,307.0,0.0,1,0,0,0
1,Full_Day,7,45,1,0,1,248.0,0.0,1,0,0,0
0,Early_Return,12,26,4,0,0,485.4906,0.0,1,0,0,1
0,Early_Return,7,36,4,0,1,120.0,0.0,1,0,1,0
0,Overnight,12,42,0,0,0,116.0,0.0,1,0,1,0
0,Overnight,12,23,0,0,0,552.6666666666666,1.0,1,0,0,1
0,Early_Return,7,8,1,0,1,762.75,2.0,1,1,0,0
0,Full_Day,13,16,1,0,0,638.6,2.0,1,1,0,0
0,Full_Day,7,2,4,0,1,692.0,2.0,1,1,0,0
0,Full_Day,6,41,4,0,1,741.4,2.0,1,0,0,1
1,Full_Day,7,29,3,0,1,538.4,2.0,1,0,1,0
1,Full_Day,11,54,6,1,1,354.8,2.0,1,0,0,0
0,Long_Term,7,4,1,0,1,485.4906,2.0,1,1,0,0
0,Early_Return,7,9,5,1,1,3588.0,0.0,1,0,0,0
0,Overnight,7,35,2,0,1,1876.5,0.0,1,0,0,1
0,Early_Return,7,34,0,0,1,1698.0,1.0,1,1,0,0
0,Overnight,12,48,2,0,0,1304.25,1.0,1,0,0,0
0,Early_Return,6,49,1,0,1,1255.8,2.0,1,0,0,1
0,Full_Day,12,59,4,0,0,569.0,2.0,1,0,0,0
0,Overnight,6,46,6,1,1,631.4,2.0,1,1,0,0
1,Early_Return,6,25,1,0,1,524.6,3.0,1,1,0,0
0,Full_Day,12,51,4,0,0,485.4906,3.0,1,1,0,0
0,Early_Return,7,31,6,1,1,304.0,0.0,1,0,1,0
0,Full_Day,6,25,0,0,1,216.0,0.0,1,0,1,0
0,Long_Term,7,5,0,0,1,317.0,0.0,1,1,0,0
0,Full_Day,12,40,0,0,0,1184.0,0.0,1,0,0,1
0,Overnight,7,2,0,0,1,1015.8,0.0,1,0,0,0
0,Overnight,7,17,1,0,1,1159.0,1.0,1,1,0,0
1,Full_Day,12,9,3,0,0,1343.4,2.0,1,1,0,0
1,Early_Return,6,51,4,0,1,1293.2,2.0,1,0,0,0
0,Full_Day,13,5,1,0,0,485.4906,2.0,1,1,0,0
0,Full_Day,7,53,2,0,1,370.0,0.0,1,0,0,0
0,Full_Day,7,9,1,0,1,356.0,0.0,1,0,0,0
0,Full_Day,12,30,6,1,0,339.6666666666667,0.0,1,0,0,0
0,Full_Day,6,58,4,0,1,345.25,0.0,1,1,0,0
0,Full_Day,13,15,3,0,0,347.6,0.0,1,1,0,0
0,Full_Day,12,52,0,0,0,362.6,0.0,1,0,1,0
0,Early_Return,7,4,4,0,1,391.0,0.0,1,0,1,0
0,Full_Day,6,49,4,0,1,342.4,0.0,1,1,0,0
0,Early_Return,12,30,4,0,0,330.6,0.0,1,1,0,0
1,Full_Day,6,43,2,0,1,297.8,0.0,1,0,0,1
0,Full_Day,11,44,4,0,1,485.4906,0.0,1,0,0,0
0,Early_Return,6,51,3,0,1,501.0,0.0,1,0,1,0
0,Overnight,6,41,4,0,1,328.5,0.0,1,0,0,1
0,Full_Day,13,7,2,0,0,616.3333333333334,1.0,1,0,0,0
0,Early_Return,6,30,5,1,1,592.0,1.0,1,0,1,0
0,Early_Return,12,22,1,0,0,512.4,1.0,1,0,1,0
0,Full_Day,7,3,5,1,1,429.8,1.0,1,0,1,0
0,Early_Return,7,5,0,0,1,477.2,1.0,0,0,0,0
1,Early_Return,7,8,2,0,1,258.2,1.0,1,0,0,0
1,Full_Day,12,51,3,0,0,194.8,1.0,1,1,0,0
0,Full_Day,11,48,0,0,1,485.4906,1.0,1,0,0,0
0,Full_Day,7,30,4,0,1,381.0,0.0,1,1,0,0
0,Early_Return,6,53,6,1,1,458.0,0.0,1,0,0,1
0,Full_Day,7,46,5,1,1,326.0,0.0,1,0,0,1
1,Overnight,6,35,2,0,1,307.25,0.0,1,1,0,0
1,Full_Day,7,13,3,0,1,405.8,1.0,0,0,0,0
1,Full_Day,6,49,0,0,1,417.0,1.0,1,0,0,0
0,Full_Day,13,33,6,1,0,485.4906,1.0,1,0,1,0
0,Full_Day,12,8,2,0,0,303.0,0.0,1,0,0,1
0,Full_Day,6,54,4,0,1,309.5,0.0,1,0,0,0
0,Overnight,6,49,3,0,1,340.0,0.0,1,0,0,0
0,Full_Day,6,11,6,1,1,496.75,1.0,1,1,0,0
0,Early_Return,6,23,6,1,1,491.4,1.0,1,0,1,0
0,Overnight,6,56,0,0,1,485.4906,1.0,1,0,0,0
0,Early_Return,6,31,2,0,1,1391.0,1.0,1,1,0,0
0,Early_Return,6,6,4,0,1,737.5,1.0,1,0,0,0
0,Early_Return,13,24,0,0,0,530.0,1.0,1,0,0,0
1,Overnight,6,51,6,1,1,418.25,1.0,1,0,0,0
1,Full_Day,12,35,1,0,0,540.8,2.0,1,1,0,0
0,Early_Return,12,29,1,0,0,485.4906,2.0,1,0,0,0
0,Full_Day,5,54,2,0,1,170.0,0.0,1,0,0,0
0,Long_Term,7,29,4,0,1,329.0,0.0,1,0,0,1
0,Early_Return,12,41,1,0,0,931.6666666666666,0.0,1,0,0,0
0,Full_Day,6,49,1,0,1,730.25,0.0,1,0,1,0
0,Full_Day,7,21,6,1,1,485.4906,0.0,1,0,0,0
0,Early_Return,6,53,5,1,1,299.0,0.0,1,0,0,0
0,Full_Day,6,51,1,0,1,218.0,0.0,1,0,0,0
0,Early_Return,12,42,2,0,0,286.0,0.0,1,0,0,0
0,Early_Return,6,58,4,0,1,254.0,0.0,1,0,0,1
0,Full_Day,12,39,3,0,0,239.6,0.0,1,1,0,0
0,Early_Return,12,39,6,1,0,241.2,0.0,1,1,0,0
0,Full_Day,13,33,3,0,0,249.2,0.0,1,0,0,0
1,Full_Day,8,14,0,0,1,230.2,0.0,1,0,0,0
1,Early_Return,13,22,5,1,0,298.4,0.0,1,0,0,1
0,Early_Return,7,9,6,1,1,485.4906,0.0,1,0,0,0
0,Full_Day,14,1,4,0,0,142.0,0.0,1,1,0,0
0,Full_Day,13,33,6,1,0,259.0,0.0,1,0,0,0
0,Full_Day,6,30,0,0,1,344.3333333333333,0.0,1,0,0,0
0,Early_Return,6,35,0,0,1,363.25,0.0,1,0,0,1
0,Early_Return,12,27,4,0,0,320.4,0.0,1,0,0,0
1,Early_Return,12,2,2,0,0,316.6,0.0,1,0,0,0
1,Full_Day,13,10,1,0,0,264.6,0.0,1,1,0,0
0,Full_Day,12,52,2,0,0,485.4906,0.0,1,0,0,0
0,Full_Day,6,55,4,0,1,432.0,0.0,1,0,0,1
0,Full_Day,6,38,2,0,1,427.5,0.0,1,1,0,0
0,Overnight,6,50,2,0,1,420.0,0.0,1,0,0,0
0,Early_Return,12,5,2,0,0,596.75,1.0,1,0,0,1
1,Early_Return,7,32,4,0,1,491.4,1.0,1,0,0,1
1,Long_Term,6,40,2,0,1,440.0,1.0,1,1,0,0
0,Overnight,12,27,6,1,0,485.4906,1.0,1,0,1,0
0,Overnight,7,29,1,0,1,957.0,1.0,1,0,0,0
0,Full_Day,12,7,6,1,0,1004.5,2.0,1,0,1,0
0,Early_Return,7,21,4,0,1,818.0,2.0,1,0,0,0
0,Full_Day,13,29,1,0,0,644.0,2.0,1,1,0,0
0,Full_Day,6,34,1,0,1,607.8,2.0,1,0,1,0
0,Full_Day,7,29,3,0,1,499.4,2.0,1,0,1,0
0,Early_Return,12,9,5,1,0,356.0,2.0,1,0,0,0
0,Full_Day,13,4,6,1,0,285.0,2.0,1,0,0,1
1,Full_Day,13,4,4,0,0,351.6,2.0,1,1,0,0
1,Full_Day,7,32,5,1,1,337.6,2.0,1,0,0,1
0,Full_Day,13,11,1,0,0,485.4906,2.0,1,0,1,0
0,Early_Return,7,7,3,0,1,312.0,0.0,1,1,0,0
0,Early_Return,7,1,6,1,1,206.5,0.0,1,0,0,0
0,Full_Day,6,0,1,0,1,178.0,0.0,1,0,0,1
0,Full_Day,12,38,2,0,0,221.0,0.0,1,1,0,0
1,Full_Day,6,45,4,0,1,264.8,0.0,1,0,0,1
1,Full_Day,6,33,1,0,1,253.0,0.0,1,0,0,0
1,Long_Term,6,50,4,0,1,282.4,0.0,1,0,1,0
0,Early_Return,7,20,4,0,1,485.4906,0.0,1,0,0,0
0,Full_Day,6,15,0,0,1,72.0,0.0,1,0,0,0
0,Full_Day,7,6,2,0,1,195.0,0.0,1,0,1,0
0,Early_Return,7,16,0,0,1,273.3333333333333,0.0,1,0,0,0
0,Early_Return,6,53,1,0,1,247.0,0.0,1,0,0,0
0,Overnight,6,24,3,0,1,220.6,0.0,1,0,0,1
0,Full_Day,7,25,5,1,1,456.6,1.0,1,0,0,0
0,Early_Return,12,50,3,0,0,475.4,1.0,1,0,0,0
0,Early_Return,7,3,4,0,1,406.8,1.0,1,1,0,0
0,Full_Day,12,32,2,0,0,485.4906,1.0,1,0,0,0
0,Full_Day,13,37,4,0,0,506.0,0.0,1,0,0,1
0,Full_Day,12,32,0,0,0,390.5,0.0,1,0,0,1
0,Full_Day,7,11,2,0,1,413.6666666666667,0.0,1,1,0,0
0,Full_Day,7,27,3,0,1,416.0,0.0,1,1,0,0
0,Overnight,12,46,0,0,0,392.4,0.0,1,0,1,0
0,Early_Return,7,39,1,0,1,522.2,1.0,1,0,0,0
0,Early_Return,7,21,6,1,1,500.2,1.0,1,0,0,1
0,Full_Day,11,48,1,0,1,446.2,1.0,1,0,0,0
1,Early_Return,6,51,3,0,1,425.6,1.0,1,0,1,0
1,Early_Return,6,50,3,0,1,397.8,1.0,1,0,0,0
0,Early_Return,7,31,4,0,1,485.4906,1.0,1,0,0,0
0,Early_Return,6,43,0,0,1,130.0,0.0,1,0,0,0
0,Full_Day,7,28,6,1,1,113.5,0.0,1,0,1,0
0,Full_Day,6,47,4,0,1,485.4906,0.0,1,0,1,0
0,Full_Day,7,19,5,1,1,449.0,0.0,1,1,0,0
0,Full_Day,7,34,4,0,1,353.5,0.0,1,0,0,0
0,Full_Day,6,24,1,0,1,322.6666666666667,0.0,1,0,0,0
0,Overnight,7,10,0,0,1,305.0,0.0,1,0,0,0
0,Full_Day,5,58,6,1,1,448.2,1.0,1,0,1,0
0,Full_Day,7,10,4,0,1,413.6,1.0,1,0,1,0
0,Overnight,6,49,1,0,1,465.0,1.0,1,0,0,0
0,Early_Return,7,17,1,0,1,576.8,2.0,1,0,0,0
0,Early_Return,6,42,1,0,1,567.0,2.0,1,0,0,0
0,Full_Day,6,30,0,0,1,398.6,2.0,1,0,0,0
1,Early_Return,11,27,5,1,1,413.2,2.0,1,0,0,0
1,Early_Return,6,44,2,0,1,331.0,2.0,1,0,0,1
1,Early_Return,12,46,3,0,0,202.6,2.0,1,1,0,0
0,Early_Return,7,22,0,0,1,485.4906,2.0,1,0,0,1
0,Full_Day,7,35,2,0,1,177.0,0.0,1,0,0,0
0,Full_Day,12,14,6,1,0,334.0,0.0,1,1,0,0
0,Early_Return,6,17,2,0,1,390.0,0.0,1,0,0,0
0,Full_Day,7,27,4,0,1,329.5,0.0,1,1,0,0
0,Early_Return,7,7,1,0,1,340.8,0.0,1,0,0,0
0,Full_Day,7,9,0,0,1,326.0,0.0,1,0,0,0
0,Early_Return,13,2,6,1,0,313.6,0.0,1,1,0,0
0,Early_Return,6,59,3,0,1,485.4906,0.0,1,0,0,1
0,Full_Day,7,40,4,0,1,106.0,0.0,1,0,0,1
1,Full_Day,6,49,5,1,1,175.0,0.0,1,1,0,0
0,Full_Day,6,41,0,0,1,485.4906,0.0,1,1,0,0
0,Full_Day,7,10,0,0,1,455.0,0.0,1,0,0,0
0,Full_Day,7,29,4,0,1,367.5,0.0,1,0,0,0
0,Full_Day,12,46,4,0,0,398.0,0.0,1,0,1,0
0,Full_Day,7,6,0,0,1,394.0,0.0,1,0,0,1
0,Early_Return,6,58,1,0,1,406.6,0.0,1,1,0,0
0,Overnight,7,38,6,1,1,354.8,0.0,1,0,1,0
0,Full_Day,7,18,5,1,1,584.2,1.0,0,1,0,0
0,Early_Return,6,52,1,0,1,547.0,1.0,1,1,0,0
0,Full_Day,7,24,0,0,1,485.4906,1.0,1,0,0,0
0,Early_Return,13,31,1,0,0,390.0,0.0,1,0,0,0
0,Early_Return,12,49,4,0,0,232.0,0.0,1,1,0,0
0,Early_Return,12,25,5,1,0,198.66666666666666,0.0,1,0,0,1
0,Full_Day,7,7,6,1,1,173.25,0.0,1,0,1,0
0,Full_Day,6,32,4,0,1,195.4,0.0,1,0,0,0
0,Early_Return,7,4,6,1,1,218.4,0.0,1,0,0,1
0,Full_Day,8,1,1,0,1,233.6,0.0,1,1,0,0
0,Early_Return,6,52,6,1,1,272.4,0.0,1,0,0,0
0,Long_Term,12,22,1,0,0,285.2,0.0,1,0,1,0
0,Early_Return,12,29,0,0,0,787.4,0.0,1,0,0,0
0,Early_Return,12,51,4,0,0,717.6,0.0,1,1,0,0
0,Early_Return,6,17,6,1,1,712.6,0.0,1,0,0,0
0,Full_Day,12,23,6,1,0,677.4,0.0,1,1,0,0
0,Full_Day,7,10,6,1,1,485.4906,0.0,1,0,0,1
0,Full_Day,13,15,1,0,0,397.0,0.0,0,0,0,0
0,Full_Day,7,21,2,0,1,460.0,0.0,1,0,0,0
0,Early_Return,6,51,6,1,1,443.6666666666667,0.0,1,0,0,0
0,Long_Term,7,39,1,0,1,378.75,0.0,1,0,1,0
0,Early_Return,6,39,1,0,1,1008.6,0.0,1,1,0,0
0,Early_Return,6,19,4,0,1,960.0,0.0,1,0,0,0
0,Early_Return,6,49,1,0,1,891.8,0.0,1,0,0,0
0,Early_Return,13,31,1,0,0,837.0,0.0,1,0,0,1
1,Full_Day,6,37,3,0,1,812.6,0.0,1,1,0,0
1,Early_Return,6,33,4,0,1,201.8,0.0,1,1,0,0
0,Full_Day,6,39,0,0,1,485.4906,0.0,1,0,0,0
0,Early_Return,7,23,2,0,1,497.0,0.0,1,1,0,0
0,Full_Day,12,53,1,0,0,297.0,0.0,1,0,0,0
0,Full_Day,6,25,5,1,1,485.4906,0.0,1,1,0,0
0,Full_Day,7,46,4,0,1,502.0,0.0,1,0,1,0
0,Full_Day,7,21,5,1,1,453.0,0.0,1,0,0,0
0,Early_Return,6,34,4,0,1,436.0,0.0,1,0,1,0
0,Full_Day,6,45,1,0,1,364.5,0.0,1,0,1,0
0,Overnight,6,45,4,0,1,485.4906,0.0,1,0,0,0
0,Full_Day,13,34,2,0,0,1275.0,1.0,1,0,1,0
0,Early_Return,7,16,1,0,1,812.0,1.0,1,1,0,0
0,Full_Day,11,54,0,0,1,575.3333333333334,1.0,1,0,1,0
0,Full_Day,7,30,5,1,1,509.5,1.0,1,0,0,1
0,Early_Return,13,0,2,0,0,500.0,1.0,1,0,0,0
0,Overnight,7,30,3,0,1,284.8,1.0,1,1,0,0
0,Early_Return,7,17,4,0,1,485.4906,2.0,1,0,0,0
0,Full_Day,12,24,5,1,0,159.0,0.0,1,0,0,0
0,Full_Day,13,4,3,0,0,200.0,0.0,1,1,0,0
1,Early_Return,6,7,3,0,1,269.0,0.0,1,0,1,0
1,Early_Return,7,32,4,0,1,245.75,0.0,1,0,0,1
0,Overnight,12,58,0,0,0,485.4906,0.0,1,0,1,0
0,Full_Day,12,58,4,0,0,1170.0,1.0,1,1,0,0
0,Early_Return,12,53,3,0,0,783.0,1.0,1,1,0,0
0,Full_Day,6,47,5,1,1,557.0,1.0,1,0,0,0
0,Full_Day,13,8,1,0,0,478.75,1.0,1,0,0,0
0,Early_Return,8,13,6,1,1,436.0,1.0,1,0,0,0
0,Overnight,7,21,4,0,1,221.2,1.0,1,0,0,0
0,Long_Term,12,43,6,1,0,298.0,2.0,1,1,0,0
0,Early_Return,6,46,2,0,1,680.8,2.0,1,0,0,0
0,Early_Return,13,9,0,0,0,485.4906,2.0,1,0,1,0
0,Early_Return,6,50,1,0,1,206.0,0.0,1,1,0,0
0,Overnight,13,16,6,1,0,145.5,0.0,1,0,1,0
0,Early_Return,12,43,0,0,0,413.3333333333333,1.0,1,0,0,0
0,Early_Return,6,17,2,0,1,338.25,1.0,1,1,0,0
0,Early_Return,13,50,6,1,0,292.2,1.0,1,0,0,0
0,Full_Day,6,0,5,1,1,268.2,1.0,1,0,0,0
0,Early_Return,13,18,5,1,0,321.8,1.0,1,0,1,0
1,Full_Day,6,58,2,0,1,153.4,1.0,1,0,0,0
1,Full_Day,12,13,6,1,0,181.4,1.0,1,0,1,0
1,Full_Day,6,18,6,1,1,219.2,1.0,1,1,0,0
1,Full_Day,6,50,2,0,1,268.4,1.0,1,0,0,1
0,Long_Term,6,51,2,0,1,485.4906,1.0,1,0,0,1
0,Full_Day,13,18,4,0,0,2039.0,0.0,1,1,0,0
0,Full_Day,7,23,3,0,1,1275.0,0.0,1,0,0,0
0,Long_Term,7,1,4,0,1,975.3333333333334,0.0,1,0,0,0
0,Full_Day,7,10,4,0,1,1318.25,0.0,1,0,1,0
0,Full_Day,6,52,3,0,1,485.4906,0.0,1,1,0,0
0,Early_Return,12,33,0,0,0,375.0,0.0,1,0,0,0
0,Overnight,7,14,3,0,1,269.5,0.0,1,0,0,0
0,Overnight,6,35,2,0,1,547.0,1.0,1,0,0,0
0,Full_Day,6,48,6,1,1,628.75,2.0,1,0,1,0
0,Full_Day,7,0,4,0,1,562.2,2.0,1,0,0,0
0,Full_Day,6,55,2,0,1,572.4,2.0,1,0,0,0
0,Overnight,6,29,3,0,1,599.6,2.0,1,1,0,0
1,Early_Return,7,20,3,0,1,640.4,3.0,1,1,0,0
0,Full_Day,6,33,3,0,1,485.4906,3.0,1,0,0,1
0,Early_Return,12,47,5,1,0,409.0,0.0,1,1,0,0
0,Full_Day,7,17,4,0,1,286.5,0.0,0,0,0,1
0,Full_Day,7,41,4,0,1,322.6666666666667,0.0,1,1,0,0
0,Full_Day,6,24,4,0,1,321.25,0.0,1,0,0,1
0,Overnight,7,15,3,0,1,320.4,0.0,1,0,0,0
0,Early_Return,7,3,5,1,1,396.6,1.0,1,0,0,1
0,Early_Return,7,37,5,1,1,399.4,1.0,1,1,0,0
1,Full_Day,6,49,4,0,1,341.8,1.0,1,0,1,0
0,Long_Term,6,14,5,1,1,485.4906,1.0,1,0,1,0
0,Early_Return,11,17,0,0,1,3739.0,0.0,1,1,0,0
0,Overnight,12,3,2,0,0,1966.5,0.0,1,1,0,0
0,Full_Day,6,37,6,1,1,1597.6666666666667,1.0,1,0,0,1
0,Full_Day,12,11,5,1,0,1283.0,1.0,1,0,0,0
0,Full_Day,6,45,4,0,1,1085.4,1.0,1,0,1,0
0,Early_Return,7,22,0,0,1,427.0,1.0,1,0,1,0
0,Full_Day,6,13,2,0,1,424.4,1.0,1,1,0,0
1,Full_Day,6,38,1,0,1,337.8,1.0,1,1,0,0
1,Full_Day,12,33,0,0,0,329.8,1.0,1,1,0,0
0,Early_Return,7,41,2,0,1,485.4906,1.0,1,0,1,0
0,Full_Day,6,48,4,0,1,190.0,0.0,1,1,0,0
0,Full_Day,6,14,3,0,1,336.0,0.0,1,1,0,0
0,Full_Day,7,28,5,1,1,357.0,0.0,1,0,1,0
0,Full_Day,7,56,5,1,1,354.25,0.0,1,1,0,0
0,Early_Return,7,14,5,1,1,350.4,0.0,1,0,1,0
0,Full_Day,7,16,6,1,1,353.2,0.0,1,1,0,0
0,Long_Term,12,8,5,1,0,340.8,0.0,1,0,0,1
0,Long_Term,13,11,1,0,0,945.6,0.0,1,0,0,0
0,Full_Day,7,37,6,1,1,1566.2,0.0,1,1,0,0
0,Full_Day,6,51,3,0,1,1559.6,0.0,1,0,0,1
0,Overnight,6,19,6,1,1,1592.2,0.0,1,0,1,0
0,Overnight,5,45,4,0,1,485.4906,1.0,1,0,0,0
0,Early_Return,6,41,4,0,1,773.0,1.0,1,0,1,0
0,Full_Day,6,55,3,0,1,453.5,1.0,1,1,0,0
0,Early_Return,6,52,1,0,1,428.3333333333333,1.0,1,0,1,0
0,Early_Return,6,42,5,1,1,338.75,1.0,1,0,0,0
0,Full_Day,6,50,4,0,1,294.2,1.0,1,0,0,1
0,Early_Return,7,13,4,0,1,485.4906,1.0,1,0,0,0
0,Early_Return,13,24,4,0,0,188.0,0.0,1,1,0,0
0,Early_Return,7,31,1,0,1,163.0,0.0,1,0,0,0
0,Full_Day,7,23,1,0,1,156.66666666666666,0.0,1,0,1,0
0,Full_Day,6,59,2,0,1,247.25,0.0,1,0,0,1
0,Full_Day,13,0,2,0,0,275.6,0.0,1,0,0,1
1,Full_Day,6,52,1,0,1,308.6,0.0,1,0,0,0
1,Long_Term,7,16,5,1,1,374.8,0.0,1,0,1,0
1,Early_Return,12,55,4,0,0,687.4,0.0,1,0,0,0
0,Early_Return,7,11,2,0,1,485.4906,0.0,1,0,0,0
0,Full_Day,7,34,0,0,1,78.0,0.0,1,0,0,0
0,Early_Return,7,10,4,0,1,160.5,0.0,1,0,0,0
0,Full_Day,8,0,4,0,1,174.33333333333334,0.0,1,0,0,0
0,Early_Return,6,58,1,0,1,211.5,0.0,1,0,0,0
0,Overnight,6,10,5,1,1,185.6,0.0,1,0,1,0
0,Early_Return,6,49,1,0,1,387.6,1.0,1,0,0,1
0,Early_Return,6,53,0,0,1,353.4,1.0,1,0,0,0
1,Early_Return,6,40,3,0,1,325.0,1.0,1,0,0,0
0,Full_Day,6,41,3,0,1,485.4906,1.0,1,0,0,0
0,Long_Term,12,53,4,0,0,390.0,0.0,1,0,1,0
0,Early_Return,7,40,3,0,1,1049.0,0.0,1,0,0,0
1,Full_Day,6,20,4,0,1,732.3333333333334,0.0,1,0,0,0
0,Overnight,7,2,6,1,1,485.4906,0.0,1,0,0,0
0,Early_Return,6,53,1,0,1,976.0,1.0,1,0,0,0
0,Full_Day,13,31,6,1,0,565.5,1.0,1,0,0,0
0,Full_Day,6,44,4,0,1,513.0,1.0,1,1,0,0
0,Early_Return,6,35,1,0,1,492.75,1.0,1,0,1,0
0,Full_Day,12,45,1,0,0,431.4,1.0,1,0,0,0
0,Early_Return,6,18,5,1,1,304.0,1.0,1,0,1,0
0,Early_Return,6,46,5,1,1,299.0,1.0,0,0,1,0
0,Early_Return,12,44,6,1,0,238.4,1.0,1,0,0,0
0,Overnight,6,40,3,0,1,172.6,1.0,1,0,0,0
0,Full_Day,7,40,1,0,1,391.4,2.0,1,0,0,0
0,Full_Day,12,38,2,0,0,382.0,2.0,1,0,0,0
0,Full_Day,12,39,4,0,0,411.0,2.0,1,0,0,0
1,Full_Day,6,49,6,1,1,444.2,2.0,1,0,1,0
1,Overnight,12,42,3,0,0,523.2,2.0,1,1,0,0
0,Early_Return,6,16,0,0,1,485.4906,3.0,1,0,0,0
0,Full_Day,7,15,6,1,1,114.0,0.0,1,1,0,0
0,Full_Day,13,15,4,0,0,294.0,0.0,1,1,0,0
0,Full_Day,7,15,0,0,1,335.0,0.0,1,0,0,0
0,Early_Return,6,49,3,0,1,365.75,0.0,1,0,0,0
0,Full_Day,6,41,4,0,1,315.4,0.0,1,0,0,0
0,Full_Day,13,0,6,1,0,363.6,0.0,1,0,1,0
1,Full_Day,6,54,1,0,1,334.6,0.0,1,0,0,0
0,Full_Day,7,20,0,0,1,485.4906,0.0,1,0,0,0
1,Full_Day,7,26,1,0,1,331.0,0.0,1,0,0,0
1,Full_Day,8,3,3,0,1,387.0,0.0,1,0,0,0
0,Early_Return,6,28,0,0,1,485.4906,0.0,1,1,0,0
0,Full_Day,12,12,3,0,0,70.0,0.0,1,0,0,0
0,Full_Day,12,51,3,0,0,222.5,0.0,1,0,0,0
0,Full_Day,6,46,5,1,1,287.3333333333333,0.0,1,1,0,0
0,Early_Return,13,33,2,0,0,277.0,0.0,1,1,0,0
0,Early_Return,6,17,1,0,1,485.4906,0.0,1,1,0,0
0,Early_Return,7,38,1,0,1,93.0,0.0,1,0,0,0
0,Overnight,7,55,0,0,1,145.5,0.0,1,1,0,0
0,Full_Day,12,38,6,1,0,554.3333333333334,1.0,1,0,0,1
0,Early_Return,12,17,2,0,0,519.5,1.0,1,0,1,0
0,Full_Day,13,3,2,0,0,453.6,1.0,1,1,0,0
0,Full_Day,12,14,4,0,0,510.8,1.0,1,1,0,0
0,Full_Day,6,54,2,0,1,485.4906,1.0,1,0,0,0
0,Full_Day,7,24,1,0,1,283.0,0.0,1,0,0,0
0,Full_Day,11,55,2,0,1,320.5,0.0,1,0,1,0
0,Full_Day,12,38,4,0,0,347.6666666666667,0.0,1,0,0,0
0,Early_Return,7,10,3,0,1,381.5,0.0,1,0,0,0
0,Full_Day,12,41,6,1,0,337.8,0.0,1,1,0,0
0,Full_Day,6,59,3,0,1,375.2,0.0,1,1,0,0
0,Full_Day,13,3,0,0,0,402.4,0.0,1,0,0,0
0,Early_Return,7,20,4,0,1,381.2,0.0,1,0,0,0
0,Overnight,12,43,6,1,0,323.6,0.0,1,0,0,1
0,Early_Return,7,45,2,0,1,501.4,1.0,1,1,0,0
0,Early_Return,7,3,5,1,1,441.2,1.0,0,0,0,0
0,Full_Day,6,44,1,0,1,362.4,1.0,1,1,0,0
0,Early_Return,7,7,0,0,1,485.4906,1.0,1,0,1,0
0,Full_Day,7,11,0,0,1,156.0,0.0,1,0,0,0
0,Overnight,12,34,4,0,0,227.5,0.0,1,0,0,1
0,Long_Term,7,25,1,0,1,581.3333333333334,1.0,1,0,0,0
1,Full_Day,6,48,5,1,1,1490.25,1.0,1,0,0,0
0,Long_Term,12,57,6,1,0,485.4906,1.0,1,0,0,0
0,Full_Day,7,19,4,0,1,3556.0,0.0,1,0,1,0
0,Long_Term,7,14,3,0,1,2013.0,0.0,1,0,0,0
1,Full_Day,7,7,0,0,1,2496.0,0.0,1,1,0,0
0,Early_Return,6,29,2,0,1,485.4906,0.0,1,0,0,0
0,Early_Return,13,4,3,0,0,137.0,0.0,1,1,0,0
0,Overnight,12,30,5,1,0,142.0,0.0,1,1,0,0
0,Early_Return,12,22,2,0,0,489.3333333333333,1.0,1,0,0,1
0,Early_Return,7,49,0,0,1,388.5,1.0,1,1,0,0
0,Early_Return,12,19,2,0,0,341.2,1.0,1,0,0,0
0,Early_Return,6,42,0,0,1,330.6,1.0,1,0,0,0
0,Full_Day,13,9,1,0,0,326.0,1.0,1,0,0,0
0,Early_Return,12,57,4,0,0,146.6,1.0,1,1,0,0
0,Overnight,13,16,1,0,0,485.4906,1.0,1,0,0,0
0,Full_Day,13,35,5,1,0,1239.0,1.0,1,1,0,0
0,Overnight,12,58,0,0,0,881.0,1.0,1,1,0,0
0,Overnight,13,15,4,0,0,1038.6666666666667,2.0,1,1,0,0
0,Full_Day,12,15,5,1,0,1129.0,3.0,1,0,0,0
0,Early_Return,6,53,4,0,1,979.0,3.0,1,0,0,0
0,Early_Return,12,45,5,1,0,485.4906,3.0,1,0,0,0
0,Full_Day,12,6,0,0,0,98.0,0.0,1,0,0,0
0,Full_Day,7,35,1,0,1,242.5,0.0,1,0,1,0
0,Full_Day,7,17,5,1,1,282.3333333333333,0.0,1,0,1,0
1,Early_Return,7,4,2,0,1,344.25,0.0,1,0,0,0
1,Overnight,12,9,3,0,0,288.8,0.0,1,0,0,0
1,Early_Return,6,42,4,0,1,506.8,1.0,1,0,0,0
1,Full_Day,7,3,5,1,1,444.2,1.0,1,0,1,0
0,Early_Return,7,17,3,0,1,485.4906,1.0,1,0,0,0
0,Early_Return,7,13,4,0,1,117.0,0.0,1,0,0,0
0,Overnight,12,7,1,0,0,96.0,0.0,1,0,0,0
0,Early_Return,13,18,1,0,0,449.3333333333333,1.0,1,1,0,0
0,Full_Day,6,38,5,1,1,356.75,1.0,1,1,0,0
0,Early_Return,13,49,0,0,0,380.2,1.0,1,1,0,0
0,Full_Day,7,17,4,0,1,485.4906,1.0,1,0,0,0
0,Early_Return,13,9,0,0,0,522.0,0.0,1,0,1,0
0,Overnight,6,43,5,1,1,352.0,0.0,1,0,1,0
0,Early_Return,6,57,3,0,1,573.0,1.0,1,1,0,0
0,Full_Day,6,37,2,0,1,448.0,1.0,1,1,0,0
0,Early_Return,12,29,6,1,0,455.4,1.0,1,0,0,0
0,Full_Day,7,11,1,0,1,381.0,1.0,1,1,0,0
0,Early_Return,12,47,4,0,0,485.4906,1.0,1,0,0,0
0,Full_Day,6,44,4,0,1,190.0,0.0,1,1,0,0
0,Early_Return,12,19,2,0,0,257.5,0.0,1,1,0,0
0,Early_Return,6,30,1,0,1,197.33333333333334,0.0,1,0,0,0
0,Full_Day,6,53,3,0,1,172.75,0.0,0,0,0,0
0,Early_Return,7,26,5,1,1,241.6,0.0,1,0,1,0
0,Full_Day,12,51,4,0,0,231.8,0.0,1,1,0,0
0,Early_Return,12,59,0,0,0,233.8,0.0,1,0,1,0
0,Early_Return,13,18,1,0,0,242.6,0.0,1,0,0,0
0,Early_Return,7,9,6,1,1,485.4906,0.0,1,0,0,0
0,Early_Return,6,40,0,0,1,205.0,0.0,1,1,0,0
0,Early_Return,6,37,1,0,1,139.5,0.0,1,0,0,0
0,Early_Return,12,44,2,0,0,115.66666666666667,0.0,1,1,0,0
0,Full_Day,5,51,1,0,1,125.25,0.0,1,0,0,0
0,Full_Day,12,59,2,0,0,183.8,0.0,1,0,0,1
0,Full_Day,12,49,5,1,0,217.6,0.0,1,1,0,0
0,Long_Term,12,51,6,1,0,261.4,0.0,1,0,0,0
0,Overnight,6,34,2,0,1,485.4906,0.0,1,0,1,0
0,Full_Day,6,34,0,0,1,1082.0,1.0,1,0,1,0
0,Early_Return,6,15,0,0,1,785.0,1.0,1,0,1,0
0,Overnight,12,51,4,0,0,485.4906,1.0,1,0,0,0
0,Early_Return,13,0,6,1,0,1402.0,1.0,1,1,0,0
0,Overnight,6,6,6,1,1,768.0,1.0,1,0,0,1
0,Full_Day,12,51,4,0,0,877.3333333333334,2.0,0,1,0,0
0,Overnight,6,57,1,0,1,733.5,2.0,1,0,0,0
0,Early_Return,13,19,0,0,0,485.4906,3.0,1,0,1,0
0,Full_Day,12,11,4,0,0,200.0,0.0,1,0,1,0
0,Overnight,13,18,1,0,0,243.0,0.0,1,0,1,0
0,Early_Return,7,45,3,0,1,585.0,1.0,1,1,0,0
0,Full_Day,6,49,0,0,1,459.75,1.0,1,1,0,0
0,Full_Day,13,12,6,1,0,422.0,1.0,1,0,1,0
0,Full_Day,13,20,4,0,0,485.4906,1.0,1,0,0,1
0,Early_Return,6,38,0,0,1,279.0,0.0,0,1,0,0
0,Overnight,13,10,1,0,0,187.5,0.0,1,0,0,1
0,Early_Return,12,26,4,0,0,428.6666666666667,1.0,1,0,0,0
0,Long_Term,13,13,2,0,0,338.25,1.0,1,0,0,0
0,Full_Day,12,52,0,0,0,643.8,1.0,1,1,0,0
0,Early_Return,12,54,4,0,0,641.0,1.0,1,0,0,0
0,Full_Day,12,57,5,1,0,485.4906,1.0,1,0,0,1
0,Full_Day,12,55,4,0,0,352.0,0.0,1,1,0,0
0,Overnight,7,32,4,0,1,423.0,0.0,1,0,0,0
0,Full_Day,6,49,1,0,1,624.6666666666666,1.0,1,0,0,0
0,Full_Day,12,47,5,1,0,571.0,1.0,1,0,0,0
0,Full_Day,12,13,3,0,0,533.6,1.0,1,0,0,0
0,Overnight,6,52,5,1,1,549.4,1.0,1,0,0,0
0,Full_Day,6,51,5,1,1,676.2,2.0,0,0,0,1
1,Full_Day,12,56,1,0,0,559.4,2.0,1,1,0,0
0,Early_Return,6,43,4,0,1,485.4906,2.0,1,0,1,0
0,Full_Day,12,47,4,0,0,135.0,0.0,1,1,0,0
0,Overnight,7,26,3,0,1,260.0,0.0,1,0,1,0
0,Full_Day,7,21,6,1,1,455.0,1.0,1,0,0,1
0,Early_Return,13,40,3,0,0,433.0,1.0,1,1,0,0
0,Early_Return,12,52,4,0,0,382.6,1.0,1,0,0,0
0,Full_Day,6,18,1,0,1,380.0,1.0,1,0,1,0
0,Full_Day,12,27,1,0,0,403.8,1.0,1,0,0,0
1,Full_Day,7,0,3,0,1,297.8,1.0,1,0,1,0
1,Full_Day,8,10,5,1,1,324.4,1.0,1,0,0,0
0,Full_Day,12,46,6,1,0,485.4906,1.0,1,0,0,0
0,Overnight,7,48,2,0,1,323.0,0.0,1,0,1,0
0,Full_Day,6,52,4,0,1,707.0,1.0,1,1,0,0
0,Early_Return,6,10,3,0,1,557.0,1.0,1,0,0,0
0,Early_Return,6,25,4,0,1,448.25,1.0,1,1,0,0
0,Full_Day,5,45,6,1,1,373.0,1.0,1,0,0,0
0,Overnight,12,25,4,0,0,365.4,1.0,1,1,0,0
1,Long_Term,12,58,5,1,0,295.6,2.0,1,0,0,0
0,Early_Return,12,23,5,1,0,485.4906,2.0,1,0,0,0
0,Full_Day,12,57,5,1,0,138.0,0.0,1,0,1,0
0,Full_Day,13,19,0,0,0,221.5,0.0,1,1,0,0
0,Full_Day,12,48,2,0,0,326.0,0.0,1,0,1,0
0,Early_Return,12,10,5,1,0,361.75,0.0,1,0,1,0
0,Full_Day,6,48,0,0,1,325.2,0.0,0,0,1,0
1,Early_Return,7,25,1,0,1,377.6,0.0,1,0,0,0
0,Full_Day,7,29,1,0,1,485.4906,0.0,1,0,0,0
0,Overnight,6,53,0,0,1,399.0,0.0,1,0,0,0
0,Full_Day,7,16,2,0,1,861.5,1.0,1,1,0,0
0,Full_Day,6,58,0,0,1,674.3333333333334,1.0,1,1,0,0
1,Full_Day,6,4,4,0,1,598.5,1.0,1,0,1,0
1,Full_Day,6,18,2,0,1,578.2,1.0,1,0,0,0
1,Full_Day,12,42,2,0,0,551.4,1.0,1,1,0,0
1,Overnight,6,38,5,1,1,355.0,1.0,1,0,1,0
0,Full_Day,6,38,0,0,1,485.4906,2.0,1,0,1,0
0,Full_Day,12,38,1,0,0,524.0,0.0,1,1,0,0
0,Overnight,6,50,0,0,1,510.0,0.0,1,0,0,1
0,Full_Day,7,13,4,0,1,609.6666666666666,1.0,1,0,0,1
0,Full_Day,12,22,6,1,0,485.4906,1.0,1,0,0,0
0,Full_Day,7,10,1,0,1,352.0,0.0,1,0,1,0
0,Full_Day,7,0,4,0,1,356.0,0.0,1,0,0,0
0,Full_Day,7,23,6,1,1,341.3333333333333,0.0,1,0,0,0
0,Full_Day,7,5,6,1,1,365.0,0.0,1,1,0,0
0,Early_Return,12,3,0,0,0,374.4,0.0,1,1,0,0
0,Early_Return,14,3,1,0,0,330.4,0.0,1,0,0,0
0,Full_Day,7,51,4,0,1,295.8,0.0,1,0,1,0
0,Full_Day,7,7,5,1,1,485.4906,0.0,1,0,0,1
0,Full_Day,13,10,2,0,0,534.0,0.0,1,0,0,0
0,Early_Return,7,28,3,0,1,508.0,0.0,1,1,0,0
0,Full_Day,7,6,6,1,1,358.6666666666667,0.0,1,1,0,0
0,Early_Return,6,43,6,1,1,340.0,0.0,1,0,0,0
0,Full_Day,7,1,0,0,1,306.8,0.0,1,0,0,0
0,Overnight,6,39,1,0,1,302.2,0.0,1,1,0,0
0,Long_Term,12,43,5,1,0,381.8,1.0,1,0,0,0
0,Full_Day,7,16,6,1,1,485.4906,1.0,1,0,0,0
0,Full_Day,6,6,6,1,1,276.0,0.0,1,1,0,0
0,Early_Return,7,24,4,0,1,295.0,0.0,1,0,0,0
0,Full_Day,6,22,5,1,1,228.33333333333334,0.0,1,0,1,0
0,Full_Day,6,40,6,1,1,287.0,0.0,1,0,0,0
0,Early_Return,5,49,1,0,1,333.4,0.0,1,1,0,0
0,Full_Day,7,36,5,1,1,301.8,0.0,1,0,0,1
0,Full_Day,6,46,5,1,1,288.4,0.0,1,0,0,0
0,Early_Return,7,13,4,0,1,485.4906,0.0,1,0,0,0
0,Early_Return,7,8,6,1,1,118.0,0.0,1,0,1,0
0,Full_Day,7,47,1,0,1,158.0,0.0,1,0,0,0
0,Full_Day,7,21,4,0,1,274.3333333333333,0.0,1,0,0,0
1,Early_Return,7,2,2,0,1,320.0,0.0,1,0,1,0
1,Full_Day,13,26,0,0,0,283.8,0.0,1,0,1,0
0,Full_Day,13,21,0,0,0,485.4906,0.0,1,0,0,1
0,Overnight,12,30,0,0,0,284.0,0.0,1,1,0,0
0,Full_Day,8,3,2,0,1,625.5,1.0,0,1,0,0
0,Full_Day,7,41,6,1,1,539.6666666666666,1.0,1,0,0,0
0,Early_Return,6,29,4,0,1,493.75,1.0,1,0,0,0
0,Full_Day,11,58,2,0,1,427.4,1.0,1,0,0,1
0,Early_Return,12,58,1,0,0,478.0,1.0,1,1,0,0
0,Full_Day,7,13,6,1,1,319.6,1.0,1,0,0,1
1,Early_Return,7,8,1,0,1,321.0,1.0,1,1,0,0
0,Early_Return,7,39,0,0,1,485.4906,1.0,1,0,0,0
0,Full_Day,7,39,0,0,1,107.0,0.0,1,1,0,0
0,Full_Day,6,27,4,0,1,175.5,0.0,1,0,0,0
0,Early_Return,12,0,0,0,0,251.33333333333334,0.0,1,1,0,0
0,Overnight,6,32,2,0,1,222.0,0.0,1,1,0,0
1,Overnight,6,14,0,0,1,410.6,1.0,1,0,0,0
0,Early_Return,6,40,1,0,1,485.4906,2.0,1,0,1,0
0,Overnight,13,39,0,0,0,136.0,0.0,1,1,0,0
0,Full_Day,6,52,5,1,1,564.5,1.0,1,0,1,0
0,Full_Day,6,20,6,1,1,485.4906,1.0,0,0,1,0
0,Full_Day,13,6,3,0,0,445.0,0.0,1,0,0,0
0,Early_Return,6,49,1,0,1,490.0,0.0,1,0,1,0
0,Long_Term,12,57,4,0,0,387.6666666666667,0.0,1,0,1,0
0,Full_Day,13,11,0,0,0,1335.75,0.0,0,0,0,1
0,Early_Return,6,58,1,0,1,1165.6,0.0,1,0,0,0
0,Early_Return,6,54,3,0,1,1106.0,0.0,1,0,0,1
0,Early_Return,7,1,4,0,1,1033.6,0.0,1,0,1,0
0,Early_Return,7,14,2,0,1,1035.0,0.0,1,0,0,0
1,Full_Day,7,16,4,0,1,219.8,0.0,1,0,0,1
0,Full_Day,7,42,6,1,1,485.4906,0.0,0,1,0,0
0,Early_Return,13,1,1,0,0,394.0,0.0,1,0,0,0
0,Overnight,6,58,0,0,1,263.0,0.0,1,0,1,0
0,Full_Day,7,2,5,1,1,422.6666666666667,1.0,1,1,0,0
0,Early_Return,6,33,5,1,1,439.75,1.0,1,1,0,0
0,Full_Day,12,40,1,0,0,365.0,1.0,1,0,0,0
0,Full_Day,13,7,4,0,0,337.0,1.0,1,0,1,0
1,Full_Day,6,7,6,1,1,368.4,1.0,1,0,1,0
0,Long_Term,12,31,6,1,0,485.4906,1.0,1,0,1,0
0,Full_Day,7,21,5,1,1,1488.0,0.0,1,0,0,0
0,Early_Return,6,50,5,1,1,964.0,0.0,0,0,0,0
0,Full_Day,6,8,4,0,1,682.3333333333334,0.0,1,0,0,0
0,Full_Day,6,33,0,0,1,601.0,0.0,1,1,0,0
0,Full_Day,7,28,1,0,1,550.8,0.0,1,1,0,0
1,Early_Return,13,4,2,0,0,316.8,0.0,1,1,0,0
1,Full_Day,6,33,4,0,1,264.6,0.0,1,0,0,1
0,Full_Day,7,49,2,0,1,485.4906,0.0,1,0,0,1
0,Early_Return,6,41,2,0,1,264.0,0.0,1,0,0,1
0,Full_Day,6,49,3,0,1,233.0,0.0,1,0,0,1
0,Early_Return,11,30,2,0,1,308.0,0.0,1,0,0,0
0,Full_Day,12,3,1,0,0,257.5,0.0,1,0,1,0
0,Overnight,12,56,0,0,0,485.4906,0.0,0,1,0,0
0,Overnight,7,43,2,0,1,913.0,1.0,0,1,0,0
0,Early_Return,12,50,4,0,0,885.5,2.0,1,0,1,0
1,Full_Day,6,27,1,0,1,644.0,2.0,1,1,0,0
1,Full_Day,13,19,1,0,0,595.25,2.0,1,1,0,0
1,Early_Return,12,55,5,1,0,539.2,2.0,1,0,0,0
0,Long_Term,12,34,4,0,0,485.4906,2.0,1,0,1,0
0,Early_Return,6,43,0,0,1,2512.0,0.0,1,0,0,0
0,Full_Day,7,14,2,0,1,1351.5,0.0,1,0,0,1
0,Full_Day,7,17,6,1,1,1070.3333333333333,0.0,1,0,0,0
0,Early_Return,12,25,1,0,0,868.75,0.0,1,0,0,0
0,Full_Day,7,22,2,0,1,719.2,0.0,1,1,0,0
1,Full_Day,11,56,1,0,1,322.6,0.0,1,0,0,0
0,Full_Day,13,6,2,0,0,485.4906,0.0,1,0,0,0
0,Full_Day,12,39,5,1,0,312.0,0.0,1,1,0,0
0,Early_Return,7,45,2,0,1,372.0,0.0,1,0,1,0
0,Full_Day,12,37,1,0,0,303.0,0.0,1,0,1,0
0,Long_Term,12,37,1,0,0,349.0,0.0,1,0,1,0
0,Full_Day,12,30,5,1,0,1021.0,0.0,1,0,0,0
0,Early_Return,6,29,0,0,1,1024.0,0.0,1,1,0,0
0,Full_Day,6,58,5,1,1,950.2,0.0,1,1,0,0
0,Full_Day,6,53,4,0,1,485.4906,0.0,1,0,1,0
0,Full_Day,7,23,0,0,1,523.0,0.0,1,1,0,0
0,Full_Day,12,38,5,1,0,528.0,0.0,1,0,1,0
0,Overnight,6,57,2,0,1,480.3333333333333,0.0,1,0,1,0
0,Full_Day,6,31,5,1,1,711.75,1.0,1,1,0,0
0,Full_Day,6,58,6,1,1,636.4,1.0,1,1,0,0
1,Full_Day,6,38,0,0,1,602.8,1.0,1,0,1,0
0,Early_Return,7,13,4,0,1,485.4906,1.0,0,0,1,0
0,Early_Return,6,45,0,0,1,103.0,0.0,1,1,0,0
0,Full_Day,6,46,3,0,1,145.5,0.0,1,0,0,1
0,Full_Day,7,8,3,0,1,248.33333333333334,0.0,1,1,0,0
0,Full_Day,7,32,0,0,1,311.25,0.0,1,0,0,0
0,Full_Day,6,40,2,0,1,318.8,0.0,1,1,0,0
0,Full_Day,7,0,1,0,1,346.8,0.0,1,1,0,0
0,Overnight,6,49,3,0,1,413.6,0.0,1,0,1,0
1,Full_Day,12,52,3,0,0,502.0,1.0,1,0,0,0
0,Early_Return,6,37,5,1,1,485.4906,1.0,1,1,0,0
0,Full_Day,6,40,5,1,1,117.0,0.0,1,0,0,0
0,Full_Day,6,2,2,0,1,254.5,0.0,1,0,0,0
0,Full_Day,13,21,5,1,0,301.6666666666667,0.0,1,0,0,0
0,Full_Day,7,7,2,0,1,346.0,0.0,1,0,0,0
0,Long_Term,6,6,0,0,1,372.8,0.0,1,1,0,0
0,Full_Day,11,57,5,1,1,485.4906,0.0,1,0,0,0
0,Full_Day,13,13,5,1,0,501.0,0.0,1,0,0,0
0,Full_Day,12,23,4,0,0,402.0,0.0,1,0,1,0
0,Early_Return,6,52,6,1,1,391.3333333333333,0.0,1,0,0,0
0,Full_Day,12,44,2,0,0,342.25,0.0,1,1,0,0
0,Full_Day,12,20,3,0,0,341.4,0.0,1,0,0,1
0,Overnight,6,13,1,0,1,322.8,0.0,1,1,0,0
0,Early_Return,7,30,3,0,1,431.8,1.0,1,0,0,1
0,Overnight,6,31,6,1,1,397.4,1.0,1,0,0,0
0,Early_Return,6,56,1,0,1,564.6,2.0,1,0,0,0
0,Full_Day,6,17,3,0,1,510.6,2.0,1,1,0,0
0,Overnight,6,9,0,0,1,489.8,2.0,1,0,1,0
0,Early_Return,7,19,1,0,1,472.8,3.0,1,1,0,0
0,Early_Return,13,14,5,1,0,454.0,3.0,1,1,0,0
0,Full_Day,12,41,3,0,0,485.4906,3.0,1,0,0,0
0,Full_Day,6,21,0,0,1,347.0,0.0,0,1,0,0
1,Early_Return,6,46,0,0,1,402.0,0.0,1,0,1,0
1,Full_Day,7,50,5,1,1,308.3333333333333,0.0,1,0,0,0
0,Long_Term,7,26,5,1,1,485.4906,0.0,1,0,0,0
0,Early_Return,7,53,0,0,1,4306.0,0.0,1,0,0,0
0,Overnight,7,17,4,0,1,2220.5,0.0,1,0,0,0
0,Long_Term,6,37,0,0,1,1896.0,1.0,1,0,0,0
0,Full_Day,13,12,5,1,0,2292.75,1.0,1,0,0,0
0,Early_Return,12,37,4,0,0,485.4906,1.0,1,0,1,0
0,Early_Return,13,5,5,1,0,79.0,0.0,1,1,0,0
0,Early_Return,7,1,1,0,1,100.0,0.0,1,0,0,0
0,Long_Term,12,41,2,0,0,100.33333333333333,0.0,1,1,0,0
0,Full_Day,6,56,3,0,1,619.5,0.0,1,0,0,0
0,Full_Day,13,30,2,0,0,575.4,0.0,1,1,0,0
0,Full_Day,13,9,5,1,0,644.4,0.0,1,1,0,0
0,Full_Day,8,9,6,1,1,485.4906,0.0,1,0,0,0
0,Early_Return,7,6,0,0,1,425.0,0.0,1,0,0,0
0,Early_Return,7,50,2,0,1,271.0,0.0,1,0,1,0
0,Full_Day,6,48,3,0,1,247.66666666666666,0.0,1,0,0,0
0,Early_Return,6,35,1,0,1,485.4906,0.0,1,0,1,0
0,Early_Return,13,4,2,0,0,140.0,0.0,1,1,0,0
0,Early_Return,12,15,1,0,0,164.0,0.0,1,0,0,1
1,Full_Day,7,22,0,0,1,144.66666666666666,0.0,1,0,0,0
1,Early_Return,6,44,6,1,1,183.75,0.0,1,0,1,0
1,Full_Day,7,36,3,0,1,188.8,0.0,1,0,1,0
0,Early_Return,7,34,0,0,1,485.4906,0.0,1,1,0,0
0,Early_Return,6,57,6,1,1,91.0,0.0,1,1,0,0
0,Early_Return,6,48,0,0,1,125.5,0.0,1,0,0,0
0,Full_Day,12,8,2,0,0,149.33333333333334,0.0,1,0,0,0
0,Early_Return,13,22,1,0,0,177.5,0.0,1,0,0,0
1,Full_Day,8,3,6,1,1,176.6,0.0,1,0,0,0
0,Early_Return,12,19,1,0,0,485.4906,0.0,1,1,0,0
0,Full_Day,12,44,6,1,0,154.0,0.0,1,0,1,0
0,Full_Day,6,18,1,0,1,304.0,0.0,1,0,0,0
0,Early_Return,13,22,4,0,0,342.3333333333333,0.0,1,1,0,0
0,Overnight,6,30,5,1,1,276.5,0.0,1,0,0,0
0,Full_Day,13,17,0,0,0,472.8,1.0,1,1,0,0
0,Full_Day,12,10,5,1,0,520.6,1.0,1,0,0,0
0,Full_Day,13,17,5,1,0,497.6,1.0,1,0,0,1
1,Long_Term,6,39,1,0,1,519.6,1.0,1,0,0,0
1,Full_Day,12,50,3,0,0,1075.6,1.0,1,0,0,0
0,Early_Return,6,28,0,0,1,485.4906,1.0,1,0,0,0
0,Full_Day,12,39,5,1,0,161.0,0.0,1,0,1,0
0,Early_Return,13,25,6,1,0,308.5,0.0,1,0,1,0
0,Early_Return,7,3,0,0,1,245.66666666666666,0.0,1,0,1,0
0,Full_Day,13,13,0,0,0,225.75,0.0,1,0,0,0
0,Overnight,5,36,4,0,1,284.8,0.0,1,0,0,1
0,Overnight,6,56,5,1,1,483.6,1.0,1,0,0,0
0,Early_Return,12,54,5,1,0,571.2,2.0,1,1,0,0
0,Overnight,11,50,0,0,1,578.8,2.0,1,0,1,0
0,Early_Return,7,8,4,0,1,763.4,3.0,1,0,0,0
0,Full_Day,6,28,1,0,1,683.8,3.0,1,1,0,0
0,Full_Day,12,56,0,0,0,501.4,3.0,1,0,0,0
0,Overnight,6,48,3,0,1,392.6,3.0,1,0,0,0
1,Full_Day,7,46,1,0,1,508.8,4.0,1,0,0,1
0,Early_Return,7,15,4,0,1,485.4906,4.0,1,0,0,0
0,Early_Return,6,35,2,0,1,79.0,0.0,1,1,0,0
0,Early_Return,7,21,3,0,1,72.0,0.0,1,0,0,0
0,Early_Return,7,32,4,0,1,82.0,0.0,1,1,0,0
0,Full_Day,7,12,5,1,1,89.0,0.0,1,1,0,0
0,Full_Day,12,51,5,1,0,164.4,0.0,1,0,1,0
0,Early_Return,7,10,5,1,1,203.0,0.0,1,0,0,0
0,Full_Day,6,42,5,1,1,209.2,0.0,1,0,0,0
1,Overnight,13,26,4,0,0,246.2,0.0,1,0,0,0
0,Full_Day,12,50,2,0,0,485.4906,1.0,1,0,0,0
0,Full_Day,7,28,1,0,1,487.0,0.0,1,1,0,0
0,Early_Return,13,18,2,0,0,451.0,0.0,1,0,0,0
0,Full_Day,12,32,2,0,0,332.3333333333333,0.0,1,0,1,0
0,Full_Day,6,39,6,1,1,380.5,0.0,1,0,0,0
1,Early_Return,12,57,0,0,0,383.8,0.0,1,1,0,0
1,Full_Day,7,3,2,0,1,304.0,0.0,1,1,0,0
1,Overnight,7,24,5,1,1,275.8,0.0,1,1,0,0
0,Early_Return,7,15,4,0,1,485.4906,1.0,1,1,0,0
0,Full_Day,6,32,6,1,1,144.0,0.0,1,0,1,0
0,Full_Day,6,52,1,0,1,237.0,0.0,1,1,0,0
0,Early_Return,7,7,1,0,1,258.0,0.0,1,0,0,1
0,Long_Term,6,8,2,0,1,208.5,0.0,1,0,0,0
0,Early_Return,7,1,6,1,1,504.8,0.0,1,0,0,1
0,Long_Term,7,14,5,1,1,495.4,0.0,1,0,0,0
1,Full_Day,13,31,2,0,0,902.2,0.0,1,1,0,0
0,Early_Return,7,30,5,1,1,485.4906,0.0,1,0,0,1
0,Full_Day,6,35,6,1,1,168.0,0.0,1,0,0,0
0,Early_Return,6,36,3,0,1,329.0,0.0,1,0,0,0
0,Early_Return,13,23,3,0,0,485.4906,0.0,1,0,1,0
0,Full_Day,13,19,0,0,0,119.0,0.0,1,0,0,0
0,Early_Return,6,22,2,0,1,260.5,0.0,1,0,0,0
0,Full_Day,13,28,3,0,0,214.33333333333334,0.0,1,0,0,0
0,Full_Day,7,25,4,0,1,270.25,0.0,1,1,0,0
0,Full_Day,11,41,4,0,1,319.2,0.0,1,0,0,0
0,Overnight,13,29,4,0,0,389.0,0.0,1,1,0,0
0,Early_Return,6,39,3,0,1,589.2,1.0,1,0,0,1
1,Full_Day,6,40,0,0,1,595.0,1.0,1,0,0,0
1,Early_Return,7,57,6,1,1,571.8,1.0,1,0,0,0
0,Full_Day,13,45,5,1,0,485.4906,1.0,1,0,0,0
0,Full_Day,7,28,4,0,1,297.0,0.0,1,0,0,0
0,Full_Day,6,31,5,1,1,339.5,0.0,1,0,0,0
0,Full_Day,6,33,5,1,1,314.3333333333333,0.0,1,0,0,1
0,Full_Day,12,37,1,0,0,347.25,0.0,1,1,0,0
0,Overnight,12,45,1,0,0,381.6,0.0,1,1,0,0
1,Early_Return,12,35,4,0,0,553.0,1.0,1,0,1,0
1,Long_Term,7,32,6,1,1,518.2,1.0,1,0,0,0
1,Long_Term,13,22,0,0,0,946.6,1.0,1,0,0,0
0,Early_Return,7,18,2,0,1,485.4906,1.0,1,0,0,0
0,Overnight,12,32,3,0,0,134.0,0.0,1,0,0,0
0,Early_Return,12,49,4,0,0,627.5,1.0,1,0,0,0
0,Early_Return,6,25,6,1,1,454.3333333333333,1.0,1,0,1,0
0,Full_Day,7,30,4,0,1,358.0,1.0,1,1,0,0
0,Overnight,7,45,4,0,1,368.0,1.0,1,0,1,0
1,Early_Return,6,32,1,0,1,553.6,2.0,1,0,0,0
1,Overnight,7,5,4,0,1,364.4,2.0,1,0,0,0
0,Full_Day,7,39,3,0,1,485.4906,3.0,1,1,0,0
0,Full_Day,6,22,6,1,1,481.0,0.0,1,0,0,1
0,Long_Term,6,22,4,0,1,382.5,0.0,1,0,1,0
0,Full_Day,13,49,0,0,0,1626.3333333333333,0.0,1,0,0,0
0,Long_Term,7,14,6,1,1,1281.5,0.0,1,1,0,0
1,Full_Day,6,53,4,0,1,1835.0,0.0,1,0,0,0
1,Full_Day,7,31,4,0,1,1796.8,0.0,1,0,1,0
0,Early_Return,12,23,0,0,0,485.4906,0.0,1,0,0,1
0,Full_Day,6,44,4,0,1,167.0,0.0,1,1,0,0
0,Early_Return,7,22,5,1,1,242.0,0.0,1,0,0,0
0,Early_Return,6,46,0,0,1,216.33333333333334,0.0,1,0,0,0
0,Early_Return,12,28,2,0,0,177.75,0.0,1,0,0,0
0,Early_Return,6,52,6,1,1,166.6,0.0,1,0,1,0
0,Early_Return,7,26,2,0,1,172.0,0.0,1,0,0,0
0,Long_Term,6,48,3,0,1,129.0,0.0,1,0,1,0
0,Overnight,12,23,6,1,0,485.4906,0.0,1,0,0,0
0,Full_Day,12,52,6,1,0,820.0,1.0,1,0,0,1
0,Early_Return,6,51,1,0,1,592.0,1.0,1,0,0,0
0,Early_Return,6,52,5,1,1,424.0,1.0,1,0,1,0
0,Full_Day,7,52,0,0,1,367.75,1.0,1,0,0,0
0,Early_Return,13,29,0,0,0,363.0,1.0,1,0,0,0
0,Early_Return,7,7,0,0,1,233.6,1.0,1,0,0,0
0,Full_Day,7,22,0,0,1,181.4,1.0,1,0,0,1
0,Early_Return,7,52,6,1,1,250.4,1.0,1,0,1,0
0,Long_Term,7,53,4,0,1,237.2,1.0,1,1,0,0
1,Early_Return,7,16,3,0,1,895.4,1.0,1,0,0,0
1,Early_Return,6,24,2,0,1,897.4,1.0,1,0,0,0
0,Full_Day,12,56,4,0,0,485.4906,1.0,1,0,1,0
0,Full_Day,7,44,6,1,1,277.0,0.0,1,0,0,0
0,Early_Return,6,36,2,0,1,291.5,0.0,1,1,0,0
0,Full_Day,6,57,3,0,1,264.0,0.0,1,0,0,0
0,Full_Day,6,43,6,1,1,281.0,0.0,1,0,0,0
0,Full_Day,6,56,5,1,1,273.8,0.0,1,0,0,0
0,Early_Return,7,39,2,0,1,307.2,0.0,1,1,0,0
0,Overnight,7,37,5,1,1,271.0,0.0,1,1,0,0
0,Early_Return,7,5,1,0,1,485.4906,1.0,1,0,1,0
0,Full_Day,6,34,4,0,1,86.0,0.0,1,1,0,0
0,Full_Day,7,31,3,0,1,297.5,0.0,1,0,0,0
1,Full_Day,7,51,4,0,1,281.0,0.0,1,1,0,0
1,Overnight,13,41,1,0,0,271.0,0.0,1,0,0,0
0,Early_Return,7,17,3,0,1,485.4906,1.0,1,0,0,0
0,Full_Day,6,56,0,0,1,144.0,0.0,1,0,0,0
0,Early_Return,5,53,3,0,1,296.0,0.0,1,0,0,0
0,Overnight,6,39,6,1,1,218.0,0.0,1,1,0,0
1,Full_Day,6,2,4,0,1,374.0,1.0,1,1,0,0
1,Long_Term,7,27,5,1,1,399.8,1.0,1,1,0,0
0,Full_Day,6,59,5,1,1,485.4906,1.0,1,1,0,0
0,Full_Day,7,26,1,0,1,523.0,0.0,1,1,0,0
0,Full_Day,5,56,1,0,1,420.5,0.0,1,0,0,1
0,Early_Return,7,42,2,0,1,394.3333333333333,0.0,1,0,1,0
0,Full_Day,6,11,5,1,1,337.75,0.0,1,1,0,0
0,Full_Day,12,34,0,0,0,333.8,0.0,1,1,0,0
1,Full_Day,12,15,0,0,0,305.8,0.0,1,0,0,0
0,Early_Return,6,39,6,1,1,485.4906,0.0,1,0,0,1
0,Full_Day,7,24,1,0,1,182.0,0.0,1,0,0,0
0,Full_Day,7,9,5,1,1,340.0,0.0,1,0,0,0
0,Full_Day,6,43,0,0,1,316.6666666666667,0.0,1,1,0,0
0,Full_Day,7,19,2,0,1,364.75,0.0,0,0,1,0
1,Early_Return,6,33,3,0,1,358.4,0.0,1,1,0,0
1,Full_Day,6,41,3,0,1,342.2,0.0,1,0,0,0
1,Early_Return,6,50,6,1,1,343.0,0.0,1,0,1,0
0,Full_Day,6,23,4,0,1,485.4906,0.0,1,1,0,0
0,Full_Day,7,21,5,1,1,294.0,0.0,1,1,0,0
0,Early_Return,6,36,6,1,1,288.5,0.0,1,0,0,0
0,Full_Day,13,53,1,0,0,229.66666666666666,0.0,1,0,0,0
1,Full_Day,12,41,3,0,0,257.5,0.0,1,0,0,0
0,Early_Return,6,36,6,1,1,485.4906,0.0,1,0,0,0
0,Early_Return,7,37,3,0,1,75.0,0.0,0,0,0,0
0,Full_Day,8,4,2,0,1,78.5,0.0,1,0,0,0
0,Long_Term,5,46,3,0,1,159.66666666666666,0.0,1,1,0,0
0,Early_Return,6,39,4,0,1,853.0,0.0,1,0,0,0
1,Full_Day,7,49,0,0,1,700.4,0.0,1,0,1,0
1,Early_Return,7,8,2,0,1,737.8,0.0,1,1,0,0
1,Full_Day,12,12,4,0,0,761.6,0.0,1,1,0,0
0,Early_Return,12,7,5,1,0,485.4906,0.0,1,0,0,0
0,Overnight,6,58,5,1,1,172.0,0.0,1,0,0,1
0,Early_Return,7,57,6,1,1,683.5,1.0,1,0,0,0
0,Full_Day,6,23,6,1,1,516.0,1.0,1,0,0,0
0,Full_Day,12,59,3,0,0,493.75,1.0,1,1,0,0
0,Early_Return,7,2,6,1,1,479.2,1.0,1,0,0,0
1,Full_Day,6,20,1,0,1,484.4,1.0,1,0,0,0
1,Early_Return,12,15,1,0,0,329.2,1.0,1,1,0,0
1,Overnight,7,8,5,1,1,312.6,1.0,1,0,0,0
0,Full_Day,7,7,6,1,1,485.4906,2.0,1,1,0,0
0,Full_Day,7,0,2,0,1,527.0,0.0,1,1,0,0
0,Full_Day,6,51,1,0,1,403.5,0.0,1,0,0,0
0,Overnight,6,53,0,0,1,408.0,0.0,1,0,0,0
0,Early_Return,7,12,5,1,1,607.5,1.0,1,0,0,0
0,Early_Return,7,27,0,0,1,520.0,1.0,1,0,0,0
0,Full_Day,6,17,3,0,1,450.4,1.0,1,0,1,0
0,Early_Return,12,50,3,0,0,488.8,1.0,1,0,0,0
1,Full_Day,7,2,2,0,1,418.4,1.0,1,0,0,0
0,Overnight,13,42,5,1,0,485.4906,1.0,1,0,0,0
0,Early_Return,7,11,3,0,1,757.0,1.0,1,1,0,0
0,Full_Day,6,49,4,0,1,418.5,1.0,1,0,0,0
0,Early_Return,7,31,4,0,1,412.3333333333333,1.0,1,1,0,0
0,Long_Term,6,56,2,0,1,354.5,1.0,1,0,1,0
0,Full_Day,7,29,0,0,1,726.6,1.0,1,0,0,0
0,Full_Day,6,26,0,0,1,680.4,1.0,1,0,1,0
0,Early_Return,7,21,5,1,1,733.2,1.0,1,0,1,0
0,Full_Day,12,6,6,1,0,685.6,1.0,1,1,0,0
0,Early_Return,7,1,4,0,1,485.4906,1.0,1,0,0,0
0,Early_Return,6,51,1,0,1,152.0,0.0,1,0,0,0
0,Early_Return,12,47,2,0,0,106.5,0.0,1,1,0,0
0,Full_Day,12,50,0,0,0,126.33333333333333,0.0,0,1,0,0
0,Early_Return,6,41,4,0,1,225.5,0.0,1,0,0,0
0,Long_Term,12,45,0,0,0,203.4,0.0,1,0,1,0
1,Early_Return,6,5,5,1,1,864.6,0.0,1,0,0,0
0,Full_Day,13,0,0,0,0,485.4906,0.0,1,0,0,0
0,Early_Return,6,38,3,0,1,509.0,0.0,1,0,0,0
0,Full_Day,6,59,6,1,1,314.5,0.0,1,0,0,0
0,Full_Day,7,34,4,0,1,326.6666666666667,0.0,1,1,0,0
0,Full_Day,6,50,0,0,1,360.25,0.0,1,1,0,0
0,Full_Day,13,48,1,0,0,372.0,0.0,1,1,0,0
0,Full_Day,6,58,6,1,1,344.0,0.0,1,0,0,0
0,Full_Day,7,2,5,1,1,388.2,0.0,1,0,0,0
0,Full_Day,7,8,2,0,1,376.2,0.0,1,1,0,0
0,Early_Return,6,18,3,0,1,359.6,0.0,1,0,1,0
1,Early_Return,12,47,5,1,0,300.2,0.0,1,0,0,1
0,Full_Day,7,28,0,0,1,485.4906,0.0,1,0,1,0
0,Full_Day,6,46,4,0,1,328.0,0.0,0,0,1,0
1,Early_Return,7,3,4,0,1,379.5,0.0,1,1,0,0
1,Overnight,12,7,4,0,0,290.6666666666667,0.0,1,0,0,0
0,Full_Day,7,3,5,1,1,485.4906,1.0,1,0,1,0
0,Early_Return,6,44,6,1,1,450.0,0.0,1,1,0,0
0,Early_Return,13,18,0,0,0,267.0,0.0,1,0,0,0
0,Overnight,6,47,6,1,1,200.33333333333334,0.0,0,0,0,0
0,Full_Day,11,41,3,0,1,458.5,1.0,1,0,1,0
0,Overnight,12,52,4,0,0,441.0,1.0,1,0,0,1
0,Full_Day,6,57,6,1,1,517.6,2.0,1,1,0,0
0,Full_Day,7,16,4,0,1,608.0,2.0,1,0,0,0
1,Early_Return,7,48,0,0,1,697.0,2.0,1,0,0,0
1,Full_Day,7,35,0,0,1,466.4,2.0,1,1,0,0
0,Early_Return,7,15,5,1,1,485.4906,2.0,1,1,0,0
0,Full_Day,13,7,6,1,0,111.0,0.0,1,0,0,1
0,Long_Term,12,7,2,0,0,279.5,0.0,1,1,0,0
0,Full_Day,6,31,6,1,1,1274.3333333333333,0.0,1,0,0,0
0,Early_Return,7,36,6,1,1,1043.5,0.0,1,0,0,0
0,Full_Day,8,3,5,1,1,867.8,0.0,1,0,0,0
0,Full_Day,7,22,1,0,1,921.0,0.0,1,0,1,0
1,Full_Day,13,15,4,0,0,910.6,0.0,1,0,0,0
1,Early_Return,7,32,1,0,1,358.2,0.0,1,1,0,0
1,Early_Return,6,56,2,0,1,310.0,0.0,1,1,0,0
0,Early_Return,6,59,5,1,1,485.4906,0.0,1,0,0,0
0,Full_Day,12,24,2,0,0,182.0,0.0,1,0,0,0
0,Full_Day,6,17,3,0,1,325.0,0.0,1,1,0,0
0,Full_Day,6,32,2,0,1,332.6666666666667,0.0,1,1,0,0
1,Full_Day,6,30,2,0,1,353.75,0.0,1,0,0,0
0,Early_Return,12,54,2,0,0,485.4906,0.0,1,0,1,0
0,Early_Return,6,8,1,0,1,183.0,0.0,1,0,0,0
0,Full_Day,7,23,3,0,1,166.0,0.0,1,0,0,0
0,Early_Return,7,59,1,0,1,272.3333333333333,0.0,1,0,0,0
0,Full_Day,6,10,0,0,1,225.25,0.0,1,0,0,0
0,Overnight,13,11,5,1,0,259.2,0.0,1,0,0,1
0,Early_Return,6,58,6,1,1,480.4,1.0,1,0,0,0
0,Early_Return,6,47,2,0,1,486.8,1.0,1,0,1,0
0,Early_Return,7,37,6,1,1,405.8,1.0,1,0,0,0
0,Full_Day,7,15,4,0,1,415.8,1.0,1,1,0,0
0,Early_Return,7,2,1,0,1,408.2,1.0,1,0,0,0
1,Early_Return,13,9,4,0,0,184.0,1.0,1,0,0,1
1,Full_Day,7,15,5,1,1,170.4,1.0,1,1,0,0
0,Full_Day,7,8,1,0,1,485.4906,1.0,1,0,0,0
0,Full_Day,7,1,6,1,1,407.0,0.0,1,0,0,0
0,Early_Return,7,56,4,0,1,464.5,0.0,1,1,0,0
0,Early_Return,11,56,4,0,1,377.6666666666667,0.0,1,0,0,0
0,Full_Day,11,51,6,1,1,329.25,0.0,1,0,0,0
0,Early_Return,6,46,2,0,1,485.4906,0.0,1,0,0,0
0,Full_Day,6,47,2,0,1,113.0,0.0,1,0,1,0
0,Full_Day,12,12,3,0,0,212.5,0.0,1,0,0,0
0,Full_Day,12,46,1,0,0,266.3333333333333,0.0,1,0,1,0
0,Overnight,7,21,4,0,1,312.75,0.0,1,0,0,0
0,Full_Day,7,10,5,1,1,502.6,1.0,1,0,0,0
0,Full_Day,7,14,4,0,1,528.4,1.0,1,0,0,0
0,Overnight,12,10,6,1,0,485.4906,1.0,1,0,1,0
0,Full_Day,12,39,2,0,0,859.0,1.0,1,0,0,0
0,Full_Day,12,17,3,0,0,667.0,1.0,1,0,1,0
0,Overnight,12,8,2,0,0,600.0,1.0,1,1,0,0
0,Overnight,12,42,5,1,0,760.75,2.0,1,1,0,0
0,Early_Return,6,49,1,0,1,840.6,3.0,1,0,0,0
0,Full_Day,12,58,1,0,0,683.0,3.0,1,0,1,0
0,Early_Return,6,45,0,0,1,662.2,3.0,1,0,0,1
0,Full_Day,6,15,3,0,1,603.4,3.0,1,0,0,1
0,Long_Term,12,42,4,0,0,425.4,3.0,1,0,1,0
1,Early_Return,6,6,0,0,1,1011.8,3.0,1,0,1,0
1,Full_Day,12,57,0,0,0,1018.2,3.0,1,1,0,0
0,Overnight,6,28,5,1,1,485.4906,3.0,1,0,1,0
0,Early_Return,12,56,6,1,0,1239.0,1.0,1,1,0,0
0,Full_Day,7,33,5,1,1,682.0,1.0,1,0,0,1
0,Full_Day,7,31,0,0,1,570.6666666666666,1.0,1,0,0,0
0,Early_Return,13,19,6,1,0,543.0,1.0,1,0,1,0
0,Full_Day,12,50,1,0,0,474.8,1.0,1,1,0,0
0,Full_Day,6,41,1,0,1,297.4,1.0,1,0,0,1
0,Early_Return,7,14,5,1,1,379.6,1.0,1,0,0,0
0,Early_Return,12,10,4,0,0,344.2,1.0,1,0,0,0
0,Early_Return,7,24,5,1,1,485.4906,1.0,1,0,0,0
0,Early_Return,12,59,4,0,0,122.0,0.0,1,0,0,0
0,Long_Term,6,42,6,1,1,101.5,0.0,1,0,0,0
0,Full_Day,8,11,5,1,1,1215.0,0.0,1,0,1,0
0,Full_Day,12,48,2,0,0,1030.75,0.0,1,1,0,0
0,Early_Return,7,1,4,0,1,485.4906,0.0,1,0,0,0
0,Full_Day,12,14,3,0,0,143.0,0.0,1,1,0,0
0,Early_Return,12,57,4,0,0,216.0,0.0,1,1,0,0
0,Full_Day,6,32,6,1,1,187.66666666666666,0.0,1,1,0,0
0,Overnight,13,13,2,0,0,271.25,0.0,1,0,1,0
0,Full_Day,7,10,4,0,1,372.0,1.0,1,0,0,1
0,Early_Return,12,29,6,1,0,408.0,1.0,1,1,0,0
1,Overnight,7,3,1,0,1,377.0,1.0,1,1,0,0
0,Full_Day,6,43,1,0,1,485.4906,2.0,0,1,0,0
0,Early_Return,6,51,6,1,1,434.0,0.0,1,0,0,0
0,Full_Day,11,51,5,1,1,293.0,0.0,1,1,0,0
1,Full_Day,7,2,4,0,1,292.0,0.0,1,1,0,0
1,Long_Term,6,54,5,1,1,286.5,0.0,1,1,0,0
1,Early_Return,12,33,5,1,0,827.4,0.0,1,0,0,0
0,Overnight,12,50,3,0,0,485.4906,0.0,1,0,0,0
0,Full_Day,12,37,4,0,0,767.0,1.0,1,0,0,1
0,Full_Day,12,24,6,1,0,625.0,1.0,1,0,0,0
0,Early_Return,6,52,5,1,1,551.6666666666666,1.0,1,0,0,1
0,Full_Day,13,2,5,1,0,446.0,1.0,1,0,0,0
0,Full_Day,6,44,6,1,1,455.8,1.0,1,0,0,1
0,Early_Return,12,19,5,1,0,385.8,1.0,1,0,0,0
1,Full_Day,11,33,1,0,1,327.2,1.0,1,0,0,0
1,Early_Return,7,54,1,0,1,318.8,1.0,1,0,0,1
0,Full_Day,7,19,6,1,1,485.4906,1.0,1,0,0,1
0,Early_Return,7,10,6,1,1,452.0,0.0,1,1,0,0
0,Overnight,6,46,2,0,1,303.0,0.0,0,0,1,0
1,Full_Day,7,11,2,0,1,449.0,1.0,1,1,0,0
1,Full_Day,12,20,3,0,0,421.0,1.0,1,0,0,0
0,Long_Term,6,55,5,1,1,485.4906,1.0,1,0,1,0
0,Full_Day,12,43,3,0,0,1743.0,0.0,1,0,0,0
0,Early_Return,8,1,3,0,1,1053.5,0.0,1,1,0,0
0,Early_Return,6,56,4,0,1,738.0,0.0,1,0,0,0
0,Full_Day,12,33,5,1,0,593.75,0.0,1,0,1,0
0,Full_Day,12,49,3,0,0,578.2,0.0,1,0,0,0
1,Early_Return,6,56,2,0,1,331.2,0.0,1,0,0,0
1,Early_Return,12,17,3,0,0,279.8,0.0,1,0,0,1
1,Early_Return,7,5,4,0,1,298.8,0.0,1,0,0,0
1,Early_Return,7,31,4,0,1,280.8,0.0,1,0,0,0
0,Full_Day,12,18,2,0,0,485.4906,0.0,0,0,1,0
0,Full_Day,7,3,4,0,1,348.0,0.0,1,1,0,0
0,Overnight,13,3,0,0,0,365.5,0.0,1,1,0,0
0,Overnight,6,41,3,0,1,495.0,1.0,1,1,0,0
0,Full_Day,13,2,1,0,0,643.25,2.0,1,0,0,0
0,Early_Return,7,38,4,0,1,574.0,2.0,1,0,0,0
0,Full_Day,12,18,1,0,0,542.0,2.0,1,1,0,0
0,Full_Day,12,26,3,0,0,558.0,2.0,1,1,0,0
1,Full_Day,13,0,0,0,0,490.8,2.0,1,1,0,0
1,Overnight,6,35,3,0,1,340.2,2.0,1,0,1,0
1,Full_Day,13,28,3,0,0,536.0,3.0,1,0,1,0
0,Overnight,13,21,3,0,0,485.4906,3.0,1,0,1,0
0,Full_Day,6,50,1,0,1,1420.0,1.0,1,0,0,0
0,Early_Return,7,44,2,0,1,863.0,1.0,1,1,0,0
0,Full_Day,12,10,0,0,0,637.0,1.0,1,0,0,0
0,Full_Day,6,47,3,0,1,592.25,1.0,1,0,0,0
0,Overnight,13,28,2,0,0,544.8,1.0,1,1,0,0
1,Full_Day,7,2,0,0,1,478.8,2.0,1,0,1,0
0,Early_Return,7,17,2,0,1,485.4906,2.0,1,1,0,0
0,Early_Return,7,3,5,1,1,157.0,0.0,1,0,0,1
0,Full_Day,13,30,0,0,0,114.5,0.0,1,1,0,0
0,Full_Day,12,20,2,0,0,168.33333333333334,0.0,1,1,0,0
0,Full_Day,7,3,2,0,1,228.25,0.0,1,1,0,0
0,Full_Day,7,9,5,1,1,485.4906,0.0,1,0,0,0
0,Early_Return,7,5,3,0,1,306.0,0.0,1,0,0,0
0,Overnight,6,55,2,0,1,199.5,0.0,1,0,0,0
0,Full_Day,6,53,5,1,1,564.0,1.0,1,0,1,0
0,Early_Return,7,6,2,0,1,544.5,1.0,1,0,0,1
0,Early_Return,6,22,5,1,1,465.0,1.0,1,0,0,1
0,Overnight,6,46,2,0,1,443.8,1.0,1,0,1,0
0,Long_Term,6,7,4,0,1,659.8,2.0,1,1,0,0
0,Overnight,6,38,5,1,1,928.6,2.0,1,0,0,0
0,Overnight,12,45,3,0,0,485.4906,3.0,1,0,0,0
0,Full_Day,6,55,2,0,1,1271.0,1.0,1,0,0,1
0,Overnight,6,34,3,0,1,867.0,1.0,1,1,0,0
0,Early_Return,7,13,6,1,1,945.0,2.0,1,0,1,0
0,Full_Day,12,5,6,1,0,724.75,2.0,1,0,1,0
0,Early_Return,7,2,6,1,1,664.0,2.0,1,1,0,0
0,Full_Day,7,27,4,0,1,438.6,2.0,1,0,0,0
0,Full_Day,7,15,2,0,1,435.8,2.0,1,0,0,0
0,Early_Return,12,20,4,0,0,305.8,2.0,1,0,0,0
0,Full_Day,7,19,2,0,1,330.6,2.0,1,1,0,0
1,Early_Return,6,30,3,0,1,351.8,2.0,1,1,0,0
0,Overnight,6,57,6,1,1,485.4906,2.0,1,1,0,0
0,Early_Return,8,7,2,0,1,1234.0,1.0,1,0,1,0
0,Overnight,6,55,1,0,1,704.0,1.0,1,1,0,0
0,Full_Day,6,17,3,0,1,736.0,2.0,1,0,0,0
0,Full_Day,6,32,4,0,1,685.75,2.0,1,0,1,0
0,Early_Return,12,53,0,0,0,635.6,2.0,1,0,0,0
1,Long_Term,6,56,2,0,1,414.8,2.0,1,0,0,0
1,Early_Return,6,39,3,0,1,680.0,2.0,1,0,0,0
0,Early_Return,6,7,6,1,1,485.4906,2.0,1,0,1,0
0,Full_Day,6,59,4,0,1,114.0,0.0,1,0,1,0
0,Overnight,7,14,5,1,1,198.5,0.0,1,0,1,0
0,Full_Day,12,33,5,1,0,561.6666666666666,1.0,1,1,0,0
0,Early_Return,7,13,0,0,1,517.5,1.0,1,0,0,0
0,Long_Term,6,45,3,0,1,426.2,1.0,1,0,1,0
0,Full_Day,6,19,4,0,1,485.4906,1.0,1,0,1,0
0,Early_Return,6,33,6,1,1,507.0,0.0,1,0,0,0
1,Early_Return,12,28,2,0,0,301.5,0.0,1,1,0,0
0,Full_Day,12,27,6,1,0,485.4906,0.0,1,0,1,0
0,Early_Return,6,17,5,1,1,343.0,0.0,1,0,0,0
0,Early_Return,6,35,6,1,1,275.0,0.0,1,0,0,0
0,Full_Day,7,48,6,1,1,248.33333333333334,0.0,1,0,1,0
0,Overnight,6,43,0,0,1,321.0,0.0,1,1,0,0
0,Full_Day,12,58,4,0,0,412.4,1.0,1,0,0,0
0,Early_Return,13,4,2,0,0,435.4,1.0,1,0,0,0
0,Early_Return,5,51,2,0,1,485.4906,1.0,1,0,1,0
0,Overnight,7,57,2,0,1,193.0,0.0,1,1,0,0
0,Early_Return,12,58,0,0,0,737.0,1.0,1,1,0,0
0,Early_Return,12,52,1,0,0,525.6666666666666,1.0,1,1,0,0
0,Full_Day,12,16,0,0,0,425.25,1.0,1,0,0,1
0,Full_Day,13,42,3,0,0,401.6,1.0,1,0,0,1
0,Early_Return,12,36,0,0,0,453.2,1.0,1,1,0,0
0,Early_Return,12,33,3,0,0,237.6,1.0,1,0,1,0
0,Long_Term,12,49,0,0,0,247.8,1.0,1,0,0,0
0,Early_Return,12,16,5,1,0,1012.8,1.0,1,0,0,0
1,Full_Day,6,16,1,0,1,989.4,1.0,1,0,1,0
1,Early_Return,12,47,3,0,0,997.6,1.0,1,0,1,0
0,Early_Return,13,8,1,0,0,485.4906,1.0,1,1,0,0
0,Early_Return,6,47,2,0,1,203.0,0.0,1,0,0,0
0,Full_Day,6,40,2,0,1,194.5,0.0,1,0,0,0
0,Full_Day,6,51,3,0,1,235.33333333333334,0.0,0,0,0,0
0,Early_Return,7,8,4,0,1,287.5,0.0,1,1,0,0
0,Full_Day,6,47,4,0,1,255.0,0.0,1,0,0,0
0,Long_Term,6,35,6,1,1,292.4,0.0,1,0,0,1
0,Early_Return,6,38,6,1,1,1000.6,0.0,1,0,0,0
0,Early_Return,7,27,4,0,1,970.4,0.0,1,0,0,0
1,Full_Day,7,29,6,1,1,911.6,0.0,1,0,0,0
0,Early_Return,7,19,3,0,1,485.4906,0.0,1,0,0,1
1,Early_Return,6,30,2,0,1,204.0,0.0,1,0,0,0
1,Overnight,13,1,4,0,0,156.5,0.0,1,0,0,0
1,Full_Day,7,45,5,1,1,363.6666666666667,1.0,1,0,0,0
0,Early_Return,12,58,5,1,0,485.4906,1.0,1,0,0,0
0,Overnight,7,20,4,0,1,208.0,0.0,1,1,0,0
0,Overnight,6,48,5,1,1,639.0,1.0,1,1,0,0
0,Early_Return,7,33,0,0,1,904.6666666666666,2.0,1,1,0,0
0,Early_Return,7,33,4,0,1,697.5,2.0,1,0,0,0
0,Full_Day,6,27,5,1,1,587.8,2.0,1,0,0,0
0,Full_Day,12,1,3,0,0,600.2,2.0,1,0,1,0
0,Full_Day,12,47,3,0,0,447.4,2.0,1,0,0,0
0,Full_Day,6,27,1,0,1,217.4,2.0,1,1,0,0
0,Full_Day,6,56,1,0,1,250.6,2.0,1,0,0,0
0,Full_Day,12,31,1,0,0,315.0,2.0,1,0,0,0
0,Early_Return,12,53,0,0,0,485.4906,2.0,1,0,0,1
0,Early_Return,6,47,3,0,1,126.0,0.0,1,1,0,0
0,Early_Return,7,23,2,0,1,154.5,0.0,1,1,0,0
1,Early_Return,6,57,5,1,1,159.66666666666666,0.0,1,1,0,0
0,Early_Return,12,43,2,0,0,485.4906,0.0,1,0,0,0
0,Overnight,6,39,6,1,1,200.0,0.0,1,0,0,0
0,Early_Return,7,1,6,1,1,525.0,1.0,1,0,0,0
0,Early_Return,6,51,1,0,1,404.6666666666667,1.0,1,0,0,0
0,Full_Day,6,51,3,0,1,348.5,1.0,1,0,1,0
0,Full_Day,7,18,3,0,1,357.6,1.0,1,1,0,0
0,Full_Day,12,21,0,0,0,377.2,1.0,1,0,1,0
0,Full_Day,12,57,4,0,0,256.8,1.0,1,0,0,0
1,Early_Return,6,31,4,0,1,282.2,1.0,1,0,0,1
0,Early_Return,6,54,1,0,1,485.4906,1.0,1,0,1,0
0,Full_Day,7,59,4,0,1,82.0,0.0,1,1,0,0
0,Full_Day,7,5,6,1,1,211.5,0.0,1,1,0,0
0,Full_Day,6,12,4,0,1,267.0,0.0,0,1,0,0
0,Full_Day,7,43,4,0,1,271.0,0.0,1,1,0,0
0,Early_Return,6,59,5,1,1,324.2,0.0,1,0,0,0
0,Overnight,7,23,1,0,1,340.4,0.0,1,0,1,0
0,Full_Day,13,23,5,1,0,455.0,1.0,1,0,0,0
0,Early_Return,12,11,1,0,0,470.2,1.0,1,0,0,1
1,Early_Return,7,0,6,1,1,425.6,1.0,1,0,1,0
0,Full_Day,6,32,0,0,1,485.4906,1.0,1,1,0,0
0,Early_Return,12,23,6,1,0,407.0,0.0,1,0,0,1
0,Early_Return,12,40,0,0,0,287.0,0.0,1,0,0,0
0,Full_Day,6,32,1,0,1,218.33333333333334,0.0,1,0,1,0
0,Early_Return,12,34,0,0,0,239.25,0.0,1,0,0,1
0,Overnight,6,51,3,0,1,211.0,0.0,1,1,0,0
0,Full_Day,12,2,5,1,0,356.2,1.0,1,0,1,0
0,Early_Return,12,30,4,0,0,419.8,1.0,1,1,0,0
0,Overnight,12,43,2,0,0,424.4,1.0,1,0,1,0
0,Early_Return,7,14,1,0,1,485.4906,2.0,1,1,0,0
0,Full_Day,13,7,1,0,0,110.0,0.0,1,0,1,0
0,Full_Day,7,29,1,0,1,214.0,0.0,1,0,1,0
0,Full_Day,7,24,4,0,1,244.0,0.0,1,0,1,0
0,Early_Return,6,21,5,1,1,314.25,0.0,1,0,0,0
0,Overnight,6,41,2,0,1,273.0,0.0,1,0,1,0
0,Full_Day,12,59,5,1,0,535.8,1.0,1,0,0,0
0,Full_Day,12,59,6,1,0,565.8,1.0,1,0,0,0
0,Full_Day,12,56,6,1,0,571.0,1.0,1,1,0,0
0,Early_Return,6,33,5,1,1,520.8,1.0,1,0,1,0
0,Full_Day,7,56,2,0,1,538.8,1.0,1,0,0,0
0,Early_Return,12,22,4,0,0,485.4906,1.0,1,0,0,0
0,Full_Day,7,25,4,0,1,195.0,0.0,1,0,0,0
0,Long_Term,5,41,1,0,1,336.0,0.0,1,0,0,0
0,Early_Return,8,6,4,0,1,983.3333333333334,0.0,1,0,0,1
0,Early_Return,13,0,2,0,0,767.5,0.0,1,1,0,0
0,Full_Day,6,35,5,1,1,628.2,0.0,1,0,0,0
0,Long_Term,6,47,5,1,1,684.2,0.0,1,0,1,0
1,Full_Day,6,41,5,1,1,936.4,0.0,1,0,0,0
0,Full_Day,7,42,3,0,1,485.4906,0.0,1,1,0,0
0,Early_Return,12,42,0,0,0,317.0,0.0,1,0,1,0
0,Early_Return,6,47,4,0,1,233.5,0.0,1,0,1,0
0,Early_Return,7,47,4,0,1,176.0,0.0,0,0,1,0
0,Full_Day,12,26,4,0,0,147.25,0.0,1,0,0,1
0,Full_Day,12,51,5,1,0,180.8,0.0,1,1,0,0
0,Overnight,6,31,1,0,1,204.8,0.0,1,0,0,0
0,Overnight,12,48,6,1,0,437.0,1.0,1,0,0,0
1,Long_Term,12,28,1,0,0,596.2,2.0,1,0,0,0
0,Long_Term,7,0,6,1,1,485.4906,2.0,1,0,1,0
0,Full_Day,7,38,0,0,1,2365.0,0.0,1,0,1,0
0,Full_Day,7,28,1,0,1,1331.5,0.0,1,0,0,0
0,Full_Day,13,7,3,0,0,1048.0,0.0,1,0,0,0
0,Full_Day,6,58,0,0,1,485.4906,0.0,1,0,0,0
0,Full_Day,7,5,0,0,1,436.0,0.0,1,1,0,0
0,Full_Day,7,19,3,0,1,373.5,0.0,1,1,0,0
0,Early_Return,13,3,4,0,0,376.3333333333333,0.0,1,1,0,0
0,Early_Return,14,1,4,0,0,334.0,0.0,1,0,0,0
0,Early_Return,12,49,0,0,0,304.6,0.0,1,0,0,0
0,Full_Day,6,15,3,0,1,240.6,0.0,1,1,0,0
0,Early_Return,7,7,3,0,1,485.4906,0.0,1,0,0,0
0,Full_Day,12,34,4,0,0,158.0,0.0,1,0,1,0
0,Overnight,7,12,0,0,1,200.0,0.0,1,0,0,0
0,Full_Day,6,31,2,0,1,571.6666666666666,1.0,1,0,1,0
0,Full_Day,12,19,3,0,0,516.25,1.0,1,1,0,0
0,Full_Day,12,59,4,0,0,501.4,1.0,1,0,1,0
0,Early_Return,7,5,3,0,1,569.6,1.0,1,1,0,0
0,Full_Day,13,58,1,0,0,543.6,1.0,1,1,0,0
0,Full_Day,6,29,1,0,1,343.2,1.0,1,0,0,1
0,Full_Day,8,4,1,0,1,357.4,1.0,1,1,0,0
1,Early_Return,13,31,1,0,0,360.4,1.0,1,0,0,1
1,Full_Day,12,49,5,1,0,291.4,1.0,1,1,0,0
0,Full_Day,12,48,2,0,0,485.4906,1.0,1,0,0,1
0,Overnight,7,1,5,1,1,263.0,0.0,1,0,1,0
0,Full_Day,12,23,2,0,0,701.0,1.0,1,1,0,0
0,Full_Day,13,14,4,0,0,643.6666666666666,1.0,1,0,0,0
0,Full_Day,12,28,0,0,0,603.5,1.0,1,0,0,1
0,Full_Day,7,42,0,0,1,547.0,1.0,1,1,0,0
0,Full_Day,7,0,6,1,1,586.4,1.0,1,1,0,0
1,Early_Return,12,15,0,0,0,408.8,1.0,1,1,0,0
0,Early_Return,7,16,4,0,1,485.4906,1.0,1,1,0,0
0,Early_Return,12,52,6,1,0,485.4906,0.0,1,0,0,0
0,Full_Day,12,59,0,0,0,179.0,0.0,1,1,0,0
0,Early_Return,12,18,6,1,0,255.0,0.0,1,0,0,0
0,Early_Return,12,10,1,0,0,226.33333333333334,0.0,1,0,0,1
0,Overnight,7,23,3,0,1,221.5,0.0,1,0,0,0
0,Full_Day,8,4,4,0,1,379.0,1.0,1,0,1,0
0,Early_Return,6,30,5,1,1,424.2,1.0,1,0,0,1
0,Early_Return,6,54,2,0,1,388.2,1.0,1,0,0,1
0,Long_Term,12,4,1,0,0,389.6,1.0,1,1,0,0
0,Full_Day,7,31,1,0,1,835.4,1.0,1,0,1,0
1,Early_Return,6,48,4,0,1,726.2,1.0,1,1,0,0
0,Early_Return,7,13,3,0,1,485.4906,1.0,1,0,0,0
0,Overnight,6,12,4,0,1,111.0,0.0,1,1,0,0
0,Full_Day,6,33,6,1,1,652.0,1.0,1,1,0,0
0,Full_Day,12,43,3,0,0,539.3333333333334,1.0,1,0,0,0
0,Full_Day,13,13,0,0,0,535.0,1.0,1,0,0,0
0,Full_Day,7,32,6,1,1,511.4,1.0,1,0,1,0
0,Full_Day,6,35,3,0,1,560.6,1.0,1,0,0,0
0,Early_Return,7,27,6,1,1,485.4906,1.0,1,0,0,0
0,Full_Day,6,43,5,1,1,104.0,0.0,1,1,0,0
0,Full_Day,13,2,5,1,0,312.0,0.0,1,0,1,0
0,Full_Day,12,1,0,0,0,377.3333333333333,0.0,1,0,0,0
0,Overnight,12,48,0,0,0,344.0,0.0,1,0,1,0
0,Full_Day,7,27,5,1,1,487.6,1.0,1,0,0,0
0,Full_Day,6,53,2,0,1,526.0,1.0,1,0,0,0
0,Full_Day,7,8,3,0,1,474.0,1.0,1,0,0,0
1,Early_Return,7,33,5,1,1,447.6,1.0,1,0,1,0
0,Full_Day,6,57,2,0,1,485.4906,1.0,1,0,0,0
0,Full_Day,6,53,6,1,1,366.0,0.0,1,1,0,0
0,Early_Return,6,53,4,0,1,434.5,0.0,1,0,0,1
0,Early_Return,6,35,5,1,1,485.4906,0.0,1,1,0,0
0,Full_Day,6,22,1,0,1,124.0,0.0,1,0,0,0
0,Long_Term,5,53,6,1,1,218.0,0.0,1,0,0,0
0,Long_Term,6,32,5,1,1,828.3333333333334,0.0,1,1,0,0
0,Full_Day,6,22,1,0,1,1429.5,0.0,1,0,1,0
0,Early_Return,13,2,1,0,0,1196.8,0.0,1,1,0,0
0,Full_Day,6,45,2,0,1,1212.0,0.0,1,0,0,0
0,Overnight,5,53,5,1,1,485.4906,0.0,1,1,0,0
0,Early_Return,6,29,5,1,1,788.0,1.0,1,0,0,0
0,Full_Day,6,41,5,1,1,447.0,1.0,1,0,1,0
0,Full_Day,7,1,6,1,1,406.3333333333333,1.0,1,0,0,1
0,Full_Day,12,54,6,1,0,380.0,1.0,1,0,0,0
0,Overnight,6,49,6,1,1,375.8,1.0,1,0,0,0
1,Full_Day,6,37,2,0,1,406.0,2.0,1,1,0,0
1,Early_Return,6,43,5,1,1,485.4906,2.0,1,0,0,1
1,Full_Day,6,38,0,0,1,96.0,0.0,1,0,0,0
0,Full_Day,12,8,2,0,0,485.4906,0.0,1,0,1,0
0,Full_Day,12,49,2,0,0,468.0,0.0,1,1,0,0
0,Overnight,6,2,2,0,1,484.0,0.0,1,0,0,0
0,Full_Day,12,6,0,0,0,741.6666666666666,1.0,1,0,0,0
0,Long_Term,13,24,5,1,0,666.0,1.0,1,0,0,0
1,Overnight,6,19,5,1,1,1037.6,1.0,1,0,0,0
0,Full_Day,6,22,5,1,1,485.4906,2.0,1,0,1,0
0,Long_Term,7,27,1,0,1,470.0,0.0,1,1,0,0
0,Full_Day,7,11,0,0,1,1369.0,0.0,1,0,1,0
0,Long_Term,7,5,1,0,1,1066.6666666666667,0.0,1,0,0,0
0,Early_Return,6,45,3,0,1,1387.25,0.0,1,1,0,0
0,Full_Day,6,40,6,1,1,1144.2,0.0,1,0,0,0
1,Full_Day,12,43,3,0,0,1119.0,0.0,1,0,0,0
0,Early_Return,6,31,2,0,1,485.4906,0.0,0,1,0,0
0,Early_Return,6,45,0,0,1,93.0,0.0,1,0,0,0
0,Full_Day,7,50,0,0,1,81.5,0.0,1,1,0,0
0,Early_Return,6,45,6,1,1,232.0,0.0,1,1,0,0
0,Early_Return,12,30,6,1,0,215.0,0.0,1,1,0,0
0,Full_Day,6,28,1,0,1,186.4,0.0,1,0,0,0
0,Full_Day,6,27,5,1,1,227.4,0.0,1,0,0,0
0,Early_Return,7,12,6,1,1,319.4,0.0,1,0,0,0
0,Full_Day,12,14,6,1,0,253.6,0.0,1,1,0,0
0,Full_Day,7,37,3,0,1,300.6,0.0,1,1,0,0
0,Early_Return,7,24,2,0,1,379.8,0.0,1,0,0,0
0,Full_Day,6,56,0,0,1,344.0,0.0,1,0,0,0
0,Full_Day,6,55,1,0,1,329.4,0.0,1,0,0,0
0,Early_Return,13,0,5,1,0,485.4906,0.0,1,0,0,0
0,Full_Day,13,14,2,0,0,148.0,0.0,1,0,0,0
0,Full_Day,12,55,4,0,0,260.5,0.0,1,0,1,0
0,Full_Day,7,12,5,1,1,286.3333333333333,0.0,1,0,1,0
1,Early_Return,6,53,2,0,1,304.75,0.0,1,0,0,0
1,Full_Day,6,30,4,0,1,279.0,0.0,1,0,0,0
0,Overnight,12,41,5,1,0,485.4906,0.0,1,1,0,0
0,Full_Day,7,58,5,1,1,1111.0,1.0,1,0,0,0
0,Full_Day,6,32,4,0,1,721.0,1.0,1,0,1,0
1,Early_Return,12,46,4,0,0,629.0,1.0,1,1,0,0
0,Early_Return,6,52,5,1,1,485.4906,1.0,1,1,0,0
0,Long_Term,7,36,0,0,1,136.0,0.0,1,1,0,0
0,Early_Return,6,21,6,1,1,1100.5,0.0,1,0,1,0
0,Full_Day,12,41,0,0,0,796.3333333333334,0.0,1,0,1,0
1,Early_Return,6,57,0,0,1,678.25,0.0,1,0,0,0
0,Early_Return,7,38,4,0,1,485.4906,0.0,1,1,0,0
0,Full_Day,7,44,5,1,1,92.0,0.0,1,0,1,0
0,Full_Day,12,32,3,0,0,178.5,0.0,1,1,0,0
0,Full_Day,6,32,3,0,1,251.33333333333334,0.0,1,1,0,0
0,Early_Return,12,41,6,1,0,292.0,0.0,1,0,0,0
0,Full_Day,7,40,1,0,1,254.8,0.0,1,1,0,0
0,Early_Return,13,30,2,0,0,322.2,0.0,1,0,1,0
0,Full_Day,7,43,3,0,1,290.0,0.0,1,0,0,1
1,Full_Day,6,42,0,0,1,271.2,0.0,1,1,0,0
1,Long_Term,7,14,4,0,1,287.0,0.0,1,1,0,0
0,Full_Day,6,59,4,0,1,485.4906,0.0,1,0,0,0
0,Full_Day,13,54,4,0,0,409.0,0.0,1,0,1,0
0,Early_Return,6,45,0,0,1,454.0,0.0,1,0,1,0
0,Full_Day,6,38,3,0,1,354.6666666666667,0.0,1,0,0,0
0,Full_Day,12,22,3,0,0,384.25,0.0,1,1,0,0
0,Full_Day,7,18,5,1,1,401.6,0.0,1,0,0,1
0,Full_Day,7,31,0,0,1,404.0,0.0,1,1,0,0
1,Early_Return,13,5,1,0,0,376.4,0.0,1,0,0,0
1,Full_Day,6,29,6,1,1,485.4906,0.0,1,1,0,0
1,Early_Return,6,3,5,1,1,361.0,0.0,1,1,0,0
0,Full_Day,7,2,1,0,1,485.4906,0.0,1,0,0,0
0,Full_Day,7,7,2,0,1,263.0,0.0,1,0,0,0
0,Full_Day,7,26,4,0,1,379.0,0.0,1,0,1,0
0,Full_Day,6,47,6,1,1,363.6666666666667,0.0,1,0,0,1
0,Full_Day,7,53,3,0,1,384.0,0.0,1,1,0,0
0,Full_Day,12,36,4,0,0,374.2,0.0,1,0,0,0
0,Full_Day,12,21,6,1,0,369.8,0.0,1,0,0,0
0,Full_Day,7,54,4,0,1,356.6,0.0,1,0,0,1
1,Full_Day,6,55,3,0,1,355.8,0.0,1,0,0,0
1,Early_Return,6,56,0,0,1,324.6,0.0,1,1,0,0
1,Full_Day,7,1,3,0,1,272.4,0.0,1,1,0,0
0,Early_Return,6,20,0,0,1,485.4906,0.0,1,0,0,0
0,Early_Return,5,30,2,0,1,125.0,0.0,1,0,0,0
0,Early_Return,6,41,2,0,1,149.5,0.0,1,0,0,0
0,Early_Return,7,7,5,1,1,157.33333333333334,0.0,1,0,0,0
0,Long_Term,13,2,1,0,0,136.0,0.0,1,0,0,0
1,Full_Day,6,49,3,0,1,622.0,0.0,1,1,0,0
0,Early_Return,7,32,4,0,1,485.4906,0.0,0,1,0,0
0,Full_Day,12,46,6,1,0,159.0,0.0,1,0,0,0
0,Overnight,6,46,6,1,1,303.5,0.0,1,0,1,0
0,Full_Day,7,9,4,0,1,602.3333333333334,1.0,1,0,0,0
0,Overnight,8,0,5,1,1,556.0,1.0,1,0,0,0
1,Full_Day,12,55,3,0,0,596.0,2.0,1,1,0,0
1,Early_Return,7,27,4,0,1,655.4,2.0,1,1,0,0
1,Early_Return,6,33,2,0,1,605.4,2.0,1,1,0,0
0,Early_Return,6,29,2,0,1,485.4906,2.0,1,1,0,0
0,Early_Return,13,55,3,0,0,78.0,0.0,1,0,0,1
0,Full_Day,12,5,6,1,0,122.0,0.0,1,1,0,0
0,Full_Day,7,43,6,1,1,192.0,0.0,1,0,1,0
0,Early_Return,6,2,5,1,1,258.0,0.0,0,0,0,0
0,Long_Term,12,48,3,0,0,224.6,0.0,1,0,0,0
0,Full_Day,12,5,5,1,0,704.4,0.0,1,0,1,0
0,Full_Day,11,57,2,0,1,773.8,0.0,1,1,0,0
1,Early_Return,12,44,2,0,0,788.6,0.0,1,1,0,0
0,Early_Return,6,40,2,0,1,485.4906,0.0,1,0,0,0
0,Early_Return,7,10,3,0,1,198.0,0.0,1,0,1,0
0,Early_Return,7,21,2,0,1,150.0,0.0,1,0,0,0
0,Full_Day,6,43,6,1,1,126.33333333333333,0.0,1,0,0,0
0,Full_Day,6,26,4,0,1,173.25,0.0,1,0,1,0
0,Full_Day,6,45,5,1,1,226.8,0.0,1,0,0,0
1,Overnight,7,29,0,0,1,241.4,0.0,1,0,0,0
1,Early_Return,12,10,0,0,0,439.0,1.0,1,0,0,0
0,Full_Day,13,50,5,1,0,485.4906,1.0,1,0,1,0
0,Full_Day,7,8,6,1,1,251.0,0.0,1,0,0,0
1,Full_Day,7,6,2,0,1,327.0,0.0,1,0,0,0
1,Full_Day,7,7,2,0,1,312.6666666666667,0.0,1,0,0,1
0,Full_Day,13,14,3,0,0,485.4906,0.0,1,1,0,0
0,Early_Return,7,0,1,0,1,331.0,0.0,1,1,0,0
0,Early_Return,7,16,0,0,1,234.5,0.0,1,0,0,0
0,Full_Day,7,0,2,0,1,199.33333333333334,0.0,1,1,0,0
0,Long_Term,6,54,1,0,1,240.75,0.0,1,0,0,0
1,Full_Day,13,22,6,1,0,911.4,0.0,1,0,0,0
0,Full_Day,7,21,0,0,1,485.4906,0.0,1,0,1,0
0,Full_Day,12,54,6,1,0,382.0,0.0,0,1,0,0
0,Full_Day,13,42,0,0,0,456.0,0.0,1,0,0,0
0,Early_Return,6,32,3,0,1,388.3333333333333,0.0,1,0,0,0
0,Early_Return,7,0,6,1,1,332.5,0.0,1,0,1,0
0,Full_Day,6,42,4,0,1,289.2,0.0,1,0,0,1
0,Full_Day,7,29,2,0,1,269.8,0.0,1,0,0,0
1,Early_Return,12,49,1,0,0,257.0,0.0,1,0,0,0
1,Full_Day,7,0,0,0,1,219.8,0.0,1,1,0,0
1,Early_Return,12,44,3,0,0,271.2,0.0,1,0,0,0
1,Full_Day,7,13,0,0,1,278.6,0.0,1,0,0,0
1,Full_Day,7,14,5,1,1,278.8,0.0,1,1,0,0
0,Full_Day,7,24,6,1,1,485.4906,0.0,1,0,0,0
0,Full_Day,12,17,6,1,0,432.0,0.0,1,0,0,1
0,Early_Return,6,12,1,0,1,385.0,0.0,1,1,0,0
0,Full_Day,7,45,1,0,1,308.0,0.0,1,0,0,0
0,Full_Day,11,47,6,1,1,293.75,0.0,1,0,0,0
0,Early_Return,6,22,2,0,1,316.8,0.0,1,0,0,0
0,Early_Return,7,18,6,1,1,250.4,0.0,1,0,0,0
0,Early_Return,6,33,2,0,1,485.4906,0.0,1,0,1,0
1,Long_Term,7,17,4,0,1,148.0,0.0,1,0,0,1
0,Early_Return,6,33,1,0,1,485.4906,0.0,1,0,1,0
0,Early_Return,7,16,4,0,1,79.0,0.0,1,1,0,0
0,Full_Day,13,24,1,0,0,91.0,0.0,1,0,0,0
0,Early_Return,7,8,1,0,1,230.66666666666666,0.0,1,0,0,0
0,Full_Day,7,16,3,0,1,208.25,0.0,1,0,0,0
0,Full_Day,6,46,6,1,1,235.6,0.0,1,0,0,0
0,Full_Day,6,48,3,0,1,282.2,0.0,1,0,0,1
0,Full_Day,6,49,6,1,1,366.0,0.0,1,0,0,0
1,Long_Term,7,13,6,1,1,366.2,0.0,1,0,1,0
1,Full_Day,6,35,2,0,1,1066.2,0.0,1,0,0,1
0,Early_Return,7,2,6,1,1,485.4906,0.0,1,0,1,0
0,Full_Day,8,4,3,0,1,163.0,0.0,1,1,0,0
0,Early_Return,12,35,6,1,0,205.0,0.0,1,1,0,0
0,Full_Day,6,34,2,0,1,205.0,0.0,1,1,0,0
0,Early_Return,7,5,0,0,1,259.25,0.0,1,0,0,1
0,Full_Day,7,25,5,1,1,235.8,0.0,1,1,0,0
0,Long_Term,5,42,6,1,1,310.6,0.0,1,1,0,0
1,Overnight,7,14,1,0,1,1090.8,0.0,1,0,0,0
1,Full_Day,6,58,5,1,1,1259.4,1.0,1,1,0,0
1,Overnight,7,29,1,0,1,1224.0,1.0,1,1,0,0
1,Long_Term,6,57,4,0,1,1478.0,2.0,1,0,0,0
0,Overnight,13,54,2,0,0,485.4906,2.0,1,0,0,0
0,Early_Return,12,35,3,0,0,808.0,1.0,1,1,0,0
0,Full_Day,7,15,3,0,1,481.0,1.0,1,0,0,0
0,Full_Day,13,21,0,0,0,491.6666666666667,1.0,1,0,1,0
0,Full_Day,6,30,0,0,1,465.25,1.0,1,0,1,0
0,Early_Return,7,35,1,0,1,478.8,1.0,1,1,0,0
0,Early_Return,13,39,2,0,0,350.6,1.0,1,0,0,0
0,Early_Return,6,19,3,0,1,360.6,1.0,1,1,0,0
0,Overnight,7,13,3,0,1,292.8,1.0,1,0,0,0
0,Full_Day,12,55,5,1,0,495.4,2.0,1,0,1,0
0,Early_Return,7,37,1,0,1,478.8,2.0,1,0,0,0
0,Long_Term,6,13,3,0,1,482.8,2.0,1,0,0,0
1,Full_Day,7,4,2,0,1,967.8,2.0,1,0,0,0
1,Overnight,6,0,0,0,1,1019.0,2.0,1,0,1,0
0,Early_Return,13,2,3,0,0,485.4906,3.0,1,1,0,0
0,Early_Return,7,20,4,0,1,187.0,0.0,1,1,0,0
0,Early_Return,7,0,1,0,1,182.0,0.0,1,0,0,1
0,Early_Return,6,29,6,1,1,163.33333333333334,0.0,1,0,0,0
0,Full_Day,7,42,4,0,1,485.4906,0.0,0,0,0,0
0,Full_Day,7,39,3,0,1,361.0,0.0,1,0,0,0
0,Full_Day,12,52,6,1,0,438.5,0.0,1,1,0,0
0,Early_Return,6,57,5,1,1,470.3333333333333,0.0,1,1,0,0
0,Full_Day,12,44,5,1,0,382.75,0.0,1,1,0,0
0,Full_Day,6,50,6,1,1,355.0,0.0,1,0,1,0
1,Early_Return,7,17,4,0,1,389.0,0.0,1,0,0,0
0,Full_Day,12,41,1,0,0,485.4906,0.0,1,0,1,0
0,Overnight,7,31,5,1,1,497.0,0.0,1,0,0,0
0,Full_Day,7,13,6,1,1,741.5,1.0,1,0,1,0
0,Overnight,7,56,2,0,1,615.0,1.0,1,0,0,0
0,Early_Return,7,5,6,1,1,723.75,2.0,1,1,0,0
0,Early_Return,13,9,6,1,0,596.6,2.0,1,0,0,0
1,Full_Day,11,54,2,0,1,534.0,2.0,1,0,0,1
1,Long_Term,13,0,2,0,0,421.8,2.0,1,0,0,0
1,Early_Return,12,37,6,1,0,1027.4,2.0,1,0,0,0
0,Overnight,12,48,6,1,0,485.4906,2.0,1,0,1,0
0,Full_Day,7,47,3,0,1,844.0,1.0,1,1,0,0
0,Early_Return,12,45,1,0,0,641.5,1.0,1,1,0,0
0,Overnight,7,8,2,0,1,454.0,1.0,1,0,0,0
0,Full_Day,6,55,3,0,1,607.5,2.0,1,0,1,0
0,Full_Day,7,49,6,1,1,568.8,2.0,1,0,0,0
1,Early_Return,13,9,3,0,0,461.0,2.0,1,0,0,0
0,Full_Day,12,38,6,1,0,485.4906,2.0,1,0,0,0
0,Full_Day,7,29,1,0,1,391.0,0.0,1,0,0,1
0,Early_Return,12,35,3,0,0,321.0,0.0,1,0,1,0
0,Early_Return,6,58,1,0,1,264.3333333333333,0.0,1,1,0,0
0,Full_Day,6,21,2,0,1,249.75,0.0,1,0,0,1
0,Early_Return,13,19,3,0,0,254.4,0.0,1,0,0,0
0,Early_Return,6,33,5,1,1,214.4,0.0,1,0,0,0
0,Early_Return,13,21,2,0,0,197.4,0.0,1,1,0,0
0,Early_Return,6,33,2,0,1,208.8,0.0,1,0,0,0
1,Early_Return,6,59,3,0,1,180.8,0.0,1,0,0,0
0,Early_Return,12,35,1,0,0,485.4906,0.0,1,0,0,1
0,Full_Day,7,0,5,1,1,87.0,0.0,1,0,0,0
0,Early_Return,7,3,2,0,1,234.5,0.0,1,0,0,0
0,Early_Return,6,9,1,0,1,191.33333333333334,0.0,1,0,0,0
0,Long_Term,7,6,2,0,1,181.75,0.0,1,0,1,0
0,Early_Return,7,32,2,0,1,485.4906,0.0,1,0,0,1
0,Full_Day,11,17,0,0,1,76.0,0.0,1,0,1,0
0,Full_Day,6,27,6,1,1,296.0,0.0,1,0,0,1
0,Full_Day,6,27,3,0,1,351.0,0.0,1,0,0,0
0,Long_Term,6,48,1,0,1,327.75,0.0,1,1,0,0
0,Full_Day,12,43,4,0,0,650.0,0.0,1,0,1,0
1,Full_Day,7,36,0,0,1,731.4,0.0,1,1,0,0
1,Early_Return,7,39,2,0,1,732.8,0.0,1,0,0,0
1,Full_Day,6,50,0,0,1,656.4,0.0,1,0,1,0
0,Overnight,7,4,4,0,1,485.4906,0.0,1,0,0,0
0,Full_Day,12,22,1,0,0,1064.0,1.0,1,0,0,0
0,Full_Day,6,51,3,0,1,712.5,1.0,1,0,0,0
0,Full_Day,12,18,4,0,0,618.0,1.0,1,0,1,0
1,Full_Day,6,14,2,0,1,581.0,1.0,1,1,0,0
0,Full_Day,7,12,3,0,1,485.4906,1.0,1,0,0,0
0,Early_Return,13,28,1,0,0,445.0,0.0,1,1,0,0
0,Full_Day,12,4,4,0,0,286.5,0.0,1,0,0,0
0,Early_Return,8,0,1,0,1,298.3333333333333,0.0,1,0,1,0
0,Early_Return,6,15,3,0,1,246.75,0.0,1,1,0,0
0,Early_Return,12,17,2,0,0,233.0,0.0,1,0,1,0
0,Early_Return,6,28,6,1,1,177.6,0.0,1,0,0,0
0,Early_Return,6,13,0,0,1,182.2,0.0,1,1,0,0
0,Early_Return,11,45,2,0,1,485.4906,0.0,1,1,0,0
0,Full_Day,13,36,6,1,0,66.0,0.0,1,0,0,0
0,Full_Day,12,37,0,0,0,188.5,0.0,1,1,0,0
0,Overnight,12,17,3,0,0,227.66666666666666,0.0,1,0,0,0
1,Full_Day,6,48,6,1,1,422.25,1.0,1,0,0,0
0,Full_Day,7,4,4,0,1,485.4906,1.0,1,0,0,0
0,Full_Day,12,52,4,0,0,422.0,0.0,1,0,0,1
0,Early_Return,13,18,4,0,0,350.5,0.0,1,0,0,0
1,Full_Day,7,25,3,0,1,267.6666666666667,0.0,1,1,0,0
1,Early_Return,6,45,3,0,1,329.5,0.0,1,1,0,0
0,Full_Day,6,34,6,1,1,485.4906,0.0,1,0,0,0
0,Full_Day,11,50,0,0,1,328.0,0.0,1,0,0,1
0,Early_Return,12,19,4,0,0,406.0,0.0,1,0,0,0
0,Full_Day,7,4,6,1,1,309.6666666666667,0.0,1,0,0,0
0,Full_Day,12,8,6,1,0,348.5,0.0,1,1,0,0
0,Full_Day,12,3,6,1,0,337.0,0.0,1,0,0,0
0,Full_Day,6,38,2,0,1,342.2,0.0,1,0,1,0
1,Full_Day,12,57,2,0,0,333.4,0.0,1,0,0,0
0,Long_Term,7,27,2,0,1,485.4906,0.0,1,1,0,0
0,Early_Return,12,56,2,0,0,2252.0,0.0,1,0,0,0
0,Early_Return,7,0,4,0,1,1179.5,0.0,1,0,0,0
0,Full_Day,6,54,3,0,1,843.3333333333334,0.0,1,0,0,0
0,Full_Day,13,10,3,0,0,703.5,0.0,1,0,0,0
0,Full_Day,7,2,4,0,1,614.0,0.0,1,0,0,0
0,Full_Day,12,4,5,1,0,216.2,0.0,1,1,0,0
0,Full_Day,7,20,4,0,1,243.2,0.0,1,0,0,0
0,Full_Day,12,13,2,0,0,295.6,0.0,1,0,0,0
0,Full_Day,7,10,6,1,1,344.6,0.0,1,0,0,0
1,Overnight,7,48,1,0,1,367.6,0.0,1,0,0,0
0,Full_Day,6,28,6,1,1,485.4906,1.0,1,0,0,0
0,Early_Return,12,40,6,1,0,288.0,0.0,1,0,0,0
0,Long_Term,13,8,4,0,0,231.5,0.0,1,1,0,0
0,Early_Return,12,22,0,0,0,716.3333333333334,0.0,1,0,0,0
0,Early_Return,7,22,4,0,1,585.0,0.0,1,1,0,0
0,Long_Term,13,10,0,0,0,490.2,0.0,1,0,0,0
1,Early_Return,11,56,4,0,1,1047.6,0.0,1,1,0,0
1,Early_Return,7,24,4,0,1,1034.2,0.0,1,0,1,0
0,Early_Return,7,7,3,0,1,485.4906,0.0,1,0,1,0
0,Early_Return,7,31,4,0,1,148.0,0.0,1,0,0,0
0,Full_Day,7,18,4,0,1,136.0,0.0,1,0,0,0
0,Full_Day,6,19,1,0,1,202.0,0.0,1,0,1,0
0,Early_Return,7,2,4,0,1,261.25,0.0,1,0,1,0
0,Full_Day,7,12,0,0,1,238.8,0.0,1,1,0,0
0,Overnight,7,27,5,1,1,295.8,0.0,0,0,1,0
1,Full_Day,6,44,3,0,1,524.6,1.0,1,0,0,0
0,Early_Return,7,29,1,0,1,485.4906,1.0,1,0,0,0
0,Early_Return,7,36,1,0,1,89.0,0.0,1,0,1,0
0,Full_Day,12,34,2,0,0,83.0,0.0,1,0,0,1
1,Full_Day,7,3,2,0,1,192.66666666666666,0.0,1,1,0,0
1,Full_Day,6,53,0,0,1,222.5,0.0,1,0,0,0
1,Full_Day,6,22,5,1,1,242.6,0.0,1,1,0,0
1,Early_Return,13,8,1,0,0,312.4,0.0,1,0,0,0
0,Overnight,7,11,6,1,1,485.4906,0.0,1,1,0,0
0,Overnight,12,39,0,0,0,839.0,1.0,1,0,1,0
0,Early_Return,6,24,5,1,1,1118.5,2.0,1,0,0,0
0,Early_Return,7,53,0,0,1,786.3333333333334,2.0,1,0,0,1
0,Full_Day,6,56,5,1,1,613.0,2.0,1,0,0,0
0,Long_Term,13,23,1,0,0,485.4906,2.0,1,1,0,0
0,Full_Day,7,39,6,1,1,3574.0,0.0,1,0,0,1
0,Full_Day,6,55,0,0,1,1964.5,0.0,1,1,0,0
0,Early_Return,12,35,5,1,0,1413.6666666666667,0.0,1,0,0,0
0,Full_Day,6,47,0,0,1,1083.75,0.0,1,0,1,0
0,Full_Day,7,9,4,0,1,969.2,0.0,1,1,0,0
0,Early_Return,7,26,1,0,1,349.0,0.0,1,0,0,0
0,Full_Day,6,34,0,0,1,303.2,0.0,1,0,0,1
0,Overnight,7,15,5,1,1,310.4,0.0,1,0,1,0
0,Early_Return,13,35,6,1,0,491.6,1.0,1,0,0,0
1,Long_Term,6,53,4,0,1,421.8,1.0,1,1,0,0
0,Early_Return,6,38,1,0,1,485.4906,1.0,1,0,0,0
0,Early_Return,6,37,2,0,1,67.0,0.0,1,0,0,0
0,Full_Day,12,49,4,0,0,95.5,0.0,1,0,0,0
0,Early_Return,13,32,4,0,0,161.33333333333334,0.0,1,0,0,0
0,Full_Day,6,46,2,0,1,154.25,0.0,1,0,0,0
0,Full_Day,6,59,6,1,1,175.2,0.0,1,0,0,0
0,Early_Return,7,26,3,0,1,234.6,0.0,1,0,0,0
0,Full_Day,6,48,2,0,1,240.8,0.0,1,0,0,0
0,Full_Day,12,49,5,1,0,278.4,0.0,1,0,1,0
0,Overnight,12,9,3,0,0,307.0,0.0,1,0,0,0
0,Full_Day,12,42,1,0,0,527.2,1.0,1,1,0,0
0,Early_Return,7,4,6,1,1,527.6,1.0,1,0,0,0
0,Full_Day,6,46,4,0,1,485.4906,1.0,1,0,1,0
0,Full_Day,7,6,1,0,1,454.0,0.0,1,0,1,0
0,Overnight,7,38,4,0,1,383.5,0.0,1,0,0,0
0,Overnight,6,40,5,1,1,529.0,1.0,1,1,0,0
0,Full_Day,6,57,0,0,1,640.0,2.0,1,0,1,0
0,Early_Return,11,59,1,0,1,566.0,2.0,1,1,0,0
1,Full_Day,7,21,0,0,1,505.6,2.0,1,0,0,0
1,Full_Day,13,9,1,0,0,528.2,2.0,1,1,0,0
1,Overnight,6,53,6,1,1,463.6,2.0,1,1,0,0
0,Full_Day,11,52,6,1,1,485.4906,3.0,1,0,0,0
0,Early_Return,13,10,2,0,0,388.0,0.0,1,0,0,0
0,Full_Day,13,13,0,0,0,238.0,0.0,1,0,0,0
0,Full_Day,6,49,0,0,1,272.6666666666667,0.0,1,1,0,0
0,Early_Return,7,12,0,0,1,269.5,0.0,1,0,0,0
0,Overnight,7,33,2,0,1,255.0,0.0,1,0,1,0
0,Early_Return,6,43,1,0,1,423.2,1.0,1,0,0,0
1,Early_Return,13,5,3,0,0,424.4,1.0,1,0,0,1
0,Early_Return,6,49,6,1,1,485.4906,1.0,1,0,1,0
0,Full_Day,7,2,1,0,1,71.0,0.0,1,1,0,0
1,Overnight,6,6,2,0,1,199.5,0.0,0,1,0,0
0,Early_Return,7,1,0,0,1,485.4906,1.0,1,0,0,0
0,Full_Day,7,18,0,0,1,60.0,0.0,1,0,0,0
0,Early_Return,6,30,1,0,1,259.5,0.0,1,1,0,0
0,Early_Return,6,7,4,0,1,234.33333333333334,0.0,1,0,1,0
0,Full_Day,7,12,4,0,1,485.4906,0.0,1,0,1,0
0,Full_Day,6,15,6,1,1,243.0,0.0,1,1,0,0
0,Full_Day,7,33,5,1,1,273.0,0.0,1,0,0,0
0,Full_Day,6,51,4,0,1,314.3333333333333,0.0,1,0,1,0
0,Early_Return,11,47,1,0,1,357.5,0.0,1,0,0,0
0,Full_Day,7,12,5,1,1,307.4,0.0,1,0,0,1
0,Full_Day,7,55,5,1,1,354.4,0.0,1,0,1,0
0,Full_Day,12,9,5,1,0,374.4,0.0,1,0,0,1
0,Full_Day,6,37,6,1,1,485.4906,0.0,1,1,0,0
0,Early_Return,6,58,3,0,1,273.0,0.0,1,1,0,0
0,Full_Day,12,32,4,0,0,232.5,0.0,1,0,1,0
0,Full_Day,6,35,5,1,1,282.3333333333333,0.0,1,1,0,0
0,Full_Day,12,25,2,0,0,324.25,0.0,1,0,0,1
0,Full_Day,13,3,5,1,0,362.8,0.0,1,1,0,0
1,Early_Return,6,57,4,0,1,393.2,0.0,1,1,0,0
0,Early_Return,6,25,3,0,1,485.4906,0.0,1,0,0,0
0,Early_Return,7,38,1,0,1,162.0,0.0,1,0,0,0
0,Early_Return,6,35,3,0,1,174.0,0.0,1,0,0,0
0,Full_Day,12,36,0,0,0,183.66666666666666,0.0,1,0,0,0
0,Full_Day,7,34,6,1,1,211.25,0.0,1,1,0,0
0,Early_Return,6,18,4,0,1,254.4,0.0,1,0,1,0
0,Early_Return,6,52,0,0,1,247.6,0.0,1,0,0,0
1,Full_Day,7,3,1,0,1,240.0,0.0,1,0,0,1
1,Early_Return,7,50,3,0,1,288.0,0.0,1,1,0,0
0,Long_Term,6,32,6,1,1,485.4906,0.0,1,0,0,0
0,Overnight,7,20,1,0,1,3921.0,0.0,1,0,1,0
0,Full_Day,11,57,4,0,1,2672.0,1.0,1,0,1,0
0,Full_Day,12,15,6,1,0,1907.3333333333333,1.0,1,0,0,0
0,Early_Return,6,21,3,0,1,1496.5,1.0,1,0,1,0
1,Full_Day,12,50,0,0,0,1234.0,1.0,1,1,0,0
1,Early_Return,13,5,0,0,0,547.8,1.0,1,0,1,0
0,Early_Return,13,1,4,0,0,485.4906,1.0,1,0,1,0
0,Long_Term,7,33,3,0,1,72.0,0.0,1,0,0,0
0,Early_Return,13,10,0,0,0,1538.0,0.0,1,0,0,0
0,Overnight,8,0,5,1,1,1087.0,0.0,1,0,0,0
1,Full_Day,7,2,0,0,1,1126.75,1.0,1,0,0,0
1,Full_Day,7,14,0,0,1,989.4,1.0,0,0,1,0
0,Early_Return,7,26,4,0,1,485.4906,1.0,1,1,0,0
0,Early_Return,12,43,4,0,0,120.0,0.0,1,0,0,0
0,Full_Day,6,32,5,1,1,158.5,0.0,1,1,0,0
0,Early_Return,13,11,3,0,0,276.6666666666667,0.0,1,1,0,0
0,Full_Day,12,35,0,0,0,236.25,0.0,1,1,0,0
0,Early_Return,13,34,0,0,0,277.2,0.0,1,0,1,0
0,Full_Day,7,2,1,0,1,280.6,0.0,1,0,1,0
0,Full_Day,13,1,6,1,0,348.4,0.0,1,0,0,0
0,Full_Day,12,49,2,0,0,342.8,0.0,1,0,0,0
0,Full_Day,12,34,3,0,0,413.4,0.0,0,1,0,0
1,Early_Return,6,45,2,0,1,407.0,0.0,1,0,1,0
0,Early_Return,7,50,4,0,1,485.4906,0.0,1,0,0,0
0,Overnight,7,35,4,0,1,129.0,0.0,0,0,0,0
0,Full_Day,13,16,1,0,0,783.0,1.0,1,0,1,0
0,Early_Return,6,44,4,0,1,664.0,1.0,1,1,0,0
0,Early_Return,12,0,5,1,0,522.75,1.0,0,0,1,0
0,Full_Day,7,14,5,1,1,439.8,1.0,1,0,0,1
0,Full_Day,12,48,3,0,0,485.4906,1.0,1,0,0,0
0,Full_Day,6,56,6,1,1,533.0,0.0,1,0,0,0
0,Full_Day,12,42,1,0,0,521.0,0.0,1,0,0,0
0,Early_Return,7,37,5,1,1,464.3333333333333,0.0,1,1,0,0
0,Full_Day,5,59,2,0,1,394.25,0.0,1,0,0,0
1,Full_Day,13,35,0,0,0,391.6,0.0,1,0,0,0
0,Full_Day,6,51,4,0,1,485.4906,0.0,1,1,0,0
0,Overnight,7,9,3,0,1,361.0,0.0,1,1,0,0
0,Full_Day,6,55,3,0,1,548.0,1.0,1,1,0,0
0,Early_Return,6,39,2,0,1,479.3333333333333,1.0,1,0,0,0
1,Full_Day,12,38,1,0,0,395.0,1.0,1,0,0,0
0,Early_Return,6,40,0,0,1,485.4906,1.0,1,1,0,0
0,Full_Day,7,11,3,0,1,176.0,0.0,1,1,0,0
0,Early_Return,6,40,6,1,1,270.0,0.0,1,0,1,0
0,Early_Return,6,45,5,1,1,203.0,0.0,1,0,1,0
0,Full_Day,6,31,1,0,1,179.25,0.0,1,1,0,0
0,Full_Day,7,43,1,0,1,217.4,0.0,1,0,0,0
0,Early_Return,6,53,4,0,1,231.2,0.0,1,1,0,0
0,Long_Term,12,56,0,0,0,177.6,0.0,1,0,1,0
0,Full_Day,13,20,4,0,0,505.2,0.0,1,0,1,0
0,Early_Return,7,40,0,0,1,485.4906,0.0,1,1,0,0
0,Early_Return,12,41,2,0,0,136.0,0.0,1,0,0,0
0,Full_Day,6,46,4,0,1,169.0,0.0,1,0,0,0
0,Full_Day,6,43,4,0,1,261.6666666666667,0.0,1,1,0,0
0,Full_Day,6,57,3,0,1,485.4906,0.0,1,0,0,1
0,Full_Day,6,8,5,1,1,440.0,0.0,0,0,0,0
0,Full_Day,12,30,1,0,0,458.0,0.0,1,0,0,0
0,Long_Term,7,37,4,0,1,448.3333333333333,0.0,1,0,0,0
0,Early_Return,13,9,6,1,0,1414.0,0.0,1,0,0,1
0,Full_Day,12,43,6,1,0,1159.6,0.0,1,0,1,0
0,Full_Day,13,4,0,0,0,1146.4,0.0,1,1,0,0
0,Early_Return,13,13,2,0,0,1125.8,0.0,1,0,1,0
1,Full_Day,11,47,6,1,1,1074.0,0.0,1,0,0,0
0,Full_Day,12,1,0,0,0,485.4906,0.0,1,0,0,0
0,Full_Day,12,34,3,0,0,311.0,0.0,1,1,0,0
0,Full_Day,6,54,0,0,1,372.5,0.0,1,0,0,1
0,Early_Return,13,37,4,0,0,339.0,0.0,1,1,0,0
0,Overnight,7,8,0,0,1,269.5,0.0,1,0,0,1
0,Early_Return,12,50,3,0,0,491.8,1.0,1,0,1,0
0,Full_Day,7,4,5,1,1,460.2,1.0,1,0,0,0
0,Full_Day,6,40,0,0,1,465.8,1.0,1,1,0,0
0,Overnight,7,8,6,1,1,514.2,1.0,1,1,0,0
0,Early_Return,6,2,4,0,1,721.0,2.0,1,0,1,0
0,Full_Day,6,51,3,0,1,478.0,2.0,1,0,0,0
0,Early_Return,12,41,0,0,0,551.6,2.0,1,0,0,0
1,Early_Return,12,7,5,1,0,484.6,2.0,1,0,0,0
0,Early_Return,7,49,5,1,1,485.4906,2.0,1,1,0,0
0,Early_Return,7,17,5,1,1,143.0,0.0,1,0,0,1
0,Full_Day,12,50,0,0,0,168.0,0.0,1,1,0,0
0,Full_Day,6,35,4,0,1,213.33333333333334,0.0,1,0,0,1
0,Early_Return,12,58,0,0,0,261.75,0.0,1,0,0,0
0,Early_Return,7,20,1,0,1,225.6,0.0,1,0,0,1
0,Full_Day,7,20,5,1,1,213.6,0.0,1,1,0,0
1,Early_Return,12,23,3,0,0,243.6,0.0,1,0,0,0
0,Full_Day,12,57,1,0,0,485.4906,0.0,1,0,1,0
0,Full_Day,7,6,2,0,1,497.0,0.0,1,0,1,0
0,Early_Return,12,35,4,0,0,469.5,0.0,1,0,0,0
0,Long_Term,7,13,3,0,1,344.0,0.0,1,0,0,0
0,Full_Day,6,14,6,1,1,827.25,0.0,1,0,0,0
0,Early_Return,7,0,5,1,1,769.4,0.0,1,0,0,0
0,Full_Day,11,27,6,1,1,687.2,0.0,1,0,0,1
0,Full_Day,12,40,1,0,0,485.4906,0.0,1,0,0,0
0,Early_Return,13,27,5,1,0,389.0,0.0,1,1,0,0
0,Full_Day,7,31,0,0,1,225.5,0.0,1,0,0,0
0,Early_Return,6,44,4,0,1,244.0,0.0,1,0,1,0
0,Early_Return,7,33,3,0,1,198.75,0.0,1,0,0,0
1,Full_Day,6,45,2,0,1,182.2,0.0,1,1,0,0
0,Full_Day,6,32,0,0,1,485.4906,0.0,1,1,0,0
0,Early_Return,7,15,4,0,1,493.0,0.0,1,0,0,0
0,Full_Day,7,11,0,0,1,278.5,0.0,1,0,0,0
0,Early_Return,12,33,0,0,0,351.3333333333333,0.0,1,0,0,0
0,Overnight,7,0,2,0,1,281.5,0.0,1,0,0,0
0,Early_Return,12,32,5,1,0,472.8,1.0,1,1,0,0
0,Full_Day,12,15,2,0,0,389.8,1.0,1,0,0,0
0,Full_Day,6,55,3,0,1,446.2,1.0,1,1,0,0
0,Early_Return,6,58,0,0,1,412.0,1.0,1,0,0,0
0,Full_Day,6,9,0,0,1,485.4906,1.0,1,0,0,0
0,Full_Day,12,1,1,0,0,321.0,0.0,1,0,0,0
0,Full_Day,13,34,4,0,0,429.0,0.0,1,0,0,1
0,Early_Return,6,11,3,0,1,462.0,0.0,1,1,0,0
0,Full_Day,7,20,4,0,1,397.0,0.0,1,0,0,0
0,Early_Return,7,15,3,0,1,404.4,0.0,1,0,0,0
0,Overnight,7,6,6,1,1,371.4,0.0,1,0,0,1
0,Full_Day,6,25,3,0,1,451.6,1.0,1,1,0,0
0,Early_Return,6,35,6,1,1,412.6,1.0,1,0,0,0
0,Full_Day,7,30,2,0,1,396.4,1.0,1,0,0,1
1,Full_Day,7,14,0,0,1,405.0,1.0,1,0,0,0
1,Early_Return,6,10,3,0,1,423.0,1.0,1,1,0,0
0,Full_Day,6,8,4,0,1,485.4906,1.0,1,0,1,0
0,Long_Term,7,10,1,0,1,424.0,0.0,1,0,0,0
0,Early_Return,7,31,1,0,1,2135.5,0.0,1,0,0,0
0,Early_Return,6,35,0,0,1,1459.3333333333333,0.0,1,0,0,0
0,Full_Day,12,44,3,0,0,1139.25,0.0,1,0,1,0
0,Early_Return,12,27,6,1,0,1005.6,0.0,1,0,1,0
1,Full_Day,6,51,0,0,1,958.0,0.0,1,0,0,0
0,Early_Return,13,19,4,0,0,485.4906,0.0,1,1,0,0
0,Full_Day,7,9,5,1,1,209.0,0.0,1,0,1,0
0,Full_Day,7,30,3,0,1,301.0,0.0,1,0,0,0
0,Full_Day,12,32,5,1,0,363.3333333333333,0.0,1,0,1,0
0,Early_Return,7,13,1,0,1,352.25,0.0,1,1,0,0
0,Full_Day,6,45,2,0,1,305.0,0.0,1,0,1,0
0,Early_Return,13,3,3,0,0,369.2,0.0,1,0,0,0
0,Long_Term,12,7,4,0,0,304.2,0.0,1,0,0,0
0,Early_Return,7,7,5,1,1,709.0,0.0,1,0,0,0
1,Full_Day,12,53,5,1,0,661.0,0.0,1,0,0,1
0,Full_Day,7,5,1,0,1,485.4906,0.0,1,1,0,0
0,Full_Day,6,27,0,0,1,481.0,0.0,1,0,0,0
0,Full_Day,12,40,0,0,0,445.5,0.0,1,0,1,0
0,Early_Return,6,24,0,0,1,464.0,0.0,1,0,0,1
0,Full_Day,7,6,4,0,1,365.75,0.0,1,1,0,0
0,Full_Day,6,48,4,0,1,352.2,0.0,1,0,0,0
0,Early_Return,13,38,4,0,0,485.4906,0.0,1,0,0,0
0,Full_Day,12,57,6,1,0,74.0,0.0,1,0,0,1
0,Early_Return,7,4,3,0,1,296.0,0.0,1,0,0,0
0,Early_Return,7,31,5,1,1,221.33333333333334,0.0,1,1,0,0
0,Full_Day,7,17,1,0,1,213.25,0.0,1,1,0,0
0,Early_Return,6,57,0,0,1,264.8,0.0,1,0,1,0
0,Full_Day,7,21,0,0,1,290.8,0.0,1,1,0,0
0,Full_Day,7,26,3,0,1,280.4,0.0,1,0,0,1
1,Full_Day,12,17,6,1,0,330.4,0.0,1,1,0,0
1,Full_Day,6,44,2,0,1,393.6,0.0,1,0,0,0
0,Early_Return,6,40,5,1,1,485.4906,0.0,1,0,0,0
0,Early_Return,11,32,1,0,1,206.0,0.0,1,0,0,0
0,Full_Day,7,11,5,1,1,190.5,0.0,1,1,0,0
0,Full_Day,7,16,0,0,1,293.6666666666667,0.0,1,0,0,1
0,Full_Day,7,32,1,0,1,311.75,0.0,1,0,0,0
0,Full_Day,12,15,6,1,0,356.6,0.0,1,1,0,0
0,Full_Day,7,49,4,0,1,409.6,0.0,1,1,0,0
0,Full_Day,6,39,3,0,1,427.6,0.0,1,0,0,0
0,Full_Day,6,24,3,0,1,395.6,0.0,1,1,0,0
0,Overnight,13,53,6,1,0,375.0,0.0,1,0,0,0
1,Early_Return,11,44,3,0,1,554.0,1.0,0,1,0,0
0,Early_Return,6,28,0,0,1,485.4906,1.0,1,0,1,0
0,Full_Day,7,27,0,0,1,142.0,0.0,1,0,1,0
0,Full_Day,6,45,5,1,1,319.5,0.0,1,1,0,0
0,Overnight,7,12,4,0,1,337.6666666666667,0.0,1,0,0,0
0,Full_Day,6,55,5,1,1,575.75,1.0,1,0,1,0
0,Early_Return,6,32,0,0,1,512.8,1.0,1,0,0,1
0,Overnight,6,55,4,0,1,501.2,1.0,1,0,1,0
0,Early_Return,12,34,1,0,0,485.4906,2.0,1,0,0,1
0,Full_Day,12,56,2,0,0,105.0,0.0,1,1,0,0
0,Full_Day,7,12,5,1,1,261.5,0.0,1,0,0,0
0,Early_Return,12,52,5,1,0,325.3333333333333,0.0,1,0,0,0
0,Overnight,6,7,0,0,1,291.25,0.0,1,0,0,0
0,Early_Return,12,30,0,0,0,470.0,1.0,1,0,0,0
0,Early_Return,12,13,5,1,0,475.4,1.0,1,1,0,0
0,Full_Day,6,34,4,0,1,421.0,1.0,1,0,1,0
0,Full_Day,12,46,3,0,0,405.0,1.0,1,0,0,0
0,Overnight,6,0,0,0,1,457.2,1.0,1,0,1,0
1,Early_Return,7,32,4,0,1,407.0,2.0,1,0,1,0
0,Full_Day,6,24,6,1,1,485.4906,2.0,1,1,0,0
0,Overnight,12,49,4,0,0,450.0,0.0,1,1,0,0
0,Full_Day,7,4,1,0,1,899.0,1.0,1,0,0,1
0,Early_Return,6,58,2,0,1,772.3333333333334,1.0,1,0,0,0
0,Full_Day,7,22,0,0,1,485.4906,1.0,1,0,0,0
0,Early_Return,6,31,1,0,1,530.0,0.0,1,1,0,0
0,Early_Return,12,3,5,1,0,364.0,0.0,1,0,1,0
0,Early_Return,12,50,4,0,0,292.6666666666667,0.0,1,1,0,0
0,Full_Day,6,30,2,0,1,251.25,0.0,1,0,0,0
1,Full_Day,6,41,6,1,1,259.0,0.0,1,1,0,0
1,Early_Return,12,6,1,0,0,214.0,0.0,1,0,0,1
1,Early_Return,13,37,5,1,0,202.6,0.0,1,1,0,0
0,Overnight,6,46,5,1,1,485.4906,0.0,1,0,0,1
0,Long_Term,12,20,0,0,0,1306.0,1.0,1,0,0,0
0,Full_Day,13,3,6,1,0,2086.0,1.0,1,0,1,0
0,Full_Day,7,38,0,0,1,1483.3333333333333,1.0,1,0,0,0
1,Early_Return,7,28,5,1,1,1226.5,1.0,1,1,0,0
0,Full_Day,7,3,6,1,1,485.4906,1.0,1,0,0,1
0,Early_Return,6,40,1,0,1,377.0,0.0,1,0,0,0
0,Full_Day,7,3,5,1,1,218.5,0.0,1,0,0,1
0,Full_Day,6,59,5,1,1,225.66666666666666,0.0,1,0,0,0
0,Early_Return,7,9,2,0,1,259.25,0.0,1,1,0,0
0,Full_Day,6,40,5,1,1,231.6,0.0,1,0,0,0
0,Full_Day,12,4,5,1,0,218.4,0.0,1,0,0,0
0,Early_Return,6,3,2,0,1,308.2,0.0,1,1,0,0
1,Full_Day,7,25,2,0,1,291.2,0.0,1,0,0,0
1,Overnight,7,1,1,0,1,281.8,0.0,1,0,0,0
0,Early_Return,12,29,1,0,0,485.4906,1.0,1,1,0,0
0,Early_Return,12,4,6,1,0,130.0,0.0,1,0,1,0
0,Full_Day,6,19,1,0,1,126.0,0.0,1,1,0,0
0,Early_Return,7,17,1,0,1,485.4906,0.0,1,0,0,1
0,Full_Day,12,20,3,0,0,124.0,0.0,1,1,0,0
0,Full_Day,7,22,0,0,1,189.5,0.0,1,0,0,0
0,Full_Day,6,39,3,0,1,291.3333333333333,0.0,1,1,0,0
1,Full_Day,6,42,1,0,1,348.0,0.0,1,1,0,0
0,Early_Return,12,46,1,0,0,485.4906,0.0,1,0,0,0
0,Full_Day,7,25,1,0,1,100.0,0.0,1,0,0,0
0,Early_Return,12,42,0,0,0,238.0,0.0,1,1,0,0
0,Full_Day,6,12,1,0,1,211.0,0.0,1,1,0,0
0,Full_Day,6,42,3,0,1,243.25,0.0,1,0,0,0
0,Early_Return,7,22,4,0,1,485.4906,0.0,1,1,0,0
0,Full_Day,12,16,0,0,0,85.0,0.0,1,0,0,0
0,Full_Day,7,13,0,0,1,255.5,0.0,1,1,0,0
0,Full_Day,6,58,2,0,1,262.0,0.0,1,0,1,0
1,Early_Return,12,2,6,1,0,258.25,0.0,1,0,1,0
0,Early_Return,7,9,2,0,1,485.4906,0.0,1,1,0,0
0,Long_Term,6,51,3,0,1,133.0,0.0,1,1,0,0
0,Full_Day,6,45,1,0,1,2213.0,0.0,1,0,1,0
0,Early_Return,12,11,0,0,0,1608.3333333333333,0.0,1,0,0,1
0,Full_Day,6,33,4,0,1,1231.5,0.0,1,0,0,0
0,Full_Day,12,24,1,0,0,1081.8,0.0,1,0,1,0
0,Full_Day,13,58,2,0,0,485.4906,0.0,1,0,0,0
0,Full_Day,13,7,4,0,0,527.0,0.0,1,1,0,0
0,Full_Day,6,55,4,0,1,436.5,0.0,1,0,0,0
0,Full_Day,12,20,1,0,0,417.6666666666667,0.0,1,0,0,0
0,Full_Day,6,58,6,1,1,386.0,0.0,1,0,0,0
0,Full_Day,7,34,0,0,1,378.0,0.0,1,0,0,0
0,Full_Day,7,41,1,0,1,362.2,0.0,1,1,0,0
0,Early_Return,6,41,4,0,1,366.4,0.0,1,1,0,0
0,Overnight,7,13,4,0,1,317.6,0.0,1,0,0,0
1,Long_Term,7,19,1,0,1,503.2,1.0,1,0,0,1
0,Early_Return,7,13,4,0,1,485.4906,1.0,1,1,0,0
0,Full_Day,6,3,4,0,1,105.0,0.0,1,1,0,0
0,Full_Day,7,41,5,1,1,250.0,0.0,1,0,0,0
0,Full_Day,6,23,4,0,1,249.66666666666666,0.0,1,1,0,0
0,Early_Return,6,45,5,1,1,287.5,0.0,1,0,0,0
0,Full_Day,6,36,3,0,1,242.4,0.0,1,0,0,1
0,Full_Day,7,1,5,1,1,326.2,0.0,1,1,0,0
1,Early_Return,7,10,4,0,1,309.0,0.0,1,0,0,0
0,Early_Return,7,10,4,0,1,485.4906,0.0,1,1,0,0
0,Early_Return,12,11,6,1,0,200.0,0.0,1,0,1,0
0,Overnight,6,38,3,0,1,139.0,0.0,1,0,0,0
0,Overnight,11,33,3,0,1,510.0,1.0,1,0,0,0
0,Overnight,6,22,6,1,1,686.25,2.0,1,0,1,0
0,Full_Day,13,9,6,1,0,763.4,3.0,1,1,0,0
0,Overnight,7,31,1,0,1,780.4,3.0,1,0,0,0
0,Full_Day,12,2,0,0,0,1034.8,4.0,1,0,0,1
0,Early_Return,12,43,4,0,0,844.0,4.0,1,1,0,0
0,Full_Day,6,54,3,0,1,620.6,4.0,0,0,0,0
0,Full_Day,6,36,6,1,1,466.4,4.0,1,1,0,0
1,Early_Return,11,30,4,0,1,496.0,4.0,1,0,0,0
0,Full_Day,7,5,5,1,1,485.4906,4.0,1,1,0,0
0,Full_Day,7,43,1,0,1,261.0,0.0,1,0,1,0
0,Full_Day,7,6,4,0,1,377.5,0.0,1,1,0,0
0,Full_Day,13,7,4,0,0,391.6666666666667,0.0,1,0,0,0
0,Full_Day,6,42,5,1,1,395.25,0.0,1,0,0,1
1,Early_Return,13,29,5,1,0,378.2,0.0,1,0,0,0
1,Overnight,6,48,1,0,1,341.6,0.0,1,0,0,0
0,Early_Return,6,32,6,1,1,485.4906,1.0,1,0,0,0
0,Full_Day,13,39,2,0,0,108.0,0.0,1,0,0,1
0,Full_Day,12,12,4,0,0,192.5,0.0,1,1,0,0
0,Long_Term,6,45,5,1,1,209.0,0.0,1,0,0,0
0,Overnight,11,57,3,0,1,803.25,0.0,1,0,0,0
0,Long_Term,6,38,2,0,1,885.6,1.0,1,1,0,0
0,Early_Return,12,38,3,0,0,1637.2,1.0,1,0,1,0
0,Early_Return,6,20,4,0,1,485.4906,1.0,1,0,1,0
0,Early_Return,12,55,3,0,0,85.0,0.0,1,0,0,1
0,Early_Return,6,43,2,0,1,141.5,0.0,1,1,0,0
0,Early_Return,7,8,3,0,1,129.0,0.0,1,0,0,0
0,Early_Return,7,37,2,0,1,485.4906,0.0,1,0,0,0
0,Early_Return,6,33,4,0,1,194.0,0.0,1,0,0,0
0,Full_Day,5,59,2,0,1,188.0,0.0,1,0,0,1
0,Full_Day,13,20,4,0,0,299.0,0.0,1,1,0,0
0,Early_Return,6,41,6,1,1,485.4906,0.0,1,1,0,0
0,Full_Day,12,27,0,0,0,169.0,0.0,1,0,0,0
0,Full_Day,6,42,1,0,1,297.0,0.0,1,0,0,1
0,Early_Return,6,2,5,1,1,294.6666666666667,0.0,1,0,0,0
0,Early_Return,7,33,4,0,1,271.0,0.0,1,0,0,0
1,Early_Return,6,54,0,0,1,248.4,0.0,1,0,0,0
1,Full_Day,6,53,4,0,1,249.4,0.0,1,1,0,0
0,Full_Day,6,56,3,0,1,485.4906,0.0,1,1,0,0
0,Full_Day,6,44,1,0,1,473.0,0.0,1,1,0,0
0,Early_Return,8,16,6,1,1,411.5,0.0,1,1,0,0
0,Overnight,12,45,2,0,0,337.3333333333333,0.0,1,0,0,0
0,Full_Day,6,28,3,0,1,536.5,1.0,1,1,0,0
0,Early_Return,13,17,0,0,0,485.2,1.0,1,1,0,0
0,Full_Day,12,33,1,0,0,422.0,1.0,1,0,0,0
1,Long_Term,6,52,6,1,1,420.8,1.0,1,0,0,0
1,Full_Day,7,30,6,1,1,907.6,1.0,1,0,0,0
0,Full_Day,12,27,6,1,0,485.4906,1.0,1,1,0,0
0,Early_Return,11,57,6,1,1,489.0,0.0,1,1,0,0
0,Long_Term,12,30,4,0,0,275.5,0.0,1,0,0,0
0,Early_Return,7,6,2,0,1,1120.3333333333333,0.0,0,0,0,0
0,Full_Day,12,32,3,0,0,855.25,0.0,1,1,0,0
0,Overnight,6,44,3,0,1,790.6,0.0,1,0,1,0
0,Overnight,6,56,1,0,1,885.4,1.0,1,1,0,0
1,Full_Day,6,29,1,0,1,1080.2,2.0,1,0,0,1
1,Early_Return,12,34,6,1,0,587.0,2.0,1,1,0,0
1,Full_Day,12,13,0,0,0,594.4,2.0,1,1,0,0
1,Early_Return,12,30,2,0,0,584.2,2.0,1,0,1,0
0,Full_Day,12,8,1,0,0,485.4906,2.0,1,0,0,0
0,Full_Day,7,7,4,0,1,381.0,0.0,0,0,0,0
0,Early_Return,6,45,1,0,1,377.0,0.0,1,0,0,0
1,Early_Return,12,42,4,0,0,306.6666666666667,0.0,1,1,0,0
0,Full_Day,13,0,4,0,0,485.4906,0.0,1,0,0,0
0,Early_Return,6,43,2,0,1,361.0,0.0,1,1,0,0
0,Long_Term,12,19,6,1,0,225.5,0.0,1,0,0,0
0,Early_Return,7,22,5,1,1,1473.6666666666667,0.0,1,1,0,0
0,Full_Day,6,55,2,0,1,1157.5,0.0,1,0,0,0
0,Early_Return,6,26,5,1,1,978.2,0.0,1,0,0,0
1,Early_Return,13,17,6,1,0,941.4,0.0,1,0,0,0
0,Early_Return,7,24,4,0,1,485.4906,0.0,1,0,0,0
0,Full_Day,13,23,5,1,0,119.0,0.0,1,0,0,1
0,Full_Day,5,47,5,1,1,212.0,0.0,1,1,0,0
0,Early_Return,12,40,0,0,0,286.6666666666667,0.0,1,0,0,0
0,Early_Return,6,2,3,0,1,231.5,0.0,1,0,0,0
0,Full_Day,8,7,2,0,1,215.4,0.0,1,1,0,0
1,Full_Day,12,43,5,1,0,298.8,0.0,1,1,0,0
1,Full_Day,7,42,6,1,1,327.8,0.0,1,0,0,0
1,Early_Return,7,32,0,0,1,300.0,0.0,1,0,0,0
0,Full_Day,7,23,0,0,1,485.4906,0.0,1,0,0,0
0,Overnight,7,35,2,0,1,371.0,0.0,1,1,0,0
0,Full_Day,7,3,3,0,1,889.0,1.0,1,0,0,0
0,Overnight,6,50,6,1,1,734.6666666666666,1.0,1,0,0,0
1,Early_Return,6,43,2,0,1,855.75,2.0,1,0,1,0
1,Early_Return,12,51,5,1,0,710.2,2.0,1,0,0,0
0,Full_Day,13,21,1,0,0,485.4906,2.0,1,1,0,0
0,Early_Return,6,46,6,1,1,484.0,0.0,1,1,0,0
0,Early_Return,6,59,2,0,1,277.5,0.0,1,1,0,0
0,Early_Return,6,20,4,0,1,226.0,0.0,1,1,0,0
0,Overnight,12,55,2,0,0,220.5,0.0,1,1,0,0
0,Early_Return,12,48,4,0,0,373.2,1.0,1,0,0,1
1,Early_Return,7,25,0,0,1,310.2,1.0,1,1,0,0
0,Early_Return,12,12,4,0,0,485.4906,1.0,1,1,0,0
0,Full_Day,12,41,4,0,0,106.0,0.0,1,0,1,0
0,Full_Day,6,53,6,1,1,320.5,0.0,1,1,0,0
0,Full_Day,6,54,0,0,1,379.3333333333333,0.0,1,1,0,0
0,Full_Day,13,0,2,0,0,379.75,0.0,1,1,0,0
0,Full_Day,7,11,3,0,1,398.6,0.0,1,1,0,0
0,Overnight,13,5,6,1,0,435.2,0.0,1,0,0,0
0,Early_Return,7,14,4,0,1,534.4,1.0,1,1,0,0
1,Full_Day,5,42,4,0,1,471.4,1.0,1,0,0,0
1,Full_Day,6,24,1,0,1,460.2,1.0,1,0,0,0
0,Full_Day,6,51,3,0,1,485.4906,1.0,1,0,1,0
0,Full_Day,6,49,4,0,1,382.0,0.0,1,1,0,0
0,Full_Day,12,23,2,0,0,313.0,0.0,1,0,0,0
0,Overnight,6,34,3,0,1,348.6666666666667,0.0,1,1,0,0
0,Full_Day,6,33,4,0,1,459.5,1.0,1,1,0,0
0,Full_Day,13,28,1,0,0,463.4,1.0,1,0,0,0
0,Full_Day,7,14,3,0,1,458.6,1.0,1,1,0,0
1,Full_Day,8,1,6,1,1,516.6,1.0,1,0,0,0
1,Full_Day,12,11,0,0,0,509.0,1.0,1,0,1,0
0,Full_Day,12,41,4,0,0,485.4906,1.0,1,0,0,0
0,Early_Return,6,56,1,0,1,538.0,0.0,1,0,0,0
0,Early_Return,7,45,2,0,1,359.0,0.0,1,0,0,0
0,Full_Day,5,42,6,1,1,278.3333333333333,0.0,1,1,0,0
0,Full_Day,13,20,2,0,0,485.4906,0.0,1,0,0,1
0,Full_Day,6,43,0,0,1,456.0,0.0,1,0,0,1
0,Early_Return,6,34,0,0,1,371.5,0.0,1,1,0,0
0,Full_Day,13,45,5,1,0,306.3333333333333,0.0,1,1,0,0
0,Full_Day,12,48,3,0,0,292.75,0.0,1,0,0,1
0,Full_Day,6,44,4,0,1,485.4906,0.0,1,1,0,0
0,Full_Day,6,53,0,0,1,318.0,0.0,1,0,0,0
0,Full_Day,7,29,4,0,1,362.5,0.0,1,0,0,0
0,Early_Return,7,4,3,0,1,412.3333333333333,0.0,1,0,1,0
1,Overnight,6,28,5,1,1,349.5,0.0,1,1,0,0
1,Early_Return,12,59,4,0,0,545.2,1.0,1,0,0,0
0,Full_Day,7,46,3,0,1,485.4906,1.0,1,0,1,0
0,Early_Return,6,37,6,1,1,385.0,0.0,1,0,1,0
0,Long_Term,13,9,5,1,0,485.4906,0.0,1,0,0,0
0,Full_Day,7,11,2,0,1,485.4906,0.0,1,0,1,0
0,Full_Day,13,30,2,0,0,535.0,0.0,1,0,0,0
0,Overnight,6,56,1,0,1,411.0,0.0,1,1,0,0
0,Overnight,6,42,1,0,1,676.0,1.0,1,1,0,0
0,Full_Day,13,17,2,0,0,788.5,2.0,1,1,0,0
0,Full_Day,7,30,3,0,1,692.4,2.0,1,0,0,1
1,Full_Day,13,8,3,0,0,666.6,2.0,1,0,0,0
0,Full_Day,7,12,1,0,1,485.4906,2.0,1,1,0,0
0,Full_Day,12,28,0,0,0,478.0,0.0,1,1,0,0
0,Overnight,6,36,1,0,1,427.5,0.0,1,0,0,1
0,Full_Day,13,7,1,0,0,558.3333333333334,1.0,1,1,0,0
0,Full_Day,7,23,3,0,1,504.75,1.0,1,1,0,0
0,Full_Day,6,2,2,0,1,485.0,1.0,1,0,0,0
0,Overnight,7,14,2,0,1,443.4,1.0,1,1,0,0
0,Full_Day,6,47,5,1,1,635.4,2.0,1,0,0,0
0,Early_Return,7,15,3,0,1,563.2,2.0,1,0,0,0
0,Early_Return,6,39,4,0,1,518.2,2.0,1,0,0,0
0,Early_Return,13,27,1,0,0,485.4906,2.0,1,1,0,0
0,Early_Return,6,8,3,0,1,127.0,0.0,1,1,0,0
0,Full_Day,12,21,3,0,0,142.5,0.0,1,1,0,0
0,Full_Day,12,37,4,0,0,190.33333333333334,0.0,1,0,0,1
0,Early_Return,7,15,5,1,1,485.4906,0.0,1,0,0,0
0,Full_Day,6,7,1,0,1,115.0,0.0,1,0,1,0
0,Overnight,12,37,0,0,0,232.5,0.0,1,0,0,0
0,Full_Day,7,10,4,0,1,470.0,1.0,1,0,0,0
0,Full_Day,8,3,4,0,1,476.0,1.0,1,0,0,1
0,Early_Return,6,28,5,1,1,485.4906,1.0,1,0,0,0
0,Full_Day,6,48,1,0,1,209.0,0.0,1,0,1,0
0,Full_Day,12,52,5,1,0,248.0,0.0,1,1,0,0
0,Full_Day,6,27,3,0,1,299.6666666666667,0.0,1,0,0,0
0,Early_Return,6,9,4,0,1,297.5,0.0,1,0,0,0
0,Full_Day,13,7,5,1,0,260.8,0.0,1,0,0,0
0,Full_Day,7,5,6,1,1,302.0,0.0,1,0,0,0
0,Early_Return,13,0,1,0,0,327.6,0.0,1,0,0,1
0,Full_Day,6,44,0,0,1,275.6,0.0,1,0,1,0
1,Early_Return,12,4,2,0,0,322.0,0.0,1,0,1,0
1,Early_Return,13,10,4,0,0,315.6,0.0,1,0,0,0
0,Early_Return,6,54,4,0,1,485.4906,0.0,1,0,0,0
0,Full_Day,12,37,4,0,0,83.0,0.0,1,0,0,0
0,Full_Day,13,32,0,0,0,170.0,0.0,1,0,0,0
0,Overnight,11,47,1,0,1,231.0,0.0,1,1,0,0
1,Full_Day,6,32,0,0,1,431.75,1.0,1,0,0,0
1,Full_Day,6,51,0,0,1,417.6,1.0,1,0,0,1
0,Overnight,6,15,5,1,1,485.4906,1.0,1,1,0,0
0,Full_Day,7,18,2,0,1,861.0,1.0,1,0,0,0
0,Full_Day,13,53,0,0,0,591.5,1.0,1,0,0,0
0,Full_Day,6,16,1,0,1,573.0,1.0,1,0,0,0
0,Early_Return,12,37,5,1,0,503.25,1.0,1,1,0,0
0,Full_Day,7,0,6,1,1,430.4,1.0,1,0,0,0
0,Early_Return,7,25,3,0,1,355.8,1.0,1,1,0,0
0,Full_Day,12,16,3,0,0,308.8,1.0,1,0,0,1
0,Early_Return,6,55,0,0,1,250.2,1.0,1,0,1,0
1,Full_Day,12,41,5,1,0,216.6,1.0,1,1,0,0
1,Early_Return,6,40,2,0,1,254.0,1.0,1,0,0,0
1,Full_Day,7,8,3,0,1,182.8,1.0,1,0,0,0
0,Full_Day,7,1,5,1,1,485.4906,1.0,1,0,0,0
0,Early_Return,13,4,2,0,0,372.0,0.0,1,0,1,0
0,Full_Day,13,13,0,0,0,270.5,0.0,1,0,1,0
0,Full_Day,12,55,2,0,0,271.0,0.0,1,1,0,0
1,Early_Return,6,53,3,0,1,311.75,0.0,1,0,1,0
0,Full_Day,7,14,4,0,1,485.4906,0.0,1,0,0,0
0,Full_Day,12,20,3,0,0,256.0,0.0,0,0,1,0
0,Early_Return,6,45,1,0,1,348.0,0.0,1,0,1,0
0,Full_Day,6,35,0,0,1,271.6666666666667,0.0,1,0,0,0
0,Full_Day,12,40,1,0,0,325.25,0.0,1,0,1,0
0,Long_Term,12,41,5,1,0,364.0,0.0,1,0,0,0
0,Early_Return,7,16,2,0,1,700.2,0.0,1,0,0,0
0,Full_Day,12,9,6,1,0,649.4,0.0,1,1,0,0
0,Early_Return,12,30,4,0,0,692.8,0.0,1,0,1,0
0,Long_Term,5,58,1,0,1,621.2,0.0,1,0,0,0
1,Early_Return,11,41,4,0,1,951.6,0.0,1,1,0,0
1,Full_Day,12,27,3,0,0,586.0,0.0,1,1,0,0
0,Early_Return,6,48,4,0,1,485.4906,0.0,1,0,1,0
0,Early_Return,12,42,0,0,0,163.0,0.0,1,1,0,0
0,Full_Day,6,43,3,0,1,131.0,0.0,1,0,0,1
0,Early_Return,6,41,5,1,1,207.33333333333334,0.0,1,1,0,0
0,Early_Return,7,0,4,0,1,188.25,0.0,1,0,0,1
0,Early_Return,13,52,3,0,0,171.2,0.0,1,0,0,0
0,Full_Day,12,31,1,0,0,150.6,0.0,1,0,1,0
0,Full_Day,13,58,2,0,0,214.6,0.0,1,0,1,0
0,Long_Term,6,39,0,0,1,207.6,0.0,1,1,0,0
0,Full_Day,12,20,5,1,0,676.0,0.0,1,1,0,0
0,Long_Term,12,50,0,0,0,720.2,0.0,1,1,0,0
1,Early_Return,7,39,1,0,1,1104.0,0.0,1,0,1,0
1,Early_Return,13,30,3,0,0,1052.8,0.0,0,0,1,0
0,Early_Return,13,40,1,0,0,485.4906,0.0,1,0,0,0
0,Full_Day,6,51,2,0,1,89.0,0.0,1,0,0,1
0,Early_Return,7,6,5,1,1,260.5,0.0,1,0,0,0
0,Full_Day,13,6,6,1,0,205.33333333333334,0.0,1,0,0,0
0,Full_Day,13,19,4,0,0,281.0,0.0,1,0,0,0
0,Full_Day,6,41,2,0,1,279.4,0.0,1,0,0,0
0,Full_Day,7,5,0,0,1,485.4906,0.0,1,1,0,0
0,Full_Day,12,55,3,0,0,275.0,0.0,1,0,0,0
0,Early_Return,7,40,6,1,1,327.0,0.0,1,0,1,0
0,Full_Day,5,51,2,0,1,282.0,0.0,1,0,0,0
0,Long_Term,6,42,2,0,1,274.5,0.0,1,0,0,0
0,Overnight,13,11,5,1,0,655.0,0.0,1,1,0,0
0,Early_Return,6,58,2,0,1,817.8,1.0,1,1,0,0
0,Full_Day,7,15,5,1,1,783.2,1.0,1,0,0,0
0,Full_Day,13,11,1,0,0,838.8,1.0,1,1,0,0
0,Full_Day,7,46,3,0,1,853.4,1.0,1,0,0,1
0,Full_Day,7,31,2,0,1,485.4906,1.0,1,1,0,0
0,Full_Day,6,31,2,0,1,256.0,0.0,1,0,0,1
0,Full_Day,12,19,5,1,0,338.0,0.0,1,0,0,1
0,Early_Return,13,4,2,0,0,329.3333333333333,0.0,1,0,1,0
0,Overnight,6,29,6,1,1,279.5,0.0,1,0,0,0
0,Full_Day,12,54,6,1,0,429.4,1.0,1,1,0,0
0,Full_Day,7,8,6,1,1,477.6,1.0,1,0,0,0
0,Early_Return,13,1,6,1,0,485.4906,1.0,1,1,0,0
0,Early_Return,6,36,0,0,1,204.0,0.0,1,0,0,0
0,Early_Return,7,48,0,0,1,155.0,0.0,1,0,0,1
0,Early_Return,12,39,2,0,0,138.0,0.0,1,1,0,0
1,Full_Day,12,38,4,0,0,141.0,0.0,1,0,1,0
0,Early_Return,13,20,0,0,0,485.4906,0.0,1,0,0,0
0,Full_Day,12,22,3,0,0,69.0,0.0,1,0,0,0
0,Early_Return,11,39,3,0,1,301.0,0.0,1,1,0,0
0,Early_Return,6,37,2,0,1,262.0,0.0,1,0,0,0
0,Early_Return,6,40,4,0,1,229.0,0.0,1,1,0,0
1,Full_Day,12,57,3,0,0,219.6,0.0,1,0,1,0
1,Full_Day,6,47,2,0,1,307.8,0.0,1,1,0,0
0,Full_Day,6,42,6,1,1,485.4906,0.0,1,0,1,0
0,Early_Return,6,55,6,1,1,366.0,0.0,1,0,0,1
0,Full_Day,6,58,0,0,1,254.0,0.0,1,1,0,0
0,Early_Return,7,38,0,0,1,342.0,0.0,1,0,0,0
0,Full_Day,6,27,5,1,1,485.4906,0.0,1,0,0,0
0,Early_Return,6,36,4,0,1,461.0,0.0,1,0,0,0
0,Full_Day,7,31,6,1,1,266.5,0.0,1,0,0,1
0,Early_Return,12,35,3,0,0,341.0,0.0,1,0,0,1
0,Overnight,7,38,2,0,1,277.75,0.0,1,1,0,0
0,Early_Return,8,2,6,1,1,493.4,1.0,1,0,0,0
1,Full_Day,7,31,5,1,1,427.8,1.0,1,0,0,0
0,Early_Return,7,43,6,1,1,485.4906,1.0,0,0,1,0
0,Early_Return,6,59,0,0,1,109.0,0.0,1,0,0,1
0,Early_Return,6,53,4,0,1,118.5,0.0,1,0,0,0
0,Full_Day,7,19,6,1,1,121.66666666666667,0.0,1,0,1,0
0,Early_Return,12,8,2,0,0,225.0,0.0,1,0,0,0
1,Full_Day,13,23,4,0,0,199.2,0.0,1,1,0,0
1,Full_Day,12,39,1,0,0,280.8,0.0,1,0,0,0
0,Full_Day,6,44,1,0,1,485.4906,0.0,1,1,0,0
0,Early_Return,12,30,2,0,0,523.0,0.0,1,0,0,0
0,Full_Day,7,15,4,0,1,322.5,0.0,1,1,0,0
0,Early_Return,6,58,1,0,1,368.6666666666667,0.0,1,1,0,0
0,Overnight,12,14,6,1,0,303.0,0.0,1,0,1,0
1,Full_Day,7,56,0,0,1,523.4,1.0,1,0,0,0
1,Full_Day,7,50,1,0,1,506.2,1.0,1,1,0,0
1,Full_Day,7,9,3,0,1,587.4,1.0,1,0,0,0
0,Early_Return,6,22,3,0,1,485.4906,1.0,1,0,1,0
0,Early_Return,5,59,5,1,1,75.0,0.0,1,1,0,0
0,Long_Term,13,18,2,0,0,75.0,0.0,1,1,0,0
0,Full_Day,12,59,6,1,0,1004.6666666666666,0.0,1,1,0,0
0,Full_Day,13,11,2,0,0,859.5,0.0,1,1,0,0
0,Full_Day,7,5,3,0,1,776.6,0.0,1,0,0,0
0,Early_Return,7,19,6,1,1,856.8,0.0,1,0,0,0
0,Full_Day,7,12,4,0,1,876.2,0.0,1,0,0,0
1,Early_Return,6,11,6,1,1,372.6,0.0,1,1,0,0
0,Early_Return,7,29,0,0,1,485.4906,0.0,1,1,0,0
0,Full_Day,7,1,6,1,1,156.0,0.0,1,0,0,1
0,Early_Return,12,17,6,1,0,241.5,0.0,1,0,0,0
0,Early_Return,13,4,4,0,0,229.0,0.0,1,1,0,0
0,Early_Return,7,17,2,0,1,201.75,0.0,1,1,0,0
0,Early_Return,7,25,6,1,1,197.0,0.0,1,0,1,0
0,Full_Day,6,45,5,1,1,179.2,0.0,1,1,0,0
0,Full_Day,13,7,5,1,0,174.6,0.0,1,0,0,1
0,Early_Return,6,57,1,0,1,212.2,0.0,1,0,1,0
0,Full_Day,7,11,3,0,1,485.4906,0.0,1,0,0,0
0,Full_Day,11,57,4,0,1,241.0,0.0,1,1,0,0
0,Full_Day,6,49,2,0,1,316.0,0.0,1,0,1,0
1,Full_Day,6,56,2,0,1,351.3333333333333,0.0,1,0,0,0
1,Early_Return,12,55,2,0,0,379.25,0.0,1,0,0,0
1,Early_Return,12,58,5,1,0,339.8,0.0,0,1,0,0
1,Overnight,7,3,4,0,1,322.4,0.0,1,1,0,0
0,Early_Return,6,59,1,0,1,485.4906,1.0,1,0,0,0
0,Overnight,6,54,1,0,1,187.0,0.0,1,0,1,0
1,Early_Return,7,13,0,0,1,541.5,1.0,1,1,0,0
1,Early_Return,6,59,6,1,1,399.3333333333333,1.0,1,0,1,0
0,Full_Day,12,37,6,1,0,485.4906,1.0,1,0,1,0
0,Full_Day,5,45,2,0,1,445.0,0.0,1,0,1,0
0,Full_Day,7,23,2,0,1,348.5,0.0,1,0,0,0
0,Early_Return,12,55,6,1,0,367.6666666666667,0.0,1,0,0,0
0,Early_Return,12,51,4,0,0,294.5,0.0,1,1,0,0
0,Full_Day,7,1,4,0,1,256.0,0.0,1,1,0,0
0,Early_Return,13,11,5,1,0,232.0,0.0,1,1,0,0
1,Long_Term,6,57,1,0,1,210.0,0.0,1,0,0,0
0,Early_Return,6,3,3,0,1,485.4906,0.0,1,0,0,0
0,Full_Day,12,49,6,1,0,97.0,0.0,1,1,0,0
0,Full_Day,6,6,1,0,1,256.0,0.0,1,0,0,1
0,Early_Return,6,38,6,1,1,294.3333333333333,0.0,1,1,0,0
0,Full_Day,7,33,1,0,1,244.5,0.0,1,0,0,0
1,Full_Day,7,1,2,0,1,280.0,0.0,1,0,0,0
1,Early_Return,6,25,3,0,1,327.6,0.0,1,1,0,0
0,Long_Term,12,54,3,0,0,485.4906,0.0,1,0,0,0
0,Full_Day,6,51,0,0,1,2747.0,0.0,1,0,0,0
0,Early_Return,7,20,1,0,1,1556.0,0.0,1,1,0,0
0,Early_Return,6,51,5,1,1,1079.3333333333333,0.0,1,0,1,0
0,Overnight,12,17,2,0,0,857.5,0.0,1,0,1,0
0,Early_Return,12,50,5,1,0,876.8,1.0,1,1,0,0
0,Early_Return,13,53,1,0,0,367.0,1.0,1,0,0,0
0,Early_Return,7,37,1,0,1,311.2,1.0,1,0,0,0
0,Early_Return,6,15,2,0,1,304.0,1.0,1,1,0,0
1,Full_Day,12,38,6,1,0,292.4,1.0,1,0,0,0
0,Full_Day,12,35,4,0,0,485.4906,1.0,1,0,0,0
0,Early_Return,12,33,2,0,0,422.0,0.0,1,0,0,0
0,Full_Day,5,59,5,1,1,262.0,0.0,1,0,0,0
0,Early_Return,7,26,0,0,1,331.0,0.0,1,1,0,0
0,Early_Return,7,9,1,0,1,291.25,0.0,1,1,0,0
0,Early_Return,12,29,1,0,0,257.0,0.0,1,0,1,0
0,Full_Day,12,53,4,0,0,209.2,0.0,1,0,0,0
0,Full_Day,6,53,5,1,1,243.6,0.0,1,0,0,0
1,Overnight,7,12,6,1,1,210.6,0.0,1,1,0,0
1,Early_Return,7,24,0,0,1,458.0,1.0,1,0,1,0
1,Full_Day,6,47,2,0,1,472.0,1.0,1,0,1,0
0,Early_Return,7,9,4,0,1,485.4906,1.0,1,0,0,0
0,Overnight,13,14,3,0,0,103.0,0.0,1,0,0,0
0,Early_Return,6,34,1,0,1,699.5,1.0,1,1,0,0
0,Full_Day,12,43,5,1,0,512.6666666666666,1.0,1,1,0,0
0,Early_Return,7,3,0,0,1,453.0,1.0,0,0,0,0
0,Early_Return,12,56,0,0,0,394.0,1.0,1,1,0,0
0,Early_Return,6,22,5,1,1,398.8,1.0,1,0,0,1
0,Overnight,6,50,3,0,1,485.4906,1.0,1,0,0,1
0,Long_Term,12,34,6,1,0,1280.0,1.0,1,0,1,0
0,Early_Return,7,34,2,0,1,1397.5,1.0,1,0,1,0
0,Early_Return,6,47,2,0,1,969.0,1.0,1,1,0,0
0,Full_Day,13,9,3,0,0,755.5,1.0,1,0,0,1
0,Full_Day,7,22,4,0,1,685.2,1.0,1,0,0,0
0,Overnight,12,57,3,0,0,493.0,1.0,1,0,0,0
0,Early_Return,11,50,2,0,1,436.6,2.0,1,0,0,0
1,Early_Return,13,1,1,0,0,439.2,2.0,1,0,0,0
0,Full_Day,12,6,5,1,0,485.4906,2.0,1,0,1,0
0,Full_Day,7,1,2,0,1,411.0,0.0,1,0,1,0
0,Full_Day,7,25,3,0,1,394.0,0.0,1,1,0,0
0,Full_Day,7,31,0,0,1,431.3333333333333,0.0,1,0,0,1
0,Full_Day,7,23,1,0,1,485.4906,0.0,1,0,0,0
0,Early_Return,12,37,5,1,0,290.0,0.0,1,0,1,0
0,Early_Return,6,43,6,1,1,181.5,0.0,1,0,0,0
0,Full_Day,12,16,1,0,0,141.0,0.0,1,0,0,0
0,Full_Day,7,42,2,0,1,190.0,0.0,1,0,1,0
0,Overnight,6,41,0,0,1,485.4906,0.0,1,0,1,0
0,Early_Return,7,41,1,0,1,1233.0,1.0,1,1,0,0
0,Early_Return,7,13,6,1,1,684.5,1.0,1,0,0,0
0,Early_Return,6,33,1,0,1,499.3333333333333,1.0,1,0,0,1
1,Full_Day,6,58,0,0,1,399.25,1.0,1,0,0,0
1,Early_Return,13,14,3,0,0,404.2,1.0,1,0,1,0
0,Early_Return,12,6,0,0,0,485.4906,1.0,1,1,0,0
0,Early_Return,12,35,0,0,0,129.0,0.0,1,0,0,1
0,Overnight,7,43,3,0,1,124.5,0.0,1,1,0,0
0,Full_Day,6,33,2,0,1,531.6666666666666,1.0,1,0,1,0
0,Early_Return,7,6,3,0,1,518.75,1.0,1,0,0,0
0,Full_Day,6,5,4,0,1,428.2,1.0,1,0,0,0
1,Early_Return,7,30,1,0,1,492.8,1.0,1,1,0,0
1,Early_Return,6,24,2,0,1,498.6,1.0,1,0,0,0
1,Full_Day,7,38,2,0,1,249.8,1.0,1,1,0,0
0,Full_Day,7,26,2,0,1,485.4906,1.0,1,0,1,0
0,Full_Day,12,30,1,0,0,293.0,0.0,1,0,0,0
0,Overnight,13,32,3,0,0,325.0,0.0,1,0,0,1
0,Early_Return,6,29,6,1,1,579.6666666666666,1.0,1,1,0,0
0,Full_Day,7,0,3,0,1,456.5,1.0,1,1,0,0
0,Early_Return,7,1,3,0,1,415.4,1.0,1,0,1,0
0,Overnight,13,25,4,0,0,379.2,1.0,1,0,0,0
1,Long_Term,7,4,1,0,1,538.8,2.0,1,0,0,0
0,Full_Day,7,19,2,0,1,485.4906,2.0,1,0,1,0
0,Early_Return,7,8,4,0,1,503.0,0.0,1,1,0,0
0,Full_Day,7,1,0,0,1,331.5,0.0,1,0,0,1
0,Early_Return,6,37,4,0,1,306.6666666666667,0.0,1,1,0,0
0,Full_Day,7,23,0,0,1,261.5,0.0,1,0,1,0
0,Overnight,7,10,0,0,1,307.8,0.0,1,1,0,0
0,Full_Day,7,30,1,0,1,467.2,1.0,1,0,1,0
0,Early_Return,7,5,6,1,1,487.8,1.0,1,0,1,0
0,Full_Day,13,35,5,1,0,455.2,1.0,1,0,0,0
1,Full_Day,7,32,5,1,1,513.4,1.0,1,0,0,0
0,Overnight,12,49,6,1,0,485.4906,1.0,1,0,1,0
0,Full_Day,11,59,5,1,1,830.0,1.0,1,0,0,0
0,Early_Return,7,26,6,1,1,673.0,1.0,1,0,1,0
0,Early_Return,12,19,2,0,0,478.3333333333333,1.0,1,0,1,0
0,Early_Return,13,8,2,0,0,388.5,1.0,1,0,0,0
0,Full_Day,6,44,4,0,1,337.2,1.0,1,1,0,0
0,Early_Return,12,56,0,0,0,252.0,1.0,1,1,0,0
0,Full_Day,12,47,4,0,0,166.4,1.0,1,1,0,0
0,Full_Day,12,41,3,0,0,254.0,1.0,1,0,1,0
1,Early_Return,11,55,2,0,1,324.8,1.0,1,1,0,0
0,Full_Day,6,31,4,0,1,485.4906,1.0,1,0,0,1
0,Overnight,12,43,6,1,0,279.0,0.0,1,0,1,0
0,Overnight,6,18,1,0,1,798.0,1.0,1,0,0,1
0,Full_Day,12,37,2,0,0,809.6666666666666,2.0,1,1,0,0
0,Full_Day,7,6,5,1,1,688.75,2.0,1,0,0,0
0,Early_Return,6,57,3,0,1,658.6,2.0,1,0,0,1
0,Full_Day,7,31,0,0,1,485.4906,2.0,1,0,1,0
0,Full_Day,13,47,0,0,0,344.0,0.0,1,0,0,0
0,Full_Day,6,47,1,0,1,327.5,0.0,1,0,0,0
1,Early_Return,6,33,1,0,1,340.6666666666667,0.0,1,1,0,0
1,Full_Day,6,29,3,0,1,307.5,0.0,1,1,0,0
1,Full_Day,6,47,3,0,1,344.4,0.0,1,0,1,0
1,Full_Day,7,43,2,0,1,358.8,0.0,1,0,0,0
0,Early_Return,7,7,4,0,1,485.4906,0.0,1,0,0,1
0,Full_Day,7,8,0,0,1,199.0,0.0,1,0,0,0
0,Early_Return,7,21,3,0,1,220.0,0.0,1,0,0,0
0,Full_Day,6,37,3,0,1,189.66666666666666,0.0,1,0,0,0
0,Early_Return,6,14,2,0,1,228.0,0.0,1,0,0,0
0,Full_Day,8,2,3,0,1,198.6,0.0,1,0,0,0
0,Early_Return,6,35,4,0,1,213.2,0.0,1,0,0,0
0,Early_Return,7,45,4,0,1,202.0,0.0,1,1,0,0
1,Full_Day,6,58,0,0,1,189.8,0.0,0,0,1,0
0,Full_Day,11,55,6,1,1,485.4906,0.0,1,1,0,0
0,Early_Return,11,46,4,0,1,451.0,0.0,1,0,1,0
0,Long_Term,6,55,3,0,1,276.5,0.0,1,0,0,0
0,Early_Return,7,13,5,1,1,702.0,0.0,1,0,0,0
0,Early_Return,7,13,3,0,1,571.75,0.0,1,0,0,1
1,Full_Day,7,15,6,1,1,477.8,0.0,1,1,0,0
1,Full_Day,6,40,0,0,1,483.4,0.0,1,0,0,0
0,Early_Return,7,0,1,0,1,485.4906,0.0,1,1,0,0
0,Early_Return,12,24,0,0,0,172.0,0.0,1,1,0,0
1,Long_Term,13,6,1,0,0,189.5,0.0,1,0,0,0
1,Early_Return,6,18,3,0,1,987.3333333333334,0.0,1,1,0,0
0,Full_Day,7,18,4,0,1,485.4906,0.0,1,0,0,0
0,Early_Return,7,22,4,0,1,278.0,0.0,1,1,0,0
0,Early_Return,6,41,2,0,1,190.5,0.0,1,0,1,0
0,Early_Return,7,22,1,0,1,172.66666666666666,0.0,1,0,0,0
0,Early_Return,6,39,3,0,1,167.25,0.0,1,0,0,0
0,Full_Day,7,6,4,0,1,148.2,0.0,0,1,0,0
0,Early_Return,6,42,6,1,1,193.4,0.0,1,0,0,0
0,Full_Day,7,19,0,0,1,195.4,0.0,1,0,1,0
1,Early_Return,6,29,1,0,1,232.6,0.0,1,1,0,0
1,Early_Return,13,14,0,0,0,243.8,0.0,1,1,0,0
0,Full_Day,6,32,4,0,1,485.4906,0.0,0,0,1,0
0,Full_Day,6,45,4,0,1,502.0,0.0,1,0,0,0
0,Full_Day,11,47,5,1,1,503.0,0.0,1,0,0,0
0,Early_Return,12,32,2,0,0,463.6666666666667,0.0,1,1,0,0
0,Overnight,8,6,3,0,1,385.0,0.0,1,1,0,0
0,Full_Day,7,52,4,0,1,475.0,1.0,1,0,0,0
0,Full_Day,7,9,5,1,1,436.4,1.0,1,0,1,0
0,Full_Day,13,0,4,0,0,392.0,1.0,1,0,0,0
0,Early_Return,7,0,2,0,1,382.0,1.0,1,1,0,0
0,Full_Day,13,6,6,1,0,377.8,1.0,1,0,0,0
0,Full_Day,6,25,4,0,1,485.4906,1.0,1,0,0,0
0,Early_Return,12,51,6,1,0,383.0,0.0,1,0,0,0
0,Early_Return,7,5,1,0,1,226.0,0.0,1,1,0,0
0,Full_Day,6,55,2,0,1,188.33333333333334,0.0,1,0,0,0
0,Early_Return,12,1,2,0,0,243.0,0.0,1,1,0,0
0,Early_Return,7,28,3,0,1,221.2,0.0,1,0,1,0
0,Full_Day,7,29,0,0,1,186.2,0.0,1,0,0,1
0,Full_Day,7,53,0,0,1,226.8,0.0,1,0,0,0
0,Early_Return,7,6,4,0,1,485.4906,0.0,1,0,1,0
0,Early_Return,7,30,2,0,1,85.0,0.0,1,0,0,0
0,Full_Day,12,53,4,0,0,80.0,0.0,1,0,0,0
0,Overnight,6,41,0,0,1,203.33333333333334,0.0,1,0,0,1
0,Overnight,7,2,4,0,1,434.5,1.0,1,1,0,0
0,Full_Day,6,35,0,0,1,593.2,2.0,1,0,1,0
0,Overnight,12,58,3,0,0,670.2,2.0,1,0,0,1
0,Early_Return,12,17,2,0,0,843.6,3.0,1,0,0,0
0,Full_Day,6,48,0,0,1,785.8,3.0,1,1,0,0
0,Early_Return,6,50,3,0,1,627.4,3.0,1,0,0,0
0,Full_Day,12,22,3,0,0,394.6,3.0,1,1,0,0
1,Early_Return,11,49,5,1,1,353.0,3.0,1,0,0,0
0,Overnight,12,9,5,1,0,485.4906,3.0,1,0,0,0
0,Full_Day,12,37,1,0,0,1308.0,1.0,1,0,1,0
0,Full_Day,12,43,3,0,0,849.0,1.0,1,0,0,0
0,Full_Day,12,4,3,0,0,735.0,1.0,1,0,0,0
0,Early_Return,7,26,2,0,1,485.4906,1.0,1,1,0,0
0,Full_Day,13,21,1,0,0,126.0,0.0,1,0,1,0
1,Full_Day,12,32,0,0,0,198.5,0.0,1,0,0,1
0,Early_Return,7,0,0,0,1,485.4906,0.0,1,0,0,0
0,Full_Day,12,34,3,0,0,198.0,0.0,1,1,0,0
0,Early_Return,7,23,0,0,1,241.0,0.0,1,1,0,0
0,Overnight,13,3,1,0,0,205.66666666666666,0.0,1,0,0,0
0,Full_Day,5,56,3,0,1,392.0,1.0,1,0,0,0
0,Early_Return,6,23,3,0,1,376.4,1.0,1,0,0,0
1,Full_Day,7,32,6,1,1,367.8,1.0,1,0,0,1
1,Full_Day,6,31,1,0,1,374.4,1.0,1,1,0,0
0,Overnight,7,38,0,0,1,485.4906,1.0,1,0,0,0
0,Full_Day,14,7,4,0,0,1196.0,1.0,1,0,0,0
0,Early_Return,8,3,0,0,1,775.5,1.0,1,1,0,0
0,Full_Day,13,11,6,1,0,570.0,1.0,1,0,1,0
0,Full_Day,6,58,5,1,1,510.25,1.0,1,0,0,0
0,Full_Day,7,33,3,0,1,479.4,1.0,1,0,0,1
0,Full_Day,7,11,5,1,1,302.2,1.0,1,0,0,0
1,Early_Return,7,40,2,0,1,302.0,1.0,1,0,0,0
1,Early_Return,6,22,3,0,1,304.4,1.0,1,0,0,1
0,Full_Day,7,10,1,0,1,485.4906,1.0,1,0,0,1
0,Full_Day,6,39,6,1,1,503.0,0.0,1,0,0,0
0,Full_Day,7,18,6,1,1,454.0,0.0,1,0,1,0
0,Full_Day,7,44,4,0,1,432.3333333333333,0.0,1,0,1,0
0,Early_Return,6,17,5,1,1,413.25,0.0,1,1,0,0
0,Early_Return,6,54,5,1,1,370.0,0.0,1,0,0,0
0,Early_Return,6,57,3,0,1,300.8,0.0,1,1,0,0
0,Full_Day,7,16,0,0,1,260.0,0.0,1,0,0,0
0,Full_Day,7,18,5,1,1,485.4906,0.0,1,1,0,0
0,Full_Day,6,36,3,0,1,400.0,0.0,1,1,0,0
0,Full_Day,6,53,3,0,1,364.5,0.0,1,0,1,0
0,Full_Day,8,27,5,1,1,411.6666666666667,0.0,1,1,0,0
0,Early_Return,6,40,1,0,1,386.25,0.0,1,0,0,0
0,Early_Return,7,8,6,1,1,325.0,0.0,1,0,0,0
0,Full_Day,7,23,1,0,1,267.6,0.0,1,0,0,0
0,Full_Day,6,38,3,0,1,287.6,0.0,1,0,0,1
1,Full_Day,6,35,6,1,1,236.4,0.0,1,0,0,0
1,Full_Day,7,15,2,0,1,235.2,0.0,1,0,1,0
0,Full_Day,7,38,5,1,1,485.4906,0.0,1,0,0,0
0,Early_Return,6,51,6,1,1,263.0,0.0,1,0,1,0
0,Early_Return,6,32,0,0,1,167.5,0.0,1,0,0,1
0,Overnight,7,22,6,1,1,166.66666666666666,0.0,1,0,0,0
0,Full_Day,6,5,2,0,1,482.5,1.0,1,1,0,0
0,Overnight,6,40,0,0,1,453.8,1.0,1,1,0,0
0,Full_Day,7,36,2,0,1,567.6,2.0,1,1,0,0
0,Overnight,7,41,0,0,1,661.0,2.0,1,0,0,1
0,Early_Return,6,36,3,0,1,814.6,3.0,1,0,0,0
0,Full_Day,6,58,4,0,1,485.4906,3.0,1,0,0,0
0,Overnight,7,9,0,0,1,349.0,0.0,1,0,0,1
0,Full_Day,7,52,1,0,1,612.0,1.0,1,1,0,0
0,Full_Day,6,31,1,0,1,565.6666666666666,1.0,1,0,0,0
0,Full_Day,12,34,3,0,0,548.0,1.0,1,1,0,0
0,Overnight,12,38,0,0,0,507.0,1.0,1,0,1,0
0,Long_Term,13,19,6,1,0,589.0,2.0,1,1,0,0
0,Full_Day,7,53,6,1,1,847.2,2.0,1,1,0,0
1,Full_Day,7,20,5,1,1,842.8,2.0,1,0,1,0
1,Early_Return,13,23,3,0,0,825.4,2.0,1,0,0,0
1,Overnight,13,34,4,0,0,790.4,2.0,1,1,0,0
0,Full_Day,6,49,6,1,1,485.4906,3.0,1,0,0,1
0,Long_Term,7,17,6,1,1,527.0,0.0,1,0,0,0
0,Full_Day,6,39,1,0,1,1719.0,0.0,1,0,1,0
0,Full_Day,6,57,4,0,1,1323.0,0.0,0,1,0,0
0,Overnight,6,54,5,1,1,1071.75,0.0,1,0,0,0
0,Full_Day,7,2,3,0,1,1103.8,1.0,1,1,0,0
0,Full_Day,6,10,3,0,1,1098.2,1.0,1,0,0,0
0,Early_Return,6,47,0,0,1,485.4906,1.0,1,0,1,0
0,Early_Return,12,8,2,0,0,89.0,0.0,1,0,0,0
0,Early_Return,6,27,6,1,1,97.5,0.0,1,0,1,0
0,Full_Day,12,33,5,1,0,105.0,0.0,1,0,0,0
0,Full_Day,6,43,1,0,1,188.5,0.0,1,1,0,0
0,Early_Return,7,20,0,0,1,208.2,0.0,1,0,1,0
0,Early_Return,6,30,4,0,1,202.6,0.0,1,0,0,0
0,Full_Day,12,7,3,0,0,196.2,0.0,1,0,0,1
0,Early_Return,7,20,0,0,1,229.6,0.0,1,0,0,0
1,Early_Return,7,23,0,0,1,172.2,0.0,1,0,0,0
1,Early_Return,13,7,0,0,0,136.2,0.0,1,0,1,0
0,Early_Return,7,22,6,1,1,485.4906,0.0,1,1,0,0
0,Full_Day,6,18,2,0,1,111.0,0.0,1,0,0,1
0,Long_Term,12,24,1,0,0,224.0,0.0,1,0,0,0
0,Early_Return,12,45,1,0,0,652.0,0.0,1,0,0,0
1,Early_Return,6,32,1,0,1,541.0,0.0,1,1,0,0
1,Full_Day,6,5,6,1,1,445.0,0.0,1,0,0,0
0,Early_Return,12,42,4,0,0,485.4906,0.0,1,0,1,0
0,Early_Return,7,22,5,1,1,485.4906,0.0,1,0,1,0
0,Full_Day,7,10,2,0,1,86.0,0.0,1,0,0,0
0,Full_Day,7,13,3,0,1,189.5,0.0,1,0,0,0
0,Early_Return,12,49,6,1,0,246.33333333333334,0.0,1,0,0,0
0,Full_Day,7,49,3,0,1,217.25,0.0,1,1,0,0
0,Full_Day,7,8,0,0,1,241.0,0.0,1,1,0,0
0,Overnight,7,6,2,0,1,301.8,0.0,1,1,0,0
0,Early_Return,6,57,4,0,1,530.0,1.0,1,0,0,0
0,Overnight,13,12,0,0,0,489.4,1.0,1,0,1,0
0,Long_Term,12,2,4,0,0,698.6,2.0,1,1,0,0
1,Early_Return,7,39,3,0,1,1320.0,2.0,1,0,0,0
1,Full_Day,6,50,0,0,1,1266.0,2.0,1,0,1,0
1,Full_Day,7,10,0,0,1,1086.8,2.0,1,0,0,0
1,Early_Return,7,35,4,0,1,1133.6,2.0,1,0,0,1
1,Early_Return,12,45,2,0,0,923.0,2.0,1,0,1,0
0,Full_Day,7,4,2,0,1,485.4906,2.0,1,0,1,0
0,Full_Day,12,32,1,0,0,423.0,0.0,1,0,0,0
0,Full_Day,12,51,6,1,0,420.0,0.0,1,0,0,0
0,Full_Day,7,13,3,0,1,364.6666666666667,0.0,1,0,0,0
0,Early_Return,6,57,6,1,1,341.0,0.0,1,0,1,0
0,Full_Day,11,49,6,1,1,295.8,0.0,1,0,0,0
0,Full_Day,12,48,3,0,0,291.8,0.0,1,1,0,0
1,Early_Return,6,43,2,0,1,289.2,0.0,1,0,0,0
1,Early_Return,7,34,5,1,1,269.0,0.0,1,1,0,0
1,Early_Return,7,9,1,0,1,232.4,0.0,1,0,0,0
0,Long_Term,7,33,4,0,1,485.4906,0.0,1,0,0,0
0,Early_Return,12,15,2,0,0,1572.0,0.0,1,1,0,0
0,Full_Day,12,15,3,0,0,832.0,0.0,1,0,0,0
1,Early_Return,13,40,3,0,0,704.6666666666666,0.0,1,0,0,1
0,Full_Day,6,52,0,0,1,485.4906,0.0,1,0,0,1
0,Early_Return,12,47,5,1,0,271.0,0.0,1,1,0,0
0,Full_Day,7,29,4,0,1,485.4906,0.0,1,1,0,0
0,Full_Day,12,16,4,0,0,263.0,0.0,1,1,0,0
0,Overnight,12,39,1,0,0,387.0,0.0,1,1,0,0
0,Full_Day,7,5,0,0,1,594.6666666666666,1.0,1,0,1,0
0,Early_Return,6,54,3,0,1,485.4906,1.0,1,0,1,0
0,Early_Return,7,33,1,0,1,124.0,0.0,1,0,1,0
0,Full_Day,7,17,1,0,1,128.0,0.0,1,0,1,0
0,Early_Return,7,35,4,0,1,189.0,0.0,1,0,0,0
0,Full_Day,7,18,1,0,1,193.75,0.0,1,0,1,0
0,Overnight,14,7,6,1,0,242.2,0.0,1,1,0,0
0,Full_Day,13,12,0,0,0,444.6,1.0,1,0,0,0
0,Overnight,7,47,0,0,1,493.6,1.0,1,0,0,0
1,Full_Day,7,2,4,0,1,647.8,2.0,1,0,0,0
1,Full_Day,6,58,3,0,1,705.6,2.0,1,0,0,0
0,Early_Return,7,21,0,0,1,485.4906,2.0,0,0,1,0
0,Early_Return,6,52,6,1,1,204.0,0.0,1,0,1,0
0,Full_Day,7,8,2,0,1,143.5,0.0,1,0,1,0
0,Full_Day,7,27,6,1,1,190.0,0.0,1,1,0,0
0,Overnight,13,3,5,1,0,268.5,0.0,1,1,0,0
0,Full_Day,6,53,5,1,1,414.4,1.0,1,0,0,1
1,Overnight,6,44,1,0,1,473.4,1.0,1,0,0,0
1,Early_Return,6,59,1,0,1,730.4,2.0,1,0,0,0
0,Long_Term,6,20,6,1,1,485.4906,2.0,1,0,1,0
0,Full_Day,7,21,4,0,1,3035.0,0.0,0,1,0,0
0,Long_Term,6,47,5,1,1,1748.5,0.0,1,0,1,0
0,Early_Return,7,36,3,0,1,1676.0,0.0,1,0,0,0
0,Full_Day,7,35,3,0,1,1296.5,0.0,1,0,0,0
0,Early_Return,7,0,5,1,1,1086.8,0.0,1,0,0,0
0,Early_Return,6,59,6,1,1,504.6,0.0,1,0,0,0
0,Full_Day,13,1,2,0,0,427.8,0.0,1,1,0,0
0,Early_Return,7,22,6,1,1,204.8,0.0,1,0,0,0
0,Full_Day,7,7,2,0,1,207.8,0.0,1,0,1,0
1,Early_Return,13,31,2,0,0,249.8,0.0,1,1,0,0
1,Early_Return,6,39,3,0,1,251.0,0.0,1,0,0,0
0,Full_Day,5,59,3,0,1,485.4906,0.0,1,1,0,0
0,Full_Day,6,37,1,0,1,253.0,0.0,1,1,0,0
0,Full_Day,7,1,3,0,1,348.0,0.0,1,0,0,0
1,Early_Return,6,27,6,1,1,373.6666666666667,0.0,1,1,0,0
1,Full_Day,12,24,1,0,0,300.0,0.0,1,1,0,0
1,Full_Day,7,21,2,0,1,301.8,0.0,1,1,0,0
1,Full_Day,7,24,6,1,1,308.8,0.0,1,0,0,0
0,Full_Day,12,24,4,0,0,485.4906,0.0,1,0,0,0
0,Full_Day,7,38,2,0,1,520.0,0.0,1,0,1,0
0,Full_Day,7,23,3,0,1,417.0,0.0,1,0,0,0
0,Full_Day,7,28,2,0,1,360.3333333333333,0.0,1,0,1,0
0,Early_Return,12,39,0,0,0,333.0,0.0,1,0,0,1
0,Full_Day,7,28,0,0,1,285.4,0.0,1,1,0,0
0,Early_Return,12,51,1,0,0,259.4,0.0,1,0,1,0
0,Early_Return,7,1,3,0,1,221.8,0.0,1,1,0,0
0,Full_Day,12,17,2,0,0,202.0,0.0,1,1,0,0
1,Overnight,6,50,3,0,1,213.6,0.0,1,0,0,0
0,Full_Day,7,32,2,0,1,485.4906,1.0,1,0,0,0
0,Overnight,6,7,0,0,1,308.0,0.0,1,1,0,0
0,Full_Day,6,49,5,1,1,871.0,1.0,1,1,0,0
0,Overnight,7,59,2,0,1,692.6666666666666,1.0,1,0,1,0
0,Full_Day,12,41,5,1,0,791.25,2.0,1,0,0,1
1,Full_Day,8,12,2,0,1,715.6,2.0,1,1,0,0
0,Full_Day,6,34,5,1,1,485.4906,2.0,1,0,0,0
0,Overnight,6,59,4,0,1,466.0,0.0,1,0,1,0
0,Full_Day,6,47,2,0,1,653.5,1.0,1,0,0,1
0,Full_Day,7,17,6,1,1,576.0,1.0,1,0,0,0
0,Full_Day,7,13,5,1,1,556.75,1.0,1,0,1,0
1,Early_Return,6,37,0,0,1,535.6,1.0,1,1,0,0
0,Full_Day,6,31,2,0,1,485.4906,1.0,1,0,0,0
0,Full_Day,7,8,5,1,1,301.0,0.0,1,0,0,0
0,Full_Day,7,34,6,1,1,307.0,0.0,1,0,0,0
0,Full_Day,6,47,3,0,1,381.0,0.0,1,1,0,0
0,Overnight,6,39,0,0,1,389.5,0.0,1,0,1,0
1,Early_Return,6,55,1,0,1,519.0,1.0,1,0,0,0
1,Long_Term,7,27,3,0,1,480.0,1.0,1,0,0,0
1,Full_Day,7,7,1,0,1,928.4,1.0,1,0,0,1
0,Full_Day,12,18,5,1,0,485.4906,1.0,1,1,0,0
0,Early_Return,6,9,0,0,1,461.0,0.0,1,0,1,0
0,Overnight,12,9,0,0,0,274.5,0.0,1,0,0,1
0,Overnight,6,56,6,1,1,550.0,1.0,1,0,0,0
0,Early_Return,12,14,0,0,0,707.0,2.0,1,1,0,0
0,Early_Return,12,24,0,0,0,598.8,2.0,1,0,0,0
1,Early_Return,6,14,3,0,1,520.8,2.0,1,0,0,0
0,Early_Return,6,56,3,0,1,485.4906,2.0,1,0,0,0
0,Overnight,6,41,5,1,1,116.0,0.0,1,0,1,0
0,Full_Day,12,46,4,0,0,644.5,1.0,1,0,0,0
1,Full_Day,12,36,0,0,0,526.3333333333334,1.0,1,0,0,0
1,Full_Day,13,5,3,0,0,488.75,1.0,1,0,1,0
0,Full_Day,6,40,6,1,1,485.4906,1.0,1,0,0,0
0,Full_Day,6,55,5,1,1,430.0,0.0,1,1,0,0
0,Full_Day,12,45,4,0,0,394.0,0.0,1,0,0,0
0,Full_Day,5,49,2,0,1,434.0,0.0,1,1,0,0
1,Early_Return,6,58,4,0,1,387.25,0.0,1,0,0,1
1,Early_Return,6,19,2,0,1,336.0,0.0,1,0,0,0
0,Full_Day,12,48,3,0,0,485.4906,0.0,1,0,1,0
0,Early_Return,7,26,4,0,1,359.0,0.0,1,0,0,0
0,Full_Day,11,46,6,1,1,214.0,0.0,1,1,0,0
0,Early_Return,7,5,0,0,1,270.0,0.0,1,1,0,0
0,Full_Day,7,58,1,0,1,249.25,0.0,1,0,0,0
0,Early_Return,12,46,2,0,0,281.0,0.0,1,0,0,0
0,Full_Day,6,49,3,0,1,240.6,0.0,1,1,0,0
0,Full_Day,12,38,0,0,0,485.4906,0.0,1,0,0,1
0,Early_Return,13,34,0,0,0,394.0,0.0,1,0,0,0
0,Full_Day,7,7,6,1,1,260.0,0.0,1,0,1,0
0,Long_Term,7,19,2,0,1,322.6666666666667,0.0,1,0,1,0
0,Overnight,12,23,2,0,0,1016.25,0.0,1,1,0,0
0,Early_Return,6,46,0,0,1,1031.4,1.0,1,0,0,0
0,Long_Term,12,48,0,0,0,980.2,1.0,1,0,0,0
0,Early_Return,7,13,3,0,1,1384.4,1.0,1,0,0,1
0,Full_Day,6,58,6,1,1,1322.0,1.0,1,1,0,0
0,Full_Day,7,18,6,1,1,485.4906,1.0,1,0,0,0
0,Early_Return,6,34,1,0,1,245.0,0.0,1,1,0,0
0,Full_Day,6,47,2,0,1,158.5,0.0,1,0,0,1
0,Early_Return,7,48,0,0,1,269.3333333333333,0.0,1,1,0,0
0,Full_Day,12,46,5,1,0,224.25,0.0,1,1,0,0
1,Full_Day,6,39,5,1,1,270.8,0.0,1,1,0,0
1,Full_Day,7,17,3,0,1,323.2,0.0,1,0,1,0
1,Early_Return,12,58,4,0,0,390.4,0.0,1,0,0,1
0,Long_Term,6,49,4,0,1,485.4906,0.0,1,1,0,0
0,Early_Return,13,34,0,0,0,1538.0,0.0,1,1,0,0
0,Early_Return,7,21,3,0,1,861.5,0.0,1,1,0,0
0,Full_Day,6,8,0,0,1,639.3333333333334,0.0,1,0,0,0
0,Full_Day,5,49,6,1,1,485.4906,0.0,1,0,1,0
0,Early_Return,12,52,4,0,0,320.0,0.0,1,0,0,1
0,Full_Day,13,24,6,1,0,211.0,0.0,1,0,0,1
0,Early_Return,7,5,0,0,1,287.6666666666667,0.0,1,1,0,0
0,Full_Day,12,43,6,1,0,485.4906,0.0,1,0,1,0
0,Full_Day,7,16,3,0,1,321.0,0.0,1,1,0,0
0,Full_Day,12,54,6,1,0,287.0,0.0,1,0,1,0
0,Full_Day,7,10,1,0,1,292.0,0.0,1,0,0,0
0,Early_Return,6,27,5,1,1,288.0,0.0,1,1,0,0
0,Overnight,6,43,2,0,1,243.8,0.0,1,1,0,0
0,Full_Day,6,7,6,1,1,383.2,1.0,1,0,1,0
0,Early_Return,6,38,2,0,1,380.8,1.0,1,0,0,0
0,Early_Return,7,27,1,0,1,342.4,1.0,1,1,0,0
0,Full_Day,6,33,3,0,1,322.8,1.0,1,0,0,0
1,Early_Return,13,8,1,0,0,371.6,1.0,1,1,0,0
0,Early_Return,6,20,6,1,1,485.4906,1.0,1,0,0,0
0,Full_Day,13,4,1,0,0,91.0,0.0,1,1,0,0
0,Early_Return,7,4,3,0,1,287.5,0.0,1,0,0,1
1,Early_Return,12,33,0,0,0,257.3333333333333,0.0,1,0,0,0
0,Full_Day,6,3,4,0,1,485.4906,0.0,1,0,0,1
0,Full_Day,6,49,6,1,1,259.0,0.0,1,0,0,0
0,Long_Term,7,3,0,0,1,345.0,0.0,1,0,0,0
0,Full_Day,6,38,4,0,1,1070.0,0.0,1,0,1,0
0,Overnight,7,12,6,1,1,866.0,0.0,1,1,0,0
0,Early_Return,7,19,5,1,1,485.4906,1.0,1,0,0,0
0,Early_Return,7,9,6,1,1,136.0,0.0,1,1,0,0
0,Early_Return,12,46,3,0,0,111.0,0.0,1,1,0,0
0,Full_Day,7,5,1,0,1,113.33333333333333,0.0,1,0,1,0
0,Full_Day,6,46,3,0,1,216.25,0.0,1,0,1,0
0,Full_Day,6,23,5,1,1,241.4,0.0,1,0,1,0
0,Full_Day,6,37,4,0,1,307.0,0.0,1,0,0,1
0,Full_Day,12,29,4,0,0,351.2,0.0,1,0,1,0
1,Early_Return,12,15,4,0,0,381.8,0.0,1,1,0,0
1,Full_Day,12,57,1,0,0,293.2,0.0,1,1,0,0
0,Full_Day,6,36,1,0,1,485.4906,0.0,1,0,1,0
0,Early_Return,13,7,4,0,0,340.0,0.0,1,0,0,1
0,Overnight,6,45,4,0,1,270.5,0.0,1,0,0,0
0,Full_Day,7,24,2,0,1,645.3333333333334,1.0,1,0,0,0
1,Early_Return,7,10,2,0,1,610.5,1.0,1,1,0,0
0,Early_Return,7,9,6,1,1,485.4906,1.0,1,0,0,0
0,Early_Return,12,5,5,1,0,168.0,0.0,1,0,1,0
1,Early_Return,7,32,1,0,1,148.0,0.0,1,0,0,0
1,Early_Return,13,25,6,1,0,130.33333333333334,0.0,1,0,0,1
0,Early_Return,12,45,6,1,0,485.4906,0.0,1,0,1,0
0,Overnight,13,3,1,0,0,485.4906,0.0,1,0,0,1
0,Full_Day,7,22,5,1,1,999.0,1.0,0,0,0,0
0,Full_Day,6,30,5,1,1,655.5,1.0,1,0,0,0
0,Full_Day,7,39,2,0,1,597.3333333333334,1.0,1,1,0,0
0,Full_Day,7,36,3,0,1,485.4906,1.0,1,1,0,0
0,Early_Return,12,56,3,0,0,446.0,0.0,1,0,0,0
0,Early_Return,6,36,3,0,1,311.5,0.0,1,1,0,0
0,Full_Day,12,53,5,1,0,254.33333333333334,0.0,1,1,0,0
0,Early_Return,12,32,1,0,0,301.0,0.0,1,1,0,0
1,Full_Day,13,15,5,1,0,282.6,0.0,1,0,0,1
0,Full_Day,6,55,1,0,1,485.4906,0.0,1,0,0,1
0,Long_Term,13,16,3,0,0,509.0,0.0,1,0,0,0
0,Long_Term,12,34,6,1,0,1376.0,0.0,1,0,0,1
0,Overnight,6,49,3,0,1,1860.3333333333333,0.0,1,0,0,0
0,Full_Day,7,3,5,1,1,1737.5,1.0,1,0,1,0
0,Full_Day,12,19,3,0,0,1476.2,1.0,1,0,0,1
0,Full_Day,13,24,6,1,0,1435.0,1.0,1,0,0,1
0,Full_Day,6,11,0,0,1,1045.6,1.0,1,0,0,0
0,Early_Return,6,31,0,0,1,559.2,1.0,1,0,0,0
1,Full_Day,12,26,1,0,0,313.4,1.0,1,0,1,0
0,Full_Day,6,17,5,1,1,485.4906,1.0,1,1,0,0
0,Full_Day,12,48,3,0,0,399.0,0.0,1,1,0,0
0,Overnight,12,28,2,0,0,440.5,0.0,0,0,0,1
0,Early_Return,7,56,4,0,1,653.0,1.0,1,0,1,0
1,Full_Day,7,37,4,0,1,521.0,1.0,1,0,0,0
0,Full_Day,6,49,6,1,1,485.4906,1.0,1,0,0,0
0,Long_Term,12,22,1,0,0,501.0,0.0,1,0,0,1
0,Full_Day,12,13,0,0,0,1111.5,0.0,1,0,0,0
0,Overnight,6,52,3,0,1,899.0,0.0,1,0,1,0
0,Full_Day,7,27,4,0,1,989.5,1.0,1,1,0,0
0,Full_Day,6,47,0,0,1,845.2,1.0,1,1,0,0
0,Full_Day,5,51,4,0,1,834.4,1.0,1,0,0,0
1,Full_Day,6,42,0,0,1,550.0,1.0,1,1,0,0
1,Full_Day,7,13,0,0,1,546.2,1.0,1,1,0,0
0,Early_Return,7,26,4,0,1,485.4906,1.0,1,1,0,0
0,Full_Day,12,18,1,0,0,99.0,0.0,1,0,1,0
0,Early_Return,12,20,1,0,0,186.5,0.0,1,1,0,0
0,Overnight,13,5,0,0,0,182.0,0.0,1,0,1,0
0,Full_Day,12,47,1,0,0,420.25,1.0,1,0,0,0
0,Full_Day,13,28,5,1,0,399.8,1.0,1,0,0,1
1,Full_Day,6,40,3,0,1,474.4,1.0,1,0,0,0
0,Early_Return,7,2,2,0,1,485.4906,1.0,1,0,0,1
0,Full_Day,7,50,4,0,1,84.0,0.0,1,0,0,1
0,Early_Return,6,38,3,0,1,285.5,0.0,1,1,0,0
0,Early_Return,13,8,1,0,0,255.66666666666666,0.0,1,0,0,0
0,Overnight,6,3,1,0,1,226.5,0.0,1,1,0,0
1,Full_Day,6,51,1,0,1,391.8,1.0,1,0,0,0
1,Early_Return,7,4,1,0,1,427.2,1.0,1,1,0,0
0,Full_Day,6,8,2,0,1,485.4906,1.0,1,0,0,1
0,Long_Term,6,39,0,0,1,392.0,0.0,1,1,0,0
0,Early_Return,12,38,4,0,0,1352.0,0.0,1,0,1,0
1,Full_Day,6,33,4,0,1,943.3333333333334,0.0,1,0,0,0
0,Full_Day,12,14,5,1,0,485.4906,0.0,1,0,0,0
0,Early_Return,12,23,0,0,0,478.0,0.0,1,0,1,0
0,Full_Day,6,57,3,0,1,314.5,0.0,1,1,0,0
0,Full_Day,8,13,1,0,1,361.6666666666667,0.0,1,0,0,0
0,Early_Return,13,13,1,0,0,388.0,0.0,1,0,0,0
0,Overnight,7,49,1,0,1,344.6,0.0,1,1,0,0
1,Full_Day,6,19,0,0,1,508.6,1.0,1,1,0,0
0,Early_Return,7,18,1,0,1,485.4906,1.0,1,0,1,0
0,Full_Day,12,29,4,0,0,205.0,0.0,1,1,0,0
0,Full_Day,13,10,4,0,0,340.0,0.0,1,0,0,1
1,Early_Return,12,40,3,0,0,348.6666666666667,0.0,1,0,0,0
1,Full_Day,13,15,5,1,0,312.75,0.0,1,0,0,1
0,Full_Day,6,13,0,0,1,485.4906,0.0,1,0,1,0
0,Overnight,13,1,0,0,0,439.0,0.0,1,1,0,0
1,Full_Day,12,29,4,0,0,641.0,1.0,1,0,0,0
0,Long_Term,7,10,2,0,1,485.4906,1.0,1,0,0,0
0,Overnight,12,33,0,0,0,3241.0,0.0,1,0,0,0
0,Full_Day,8,2,4,0,1,2086.0,1.0,1,1,0,0
0,Overnight,12,40,0,0,0,1567.3333333333333,1.0,1,1,0,0
0,Early_Return,6,54,6,1,1,1474.75,2.0,1,1,0,0
0,Full_Day,7,3,2,0,1,1218.0,2.0,1,0,1,0
0,Early_Return,13,25,3,0,0,635.2,2.0,1,0,0,0
0,Early_Return,7,1,4,0,1,486.4,2.0,1,1,0,0
1,Full_Day,7,46,2,0,1,401.8,2.0,1,0,1,0
0,Overnight,7,21,0,0,1,485.4906,2.0,1,0,0,1
0,Early_Return,12,6,2,0,0,809.0,1.0,1,0,0,0
0,Full_Day,6,38,5,1,1,452.0,1.0,1,1,0,0
0,Early_Return,11,51,5,1,1,462.3333333333333,1.0,1,0,0,0
0,Full_Day,7,11,0,0,1,364.5,1.0,1,1,0,0
0,Overnight,7,12,2,0,1,394.2,1.0,1,0,1,0
0,Early_Return,7,23,6,1,1,391.6,2.0,1,0,0,0
1,Overnight,13,0,5,1,0,411.4,2.0,1,0,0,1
1,Early_Return,12,42,6,1,0,460.6,3.0,1,0,1,0
0,Full_Day,13,5,5,1,0,485.4906,3.0,1,1,0,0
0,Full_Day,7,7,1,0,1,266.0,0.0,1,1,0,0
0,Full_Day,6,50,5,1,1,371.0,0.0,1,1,0,0
0,Full_Day,7,36,3,0,1,416.0,0.0,1,0,1,0
0,Full_Day,13,5,6,1,0,485.4906,0.0,1,0,1,0
1,Full_Day,7,19,4,0,1,477.0,0.0,1,0,0,0
0,Full_Day,12,43,0,0,0,485.4906,0.0,1,0,1,0
0,Full_Day,8,1,6,1,1,272.0,0.0,1,0,0,0
0,Early_Return,7,7,3,0,1,383.5,0.0,1,0,1,0
0,Early_Return,6,48,0,0,1,286.3333333333333,0.0,1,0,0,1
0,Full_Day,12,44,0,0,0,267.0,0.0,1,1,0,0
1,Long_Term,7,27,6,1,1,295.4,0.0,1,0,0,0
1,Full_Day,13,28,1,0,0,1045.6,0.0,1,0,0,0
0,Full_Day,6,20,4,0,1,485.4906,0.0,1,1,0,0
0,Full_Day,6,35,2,0,1,511.0,0.0,1,1,0,0
0,Full_Day,7,25,2,0,1,495.0,0.0,1,0,1,0
0,Early_Return,7,14,2,0,1,414.6666666666667,0.0,1,0,1,0
0,Early_Return,12,5,2,0,0,329.5,0.0,1,0,1,0
0,Long_Term,7,38,4,0,1,294.8,0.0,1,0,0,0
1,Full_Day,12,7,3,0,0,976.2,0.0,1,1,0,0
0,Full_Day,6,32,1,0,1,485.4906,0.0,1,0,1,0
0,Full_Day,12,44,4,0,0,418.0,0.0,1,1,0,0
0,Early_Return,13,2,5,1,0,341.0,0.0,1,0,0,0
0,Early_Return,12,57,2,0,0,247.33333333333334,0.0,1,0,0,0
0,Full_Day,6,2,0,0,1,201.0,0.0,1,1,0,0
0,Full_Day,7,11,1,0,1,211.6,0.0,1,0,0,0
0,Full_Day,6,5,2,0,1,231.4,0.0,1,0,1,0
1,Full_Day,6,52,2,0,1,272.0,0.0,1,1,0,0
0,Full_Day,13,16,3,0,0,485.4906,0.0,1,0,0,0
0,Full_Day,12,47,3,0,0,285.0,0.0,1,0,0,0
0,Full_Day,6,50,1,0,1,393.0,0.0,1,0,0,0
0,Full_Day,7,34,3,0,1,353.3333333333333,0.0,1,1,0,0
0,Early_Return,6,16,5,1,1,360.75,0.0,1,0,1,0
0,Full_Day,6,19,1,0,1,312.8,0.0,1,0,1,0
0,Early_Return,13,41,1,0,0,345.2,0.0,1,0,0,0
1,Early_Return,6,27,0,0,1,261.6,0.0,1,0,0,0
1,Full_Day,6,11,6,1,1,219.8,0.0,1,0,0,0
0,Full_Day,7,24,6,1,1,485.4906,0.0,1,0,1,0
0,Full_Day,6,29,3,0,1,337.0,0.0,1,0,0,0
0,Early_Return,12,44,1,0,0,396.5,0.0,1,0,0,0
0,Early_Return,7,34,4,0,1,329.0,0.0,1,0,0,1
0,Early_Return,7,18,2,0,1,295.5,0.0,1,1,0,0
1,Full_Day,6,39,1,0,1,251.0,0.0,1,0,1,0
0,Full_Day,6,58,3,0,1,485.4906,0.0,1,0,1,0
0,Full_Day,7,0,1,0,1,455.0,0.0,1,1,0,0
0,Full_Day,12,34,0,0,0,495.0,0.0,1,1,0,0
0,Early_Return,7,7,4,0,1,438.0,0.0,1,1,0,0
0,Full_Day,7,3,2,0,1,362.0,0.0,1,0,1,0
0,Early_Return,6,23,3,0,1,351.8,0.0,1,0,0,0
0,Overnight,12,28,5,1,0,274.4,0.0,1,0,1,0
0,Early_Return,6,32,2,0,1,378.8,1.0,1,1,0,0
0,Full_Day,6,29,4,0,1,345.6,1.0,1,0,0,0
1,Overnight,13,28,3,0,0,397.2,1.0,1,0,0,1
1,Full_Day,12,28,0,0,0,550.4,2.0,1,0,0,1
1,Early_Return,7,0,2,0,1,638.4,2.0,1,0,0,0
0,Full_Day,6,56,0,0,1,485.4906,2.0,1,0,0,1
0,Early_Return,6,53,6,1,1,270.0,0.0,1,0,0,0
0,Early_Return,6,51,3,0,1,221.0,0.0,1,0,0,0
0,Full_Day,6,44,5,1,1,189.66666666666666,0.0,1,0,1,0
1,Full_Day,12,57,1,0,0,204.5,0.0,1,0,1,0
0,Full_Day,7,6,3,0,1,485.4906,0.0,1,0,0,0
0,Full_Day,7,3,4,0,1,371.0,0.0,1,0,0,0
0,Early_Return,11,41,5,1,1,319.5,0.0,1,0,1,0
0,Long_Term,7,24,2,0,1,276.3333333333333,0.0,1,1,0,0
0,Overnight,8,11,6,1,1,725.0,0.0,1,0,0,0
0,Full_Day,12,35,4,0,0,801.6,1.0,1,0,0,0
0,Long_Term,6,3,1,0,1,810.4,1.0,1,1,0,0
0,Overnight,6,44,5,1,1,1271.0,1.0,1,1,0,0
0,Overnight,12,45,4,0,0,1395.6,2.0,1,0,1,0
1,Full_Day,7,12,0,0,1,1147.6,3.0,1,0,1,0
0,Full_Day,12,33,6,1,0,485.4906,3.0,1,0,0,1
0,Full_Day,6,58,2,0,1,357.0,0.0,1,0,0,0
0,Full_Day,7,12,5,1,1,403.5,0.0,1,1,0,0
0,Early_Return,6,52,5,1,1,394.0,0.0,1,0,0,1
0,Full_Day,6,54,1,0,1,315.75,0.0,1,0,0,0
0,Overnight,12,47,2,0,0,345.4,0.0,1,1,0,0
0,Full_Day,7,10,2,0,1,557.0,1.0,1,0,0,1
0,Full_Day,7,6,4,0,1,570.8,1.0,1,0,0,0
0,Overnight,6,8,4,0,1,561.6,1.0,1,1,0,0
0,Full_Day,6,34,4,0,1,832.8,2.0,1,1,0,0
1,Full_Day,12,54,3,0,0,809.2,2.0,1,1,0,0
0,Full_Day,7,19,4,0,1,485.4906,2.0,1,1,0,0
0,Full_Day,6,48,1,0,1,482.0,0.0,1,0,0,0
0,Long_Term,12,18,1,0,0,394.5,0.0,1,0,1,0
0,Full_Day,12,32,3,0,0,1200.6666666666667,0.0,1,0,0,0
0,Early_Return,13,6,0,0,0,993.0,0.0,1,1,0,0
0,Early_Return,13,12,2,0,0,809.6,0.0,1,0,0,0
1,Early_Return,7,26,0,0,1,746.6,0.0,1,0,0,1
0,Early_Return,7,4,3,0,1,485.4906,0.0,1,0,0,0
0,Early_Return,7,5,4,0,1,92.0,0.0,1,0,0,0
0,Early_Return,6,55,2,0,1,78.5,0.0,1,0,1,0
0,Early_Return,6,48,1,0,1,77.0,0.0,1,0,0,0
0,Full_Day,7,28,0,0,1,79.0,0.0,1,0,1,0
0,Early_Return,7,18,1,0,1,141.6,0.0,1,1,0,0
0,Full_Day,7,42,1,0,1,158.0,0.0,1,0,1,0
0,Overnight,6,15,6,1,1,238.6,0.0,1,1,0,0
0,Full_Day,12,42,5,1,0,485.4906,1.0,1,0,0,0
0,Early_Return,7,17,5,1,1,367.0,0.0,1,0,1,0
0,Long_Term,6,33,6,1,1,252.5,0.0,1,0,0,0
0,Early_Return,6,50,5,1,1,1357.6666666666667,0.0,1,1,0,0
0,Overnight,7,10,4,0,1,1048.75,0.0,1,1,0,0
0,Early_Return,6,25,4,0,1,485.4906,1.0,1,0,1,0
0,Early_Return,7,19,1,0,1,69.0,0.0,1,1,0,0
0,Early_Return,12,20,6,1,0,79.5,0.0,1,1,0,0
0,Full_Day,6,10,4,0,1,111.0,0.0,1,1,0,0
0,Full_Day,6,0,0,0,1,202.5,0.0,1,0,0,1
0,Early_Return,7,9,0,0,1,262.6,0.0,1,0,0,0
0,Early_Return,6,25,6,1,1,278.6,0.0,1,0,0,0
1,Full_Day,6,47,0,0,1,296.2,0.0,1,0,0,0
1,Early_Return,7,9,5,1,1,320.0,0.0,1,1,0,0
0,Full_Day,6,26,5,1,1,485.4906,0.0,1,0,0,0
0,Full_Day,7,36,1,0,1,364.0,0.0,1,1,0,0
0,Long_Term,12,12,5,1,0,401.0,0.0,1,1,0,0
0,Early_Return,7,12,0,0,1,1483.0,0.0,1,1,0,0
0,Overnight,7,24,3,0,1,1152.0,0.0,1,0,1,0
0,Early_Return,11,45,5,1,1,1115.4,1.0,1,0,0,1
0,Full_Day,7,0,0,0,1,1079.8,1.0,1,0,0,0
0,Full_Day,7,3,6,1,1,1040.4,1.0,1,0,0,1
0,Full_Day,6,42,4,0,1,400.8,1.0,1,0,1,0
0,Early_Return,13,6,0,0,0,449.0,1.0,1,0,1,0
0,Full_Day,11,57,6,1,1,286.0,1.0,1,1,0,0
0,Full_Day,6,52,6,1,1,347.0,1.0,1,0,0,0
1,Early_Return,13,43,2,0,0,380.0,1.0,1,0,0,1
1,Full_Day,7,9,4,0,1,329.0,1.0,1,0,0,0
0,Early_Return,7,35,0,0,1,485.4906,1.0,1,0,0,0
0,Overnight,12,30,5,1,0,73.0,0.0,1,1,0,0
0,Long_Term,13,5,2,0,0,737.0,1.0,1,0,1,0
1,Full_Day,7,12,0,0,1,1894.6666666666667,1.0,1,0,0,0
1,Full_Day,12,48,3,0,0,1539.25,1.0,1,0,0,0
1,Full_Day,12,24,5,1,0,1323.6,1.0,1,0,0,0
0,Early_Return,13,2,1,0,0,485.4906,1.0,1,1,0,0
0,Early_Return,7,13,4,0,1,60.0,0.0,1,0,1,0
0,Full_Day,6,41,6,1,1,93.0,0.0,1,0,1,0
0,Full_Day,12,58,4,0,0,196.0,0.0,1,0,0,1
0,Full_Day,12,44,4,0,0,268.0,0.0,1,0,0,0
0,Full_Day,13,57,0,0,0,271.8,0.0,1,0,0,0
0,Full_Day,7,17,1,0,1,338.6,0.0,1,0,1,0
0,Early_Return,6,46,4,0,1,362.0,0.0,1,0,0,0
0,Early_Return,6,32,1,0,1,312.4,0.0,1,1,0,0
0,Full_Day,6,54,6,1,1,254.6,0.0,1,0,1,0
1,Full_Day,12,31,6,1,0,292.8,0.0,1,0,0,0
0,Full_Day,6,37,4,0,1,485.4906,0.0,1,1,0,0
0,Early_Return,12,52,4,0,0,391.0,0.0,1,0,1,0
0,Full_Day,12,56,6,1,0,264.0,0.0,1,0,0,0
0,Early_Return,13,30,0,0,0,324.3333333333333,0.0,1,1,0,0
0,Early_Return,6,30,0,0,1,271.5,0.0,1,0,0,0
0,Full_Day,7,58,5,1,1,246.8,0.0,1,0,0,0
0,Early_Return,12,17,6,1,0,251.4,0.0,1,0,0,1
0,Full_Day,12,56,2,0,0,256.4,0.0,1,0,1,0
0,Full_Day,7,36,5,1,1,249.0,0.0,1,1,0,0
1,Full_Day,12,14,4,0,0,309.6,0.0,1,0,0,0
0,Early_Return,6,44,3,0,1,485.4906,0.0,0,0,0,0
0,Early_Return,7,29,1,0,1,168.0,0.0,1,0,0,0
0,Early_Return,6,52,6,1,1,166.0,0.0,1,0,0,1
0,Full_Day,12,50,2,0,0,171.33333333333334,0.0,1,0,0,0
0,Early_Return,6,42,6,1,1,257.5,0.0,1,0,0,0
1,Full_Day,12,55,1,0,0,246.4,0.0,1,1,0,0
0,Full_Day,12,56,0,0,0,485.4906,0.0,1,0,0,0
0,Early_Return,13,11,0,0,0,507.0,0.0,1,0,0,0
0,Full_Day,7,26,2,0,1,355.5,0.0,1,1,0,0
0,Full_Day,6,41,1,0,1,372.3333333333333,0.0,1,1,0,0
0,Full_Day,12,56,6,1,0,349.0,0.0,1,0,0,0
0,Full_Day,6,23,5,1,1,377.0,0.0,1,1,0,0
0,Full_Day,6,55,6,1,1,324.0,0.0,1,0,0,0
1,Full_Day,6,54,0,0,1,391.0,0.0,1,0,1,0
0,Early_Return,6,36,0,0,1,485.4906,0.0,1,0,0,0
0,Full_Day,6,49,4,0,1,147.0,0.0,1,1,0,0
0,Early_Return,7,11,5,1,1,325.5,0.0,1,1,0,0
0,Full_Day,12,24,4,0,0,245.0,0.0,1,0,1,0
0,Full_Day,6,57,5,1,1,288.0,0.0,1,1,0,0
1,Early_Return,6,41,1,0,1,329.6,0.0,1,1,0,0
1,Full_Day,6,44,1,0,1,334.0,0.0,1,1,0,0
0,Full_Day,12,10,0,0,0,485.4906,0.0,1,0,1,0
0,Full_Day,13,20,3,0,0,291.0,0.0,1,0,0,1
0,Full_Day,6,38,2,0,1,281.0,0.0,1,1,0,0
0,Early_Return,6,51,2,0,1,344.3333333333333,0.0,1,0,1,0
0,Long_Term,6,52,2,0,1,274.5,0.0,1,1,0,0
0,Full_Day,6,22,5,1,1,679.0,0.0,1,1,0,0
1,Full_Day,6,35,6,1,1,676.0,0.0,1,0,1,0
1,Early_Return,12,33,0,0,0,689.8,0.0,1,1,0,0
0,Full_Day,6,50,5,1,1,485.4906,0.0,1,0,0,0
0,Early_Return,7,19,0,0,1,249.0,0.0,1,1,0,0
0,Early_Return,6,18,1,0,1,207.0,0.0,1,0,0,0
0,Full_Day,12,42,3,0,0,207.66666666666666,0.0,1,0,0,1
0,Full_Day,7,3,4,0,1,286.75,0.0,1,1,0,0
0,Long_Term,6,28,5,1,1,318.8,0.0,1,0,0,0
1,Full_Day,13,15,4,0,0,790.6,0.0,1,0,0,1
0,Full_Day,11,38,5,1,1,485.4906,0.0,1,1,0,0
0,Long_Term,6,45,1,0,1,370.0,0.0,1,0,0,0
0,Long_Term,6,30,3,0,1,1957.5,0.0,1,0,0,0
0,Early_Return,6,54,3,0,1,1823.0,0.0,1,0,0,0
0,Full_Day,12,35,0,0,0,1416.75,0.0,1,0,0,1
0,Overnight,6,28,1,0,1,1230.0,0.0,1,0,0,0
0,Full_Day,6,27,2,0,1,1430.8,1.0,1,1,0,0
0,Full_Day,13,7,6,1,0,784.6,1.0,1,1,0,0
0,Early_Return,6,27,4,0,1,485.4906,1.0,1,1,0,0
0,Full_Day,7,55,3,0,1,80.0,0.0,1,1,0,0
0,Full_Day,12,44,3,0,0,176.5,0.0,1,0,0,1
0,Full_Day,11,38,4,0,1,227.0,0.0,1,0,0,0
0,Full_Day,7,5,4,0,1,240.75,0.0,1,0,0,0
0,Full_Day,13,30,6,1,0,244.8,0.0,1,0,0,1
0,Long_Term,12,17,2,0,0,290.2,0.0,1,1,0,0
0,Early_Return,12,46,3,0,0,839.4,0.0,1,0,0,0
0,Overnight,13,2,5,1,0,805.0,0.0,1,0,0,0
0,Early_Return,12,49,5,1,0,904.4,1.0,1,1,0,0
1,Full_Day,12,2,4,0,0,875.2,1.0,1,0,0,0
0,Full_Day,7,0,1,0,1,485.4906,1.0,1,1,0,0
0,Full_Day,6,33,3,0,1,261.0,0.0,1,0,1,0
1,Full_Day,6,31,5,1,1,279.0,0.0,1,0,0,0
0,Full_Day,6,57,1,0,1,485.4906,0.0,1,0,0,0
0,Early_Return,6,49,5,1,1,535.0,0.0,1,1,0,0
0,Full_Day,11,53,5,1,1,349.5,0.0,1,1,0,0
0,Full_Day,12,26,5,1,0,373.6666666666667,0.0,1,0,1,0
0,Early_Return,6,36,6,1,1,375.25,0.0,1,0,0,0
1,Early_Return,13,6,2,0,0,312.2,0.0,1,1,0,0
0,Full_Day,6,53,0,0,1,485.4906,0.0,1,1,0,0
0,Full_Day,7,29,0,0,1,521.0,0.0,1,1,0,0
0,Early_Return,12,17,5,1,0,397.0,0.0,1,0,0,0
0,Early_Return,7,23,6,1,1,298.0,0.0,1,0,1,0
0,Full_Day,6,32,2,0,1,485.4906,0.0,1,1,0,0
0,Early_Return,6,57,0,0,1,334.0,0.0,1,0,1,0
0,Full_Day,6,30,4,0,1,268.5,0.0,1,0,1,0
0,Full_Day,12,56,0,0,0,351.0,0.0,1,1,0,0
0,Long_Term,8,26,4,0,1,373.0,0.0,1,0,0,0
0,Full_Day,7,43,5,1,1,772.2,0.0,1,0,1,0
0,Early_Return,7,4,1,0,1,786.6,0.0,1,0,1,0
0,Early_Return,12,31,3,0,0,758.2,0.0,1,0,0,0
1,Full_Day,13,9,5,1,0,686.8,0.0,1,1,0,0
0,Full_Day,6,4,5,1,1,485.4906,0.0,1,0,0,0
0,Full_Day,7,12,5,1,1,500.0,0.0,1,0,0,0
0,Early_Return,6,19,2,0,1,424.5,0.0,1,0,1,0
0,Full_Day,13,21,1,0,0,345.6666666666667,0.0,1,0,0,0
0,Overnight,5,57,3,0,1,352.25,0.0,1,1,0,0
0,Early_Return,11,53,6,1,1,430.2,1.0,1,0,1,0
0,Full_Day,7,47,3,0,1,363.0,1.0,1,0,1,0
0,Early_Return,7,29,3,0,1,393.6,1.0,1,1,0,0
0,Early_Return,7,24,4,0,1,485.4906,1.0,1,1,0,0
0,Full_Day,6,45,0,0,1,112.0,0.0,1,0,0,0
0,Early_Return,6,46,6,1,1,282.0,0.0,1,1,0,0
0,Full_Day,12,7,1,0,0,246.33333333333334,0.0,1,1,0,0
0,Early_Return,6,36,5,1,1,259.25,0.0,1,0,0,0
0,Full_Day,12,37,3,0,0,237.4,0.0,1,0,0,0
0,Early_Return,6,7,6,1,1,280.2,0.0,1,0,1,0
1,Early_Return,7,6,3,0,1,210.4,0.0,1,0,0,0
1,Full_Day,6,39,1,0,1,198.8,0.0,1,0,0,0
1,Early_Return,6,41,2,0,1,231.0,0.0,1,1,0,0
0,Early_Return,7,1,5,1,1,485.4906,0.0,1,0,0,0
0,Full_Day,12,49,0,0,0,139.0,0.0,1,1,0,0
0,Full_Day,12,51,3,0,0,318.5,0.0,1,0,0,1
0,Full_Day,7,9,4,0,1,374.3333333333333,0.0,1,1,0,0
0,Overnight,6,50,3,0,1,359.0,0.0,1,0,0,0
0,Overnight,12,30,0,0,0,496.6,1.0,1,0,0,0
0,Full_Day,7,9,3,0,1,485.4906,2.0,1,0,0,0
0,Early_Return,6,58,4,0,1,469.0,0.0,1,0,0,0
0,Full_Day,7,21,3,0,1,311.5,0.0,1,0,0,0
0,Full_Day,7,27,0,0,1,354.6666666666667,0.0,1,0,0,0
0,Full_Day,7,48,5,1,1,344.25,0.0,1,0,0,1
0,Overnight,5,47,0,0,1,327.2,0.0,1,0,0,0
0,Full_Day,12,11,5,1,0,411.2,1.0,1,1,0,0
0,Full_Day,7,18,4,0,1,482.4,1.0,0,0,0,0
0,Early_Return,13,5,5,1,0,456.2,1.0,1,1,0,0
0,Full_Day,7,6,6,1,1,485.4906,1.0,1,0,0,0
0,Early_Return,12,46,4,0,0,532.0,0.0,1,0,1,0
0,Full_Day,6,47,3,0,1,370.0,0.0,0,0,1,0
0,Overnight,12,57,0,0,0,425.6666666666667,0.0,1,0,0,0
0,Overnight,12,37,0,0,0,572.75,1.0,1,1,0,0
0,Full_Day,6,59,3,0,1,611.8,2.0,1,0,1,0
0,Full_Day,12,45,6,1,0,583.4,2.0,1,0,1,0
0,Full_Day,7,11,4,0,1,625.0,2.0,1,1,0,0
0,Early_Return,6,33,5,1,1,595.4,2.0,1,0,0,1
0,Overnight,12,48,0,0,0,415.8,2.0,1,1,0,0
0,Overnight,6,35,3,0,1,466.2,3.0,1,1,0,0
1,Overnight,7,10,5,1,1,573.8,4.0,1,0,1,0
1,Full_Day,12,4,5,1,0,761.0,5.0,1,0,0,0
0,Early_Return,6,52,5,1,1,485.4906,5.0,1,1,0,0
0,Full_Day,7,29,6,1,1,110.0,0.0,1,1,0,0
0,Long_Term,6,55,1,0,1,177.0,0.0,1,1,0,0
0,Full_Day,7,2,1,0,1,687.0,0.0,1,0,0,0
0,Full_Day,12,6,1,0,0,610.0,0.0,1,0,0,0
0,Early_Return,6,31,3,0,1,541.2,0.0,1,0,0,0
0,Full_Day,6,36,5,1,1,533.0,0.0,1,0,1,0
0,Early_Return,7,2,4,0,1,536.0,0.0,1,0,0,0
0,Overnight,12,22,2,0,0,232.2,0.0,1,0,0,0
0,Full_Day,7,8,5,1,1,417.2,1.0,1,1,0,0
0,Early_Return,7,13,3,0,1,485.4906,1.0,1,0,0,0
0,Overnight,7,14,4,0,1,130.0,0.0,1,0,0,0
0,Early_Return,12,33,6,1,0,664.5,1.0,1,0,1,0
0,Early_Return,12,24,0,0,0,489.6666666666667,1.0,1,0,0,1
0,Full_Day,6,52,2,0,1,417.5,1.0,0,0,0,0
0,Full_Day,7,59,0,0,1,401.4,1.0,1,0,1,0
0,Early_Return,12,46,1,0,0,468.8,1.0,1,0,1,0
0,Early_Return,7,0,5,1,1,260.4,1.0,1,0,0,0
0,Full_Day,5,51,6,1,1,273.8,1.0,1,1,0,0
0,Full_Day,12,25,0,0,0,285.8,1.0,1,1,0,0
1,Full_Day,6,36,5,1,1,321.8,1.0,1,0,0,0
1,Overnight,12,57,0,0,0,305.0,1.0,1,0,0,1
0,Early_Return,6,37,3,0,1,485.4906,2.0,1,0,0,0
0,Early_Return,5,46,4,0,1,184.0,0.0,1,0,0,0
0,Early_Return,6,57,1,0,1,166.5,0.0,1,0,0,0
0,Long_Term,13,17,5,1,0,131.33333333333334,0.0,1,0,1,0
0,Overnight,6,54,2,0,1,485.4906,0.0,1,0,0,0
0,Overnight,7,13,3,0,1,808.0,1.0,1,0,0,0
0,Early_Return,6,47,6,1,1,789.0,2.0,1,0,0,0
0,Full_Day,6,56,6,1,1,579.0,2.0,1,0,1,0
0,Full_Day,6,46,3,0,1,485.4906,2.0,1,0,0,1
0,Full_Day,7,23,1,0,1,412.0,0.0,1,0,0,0
0,Early_Return,7,18,5,1,1,465.5,0.0,1,0,1,0
0,Full_Day,13,59,4,0,0,344.6666666666667,0.0,1,1,0,0
0,Full_Day,7,52,6,1,1,392.0,0.0,1,1,0,0
0,Early_Return,12,57,6,1,0,376.8,0.0,1,1,0,0
0,Early_Return,12,58,2,0,0,321.0,0.0,1,0,0,0
0,Full_Day,6,52,1,0,1,237.8,0.0,1,0,0,0
1,Early_Return,7,33,4,0,1,302.6,0.0,1,0,0,1
0,Full_Day,7,48,6,1,1,485.4906,0.0,1,0,0,0
0,Full_Day,13,7,0,0,0,498.0,0.0,1,0,1,0
0,Overnight,7,42,5,1,1,414.5,0.0,1,1,0,0
0,Full_Day,6,38,4,0,1,747.6666666666666,1.0,1,0,1,0
0,Full_Day,6,21,1,0,1,683.5,1.0,1,1,0,0
0,Full_Day,13,21,3,0,0,612.2,1.0,1,0,1,0
1,Full_Day,12,40,2,0,0,583.6,1.0,1,0,0,0
1,Early_Return,7,5,1,0,1,608.4,1.0,1,1,0,0
0,Full_Day,12,30,3,0,0,485.4906,1.0,1,0,0,0
0,Full_Day,6,36,3,0,1,432.0,0.0,0,0,0,1
0,Full_Day,13,36,4,0,0,430.5,0.0,1,0,0,0
0,Overnight,12,47,6,1,0,454.3333333333333,0.0,1,0,1,0
0,Full_Day,7,41,4,0,1,687.25,1.0,1,0,1,0
0,Full_Day,6,39,5,1,1,628.6,1.0,1,0,0,0
0,Full_Day,6,7,1,0,1,635.6,1.0,1,0,0,0
0,Full_Day,13,18,4,0,0,655.8,1.0,1,0,1,0
0,Full_Day,7,26,0,0,1,485.4906,1.0,1,0,0,0
0,Early_Return,7,3,1,0,1,527.0,0.0,1,1,0,0
0,Full_Day,7,0,2,0,1,333.0,0.0,1,0,0,0
0,Early_Return,5,41,1,0,1,334.3333333333333,0.0,1,1,0,0
0,Early_Return,6,55,2,0,1,273.0,0.0,1,0,0,0
0,Early_Return,13,7,0,0,0,240.8,0.0,1,0,0,1
0,Full_Day,6,53,2,0,1,151.4,0.0,1,0,0,0
1,Full_Day,7,35,3,0,1,209.6,0.0,1,1,0,0
0,Early_Return,6,56,6,1,1,485.4906,0.0,1,0,1,0
0,Full_Day,7,10,6,1,1,187.0,0.0,1,0,0,0
0,Full_Day,7,22,5,1,1,286.0,0.0,1,0,1,0
0,Full_Day,6,20,0,0,1,315.3333333333333,0.0,1,0,0,0
1,Full_Day,7,0,4,0,1,302.0,0.0,1,0,0,0
1,Full_Day,7,4,5,1,1,307.4,0.0,1,1,0,0
0,Early_Return,6,40,5,1,1,485.4906,0.0,1,0,0,0
0,Early_Return,6,19,4,0,1,115.0,0.0,1,1,0,0
1,Early_Return,7,21,6,1,1,147.5,0.0,1,1,0,0
1,Early_Return,5,34,1,0,1,148.66666666666666,0.0,1,0,1,0
1,Early_Return,7,0,3,0,1,129.0,0.0,1,0,1,0
0,Early_Return,7,22,6,1,1,485.4906,0.0,1,1,0,0
0,Full_Day,6,42,6,1,1,200.0,0.0,1,1,0,0
0,Full_Day,12,5,6,1,0,242.0,0.0,1,0,0,0
0,Full_Day,12,4,5,1,0,282.0,0.0,1,1,0,0
0,Early_Return,7,3,3,0,1,343.25,0.0,1,0,0,0
0,Early_Return,11,51,0,0,1,302.2,0.0,1,0,0,0
0,Full_Day,7,36,0,0,1,301.4,0.0,1,0,0,1
1,Early_Return,7,11,6,1,1,308.4,0.0,1,1,0,0
1,Overnight,12,33,4,0,0,275.6,0.0,1,1,0,0
0,Overnight,6,54,5,1,1,485.4906,1.0,1,1,0,0
0,Overnight,12,51,2,0,0,1434.0,1.0,1,1,0,0
0,Full_Day,13,14,4,0,0,1415.0,2.0,1,0,0,0
0,Early_Return,12,23,2,0,0,485.4906,2.0,1,0,0,0
0,Early_Return,6,34,6,1,1,204.0,0.0,1,0,0,0
0,Full_Day,7,14,4,0,1,195.0,0.0,1,0,1,0
0,Early_Return,7,9,1,0,1,307.6666666666667,0.0,1,0,0,1
0,Full_Day,6,49,6,1,1,247.25,0.0,1,0,0,1
1,Full_Day,12,41,0,0,0,274.2,0.0,1,1,0,0
1,Full_Day,13,24,4,0,0,315.6,0.0,1,0,0,0
0,Full_Day,7,13,4,0,1,485.4906,0.0,1,0,0,0
0,Full_Day,12,24,3,0,0,427.0,0.0,1,1,0,0
0,Early_Return,7,0,6,1,1,457.0,0.0,1,1,0,0
0,Full_Day,13,4,3,0,0,337.3333333333333,0.0,1,1,0,0
1,Overnight,7,27,6,1,1,344.5,0.0,1,1,0,0
0,Early_Return,7,14,2,0,1,485.4906,1.0,1,1,0,0
0,Full_Day,6,59,1,0,1,132.0,0.0,1,0,0,0
0,Full_Day,12,44,1,0,0,227.5,0.0,1,1,0,0
0,Full_Day,13,5,4,0,0,299.0,0.0,1,0,0,0
0,Early_Return,6,34,1,0,1,354.75,0.0,1,0,0,0
0,Overnight,11,17,5,1,1,320.8,0.0,1,0,0,0
0,Full_Day,13,2,2,0,0,522.6,1.0,1,0,0,0
0,Overnight,6,53,6,1,1,518.6,1.0,1,0,0,1
0,Full_Day,7,28,4,0,1,485.4906,2.0,1,1,0,0
0,Overnight,7,49,2,0,1,512.0,0.0,1,0,1,0
0,Early_Return,12,39,6,1,0,747.0,1.0,1,1,0,0
0,Full_Day,12,9,1,0,0,535.6666666666666,1.0,1,0,0,0
0,Early_Return,12,14,1,0,0,518.25,1.0,1,1,0,0
0,Full_Day,12,13,2,0,0,449.8,1.0,1,0,0,1
0,Early_Return,12,58,3,0,0,410.4,1.0,1,0,1,0
1,Full_Day,7,10,6,1,1,252.0,1.0,1,1,0,0
1,Full_Day,13,14,1,0,0,332.4,1.0,1,0,0,0
1,Full_Day,6,49,3,0,1,318.2,1.0,1,0,0,1
1,Early_Return,12,45,0,0,0,363.8,1.0,1,0,0,0
1,Full_Day,7,51,4,0,1,342.0,1.0,1,0,0,0
0,Full_Day,6,8,3,0,1,485.4906,1.0,1,1,0,0
0,Full_Day,12,11,0,0,0,394.0,0.0,1,0,1,0
0,Full_Day,7,38,1,0,1,349.5,0.0,1,0,0,0
0,Overnight,13,3,4,0,0,406.0,0.0,1,1,0,0
0,Full_Day,7,8,2,0,1,595.5,1.0,1,1,0,0
1,Full_Day,6,45,5,1,1,525.0,1.0,1,0,0,1
1,Full_Day,6,59,0,0,1,525.0,1.0,1,0,0,0
1,Early_Return,7,3,4,0,1,551.6,1.0,1,0,0,0
0,Full_Day,7,38,5,1,1,485.4906,1.0,1,0,1,0
0,Full_Day,7,23,4,0,1,359.0,0.0,1,0,0,0
0,Early_Return,7,21,4,0,1,441.5,0.0,1,0,0,0
1,Early_Return,12,23,4,0,0,330.6666666666667,0.0,1,0,1,0
1,Full_Day,7,0,6,1,1,277.0,0.0,1,0,0,0
1,Full_Day,11,57,6,1,1,312.2,0.0,1,0,0,0
0,Full_Day,7,34,0,0,1,485.4906,0.0,1,1,0,0
0,Full_Day,12,35,1,0,0,399.0,0.0,1,1,0,0
0,Full_Day,7,21,5,1,1,459.0,0.0,1,1,0,0
0,Early_Return,13,8,4,0,0,471.0,0.0,1,1,0,0
0,Early_Return,6,55,3,0,1,372.5,0.0,1,1,0,0
0,Full_Day,6,44,0,0,1,323.6,0.0,1,1,0,0
0,Full_Day,7,39,2,0,1,309.2,0.0,1,0,1,0
1,Full_Day,12,16,4,0,0,306.8,0.0,1,1,0,0
0,Early_Return,6,48,1,0,1,485.4906,0.0,1,0,1,0
0,Early_Return,6,9,2,0,1,169.0,0.0,1,0,1,0
0,Full_Day,6,59,5,1,1,142.5,0.0,0,0,0,0
0,Early_Return,6,58,5,1,1,245.0,0.0,1,0,1,0
0,Early_Return,12,26,3,0,0,208.75,0.0,1,0,1,0
0,Full_Day,5,48,0,0,1,184.2,0.0,1,0,1,0
0,Full_Day,7,31,3,0,1,209.4,0.0,1,1,0,0
0,Overnight,12,45,4,0,0,253.8,0.0,0,0,1,0
1,Full_Day,6,36,6,1,1,421.2,1.0,1,0,0,0
0,Overnight,7,14,4,0,1,485.4906,1.0,1,0,1,0
0,Early_Return,12,40,6,1,0,1076.0,1.0,1,1,0,0
0,Early_Return,6,26,0,0,1,569.5,1.0,1,0,0,1
0,Full_Day,7,5,1,0,1,421.6666666666667,1.0,1,0,0,0
0,Early_Return,7,11,2,0,1,415.75,1.0,1,0,0,0
0,Early_Return,12,10,1,0,0,359.6,1.0,1,0,0,0
1,Full_Day,6,33,1,0,1,162.0,1.0,1,0,1,0
1,Overnight,13,8,2,0,0,247.0,1.0,1,0,0,0
0,Overnight,6,47,6,1,1,485.4906,2.0,1,0,0,0
0,Early_Return,6,56,3,0,1,1419.0,1.0,1,0,0,0
0,Full_Day,7,15,0,0,1,811.0,1.0,1,0,0,0
0,Early_Return,13,7,4,0,0,669.3333333333334,1.0,1,0,1,0
0,Full_Day,13,18,0,0,0,539.0,1.0,1,1,0,0
0,Long_Term,12,35,2,0,0,486.6,1.0,1,0,1,0
0,Full_Day,6,9,5,1,1,598.0,1.0,1,0,0,0
0,Early_Return,7,21,5,1,1,633.0,1.0,1,0,0,1
0,Long_Term,12,27,1,0,0,574.2,1.0,1,0,0,0
1,Early_Return,6,27,3,0,1,877.6,1.0,1,0,1,0
1,Full_Day,6,51,3,0,1,842.4,1.0,1,0,1,0
1,Full_Day,12,55,1,0,0,547.4,1.0,1,0,0,0
0,Full_Day,6,33,4,0,1,485.4906,1.0,1,0,0,1
0,Full_Day,6,36,4,0,1,368.0,0.0,1,0,0,0
0,Full_Day,6,42,2,0,1,422.5,0.0,1,0,0,0
0,Full_Day,7,11,4,0,1,402.6666666666667,0.0,0,1,0,0
0,Long_Term,12,36,4,0,0,383.0,0.0,1,0,1,0
0,Early_Return,12,47,6,1,0,485.4906,0.0,1,0,1,0
0,Full_Day,12,18,2,0,0,96.0,0.0,1,0,0,0
0,Early_Return,7,0,6,1,1,276.0,0.0,1,0,0,0
0,Full_Day,13,16,0,0,0,253.66666666666666,0.0,1,1,0,0
0,Early_Return,12,47,3,0,0,263.25,0.0,1,0,1,0
0,Full_Day,11,46,1,0,1,231.4,0.0,1,0,0,0
0,Long_Term,13,12,1,0,0,294.2,0.0,1,0,0,1
1,Early_Return,12,8,2,0,0,818.0,0.0,1,1,0,0
0,Full_Day,6,47,0,0,1,485.4906,0.0,1,0,0,0
0,Full_Day,13,16,1,0,0,276.0,0.0,1,0,1,0
0,Full_Day,12,40,6,1,0,383.0,0.0,1,0,0,0
1,Full_Day,13,7,0,0,0,404.3333333333333,0.0,1,1,0,0
1,Overnight,7,35,3,0,1,437.25,0.0,1,0,0,1
0,Full_Day,12,46,1,0,0,485.4906,1.0,1,1,0,0
0,Full_Day,7,10,2,0,1,331.0,0.0,1,1,0,0
0,Full_Day,6,59,3,0,1,302.0,0.0,1,1,0,0
0,Overnight,6,44,6,1,1,301.6666666666667,0.0,1,1,0,0
0,Overnight,6,36,0,0,1,445.5,1.0,1,0,0,1
0,Early_Return,7,47,5,1,1,603.4,2.0,1,1,0,0
0,Early_Return,12,25,3,0,0,561.2,2.0,1,0,1,0
0,Full_Day,12,18,5,1,0,527.0,2.0,1,0,0,0
1,Long_Term,6,55,0,0,1,539.8,2.0,1,0,0,0
0,Full_Day,7,4,5,1,1,485.4906,2.0,1,0,0,0
0,Full_Day,7,41,6,1,1,490.0,0.0,1,0,0,0
0,Full_Day,8,5,3,0,1,385.0,0.0,1,0,0,1
0,Full_Day,6,52,2,0,1,431.0,0.0,1,1,0,0
0,Long_Term,7,34,5,1,1,400.75,0.0,1,0,0,0
0,Early_Return,7,50,1,0,1,1109.0,0.0,1,0,0,0
0,Full_Day,6,55,6,1,1,1033.6,0.0,1,0,0,0
0,Full_Day,6,41,2,0,1,1085.0,0.0,1,0,0,0
1,Full_Day,12,39,1,0,0,1079.0,0.0,1,0,0,0
0,Long_Term,6,20,6,1,1,485.4906,0.0,1,0,1,0
0,Early_Return,7,39,0,0,1,2319.0,0.0,1,1,0,0
0,Full_Day,7,8,3,0,1,1245.5,0.0,1,0,0,0
0,Full_Day,12,58,5,1,0,974.0,0.0,1,1,0,0
0,Early_Return,6,13,1,0,1,862.5,0.0,1,0,0,0
0,Overnight,6,35,6,1,1,731.0,0.0,1,1,0,0
0,Full_Day,12,59,3,0,0,469.8,1.0,1,0,1,0
1,Full_Day,12,30,5,1,0,514.0,1.0,1,1,0,0
1,Long_Term,6,1,0,0,1,496.4,1.0,1,0,0,0
0,Full_Day,7,13,4,0,1,485.4906,1.0,1,0,1,0
0,Overnight,12,18,4,0,0,256.0,0.0,1,0,0,0
0,Long_Term,7,20,5,1,1,569.0,1.0,1,0,0,0
0,Overnight,7,14,2,0,1,1261.6666666666667,1.0,1,1,0,0
0,Early_Return,7,3,1,0,1,1214.75,2.0,1,0,1,0
0,Full_Day,12,16,2,0,0,1010.6,2.0,1,1,0,0
0,Overnight,12,59,5,1,0,1014.6,2.0,1,0,0,1
0,Long_Term,12,38,1,0,0,996.2,3.0,1,1,0,0
0,Full_Day,7,32,2,0,1,1112.4,3.0,1,0,0,1
0,Full_Day,7,5,3,0,1,1004.4,3.0,1,1,0,0
0,Full_Day,8,3,6,1,1,1044.6,3.0,1,1,0,0
1,Overnight,6,16,2,0,1,1086.2,3.0,1,0,0,0
0,Full_Day,12,18,2,0,0,485.4906,4.0,1,0,0,0
0,Full_Day,12,41,5,1,0,327.0,0.0,1,0,0,0
0,Full_Day,6,46,0,0,1,355.0,0.0,1,0,0,1
0,Early_Return,6,58,6,1,1,376.0,0.0,1,0,0,0
0,Full_Day,7,20,0,0,1,329.5,0.0,1,0,1,0
0,Full_Day,6,29,3,0,1,339.0,0.0,1,0,0,0
1,Full_Day,7,3,0,0,1,327.4,0.0,1,0,0,0
1,Full_Day,13,0,1,0,0,333.6,0.0,1,0,0,0
1,Full_Day,12,42,4,0,0,351.4,0.0,1,0,1,0
0,Full_Day,6,40,1,0,1,485.4906,0.0,1,1,0,0
0,Full_Day,7,5,3,0,1,287.0,0.0,1,1,0,0
0,Full_Day,7,35,2,0,1,267.5,0.0,1,1,0,0
0,Full_Day,12,54,1,0,0,485.4906,0.0,1,0,0,1
0,Early_Return,13,8,2,0,0,473.0,0.0,1,0,0,0
0,Early_Return,6,48,0,0,1,283.0,0.0,1,1,0,0
0,Full_Day,7,23,5,1,1,224.66666666666666,0.0,1,1,0,0
0,Full_Day,12,38,3,0,0,299.25,0.0,1,0,1,0
0,Early_Return,6,17,1,0,1,311.0,0.0,1,0,0,1
0,Early_Return,7,11,5,1,1,249.8,0.0,1,0,1,0
0,Early_Return,12,20,6,1,0,256.0,0.0,1,0,1,0
0,Early_Return,7,0,5,1,1,485.4906,0.0,1,0,0,0
0,Full_Day,7,3,4,0,1,194.0,0.0,1,1,0,0
1,Full_Day,12,17,3,0,0,341.0,0.0,1,0,0,0
1,Early_Return,7,12,4,0,1,327.3333333333333,0.0,1,1,0,0
0,Early_Return,6,52,5,1,1,485.4906,0.0,1,1,0,0
0,Full_Day,7,41,4,0,1,142.0,0.0,1,0,0,1
0,Full_Day,7,48,6,1,1,195.0,0.0,1,0,1,0
0,Full_Day,12,18,4,0,0,222.0,0.0,1,1,0,0
0,Full_Day,7,7,2,0,1,241.75,0.0,1,0,0,0
0,Full_Day,7,55,4,0,1,267.8,0.0,1,0,0,0
0,Early_Return,12,44,4,0,0,347.2,0.0,0,0,0,0
0,Early_Return,7,5,2,0,1,485.4906,0.0,1,0,0,1
0,Full_Day,13,20,5,1,0,203.0,0.0,1,1,0,0
0,Early_Return,7,7,5,1,1,356.0,0.0,1,1,0,0
0,Full_Day,13,3,4,0,0,299.6666666666667,0.0,1,1,0,0
0,Early_Return,12,40,0,0,0,316.75,0.0,1,0,0,0
0,Full_Day,13,20,2,0,0,280.8,0.0,1,0,1,0
0,Full_Day,6,37,2,0,1,485.4906,0.0,1,0,0,0
0,Full_Day,8,3,6,1,1,493.0,0.0,1,1,0,0
0,Full_Day,12,46,1,0,0,421.0,0.0,1,1,0,0
0,Long_Term,6,17,6,1,1,460.0,0.0,1,1,0,0
1,Full_Day,7,22,2,0,1,1416.75,0.0,1,1,0,0
0,Early_Return,12,45,5,1,0,485.4906,0.0,1,1,0,0
0,Early_Return,6,30,1,0,1,129.0,0.0,0,1,0,0
0,Long_Term,7,28,4,0,1,99.5,0.0,1,1,0,0
0,Early_Return,7,21,3,0,1,1300.0,0.0,1,0,0,1
0,Full_Day,7,18,5,1,1,1013.5,0.0,1,0,0,0
0,Early_Return,13,15,3,0,0,883.0,0.0,1,0,0,0
0,Full_Day,13,29,5,1,0,885.8,0.0,1,0,0,0
0,Full_Day,12,22,6,1,0,975.6,0.0,1,0,0,0
0,Early_Return,6,36,1,0,1,485.4906,0.0,1,1,0,0
0,Early_Return,7,43,0,0,1,131.0,0.0,1,1,0,0
0,Full_Day,13,9,6,1,0,105.5,0.0,1,0,1,0
0,Full_Day,7,15,3,0,1,249.33333333333334,0.0,1,0,0,0
0,Full_Day,12,47,3,0,0,314.75,0.0,1,1,0,0
0,Early_Return,6,54,4,0,1,341.2,0.0,1,1,0,0
0,Full_Day,6,58,0,0,1,346.8,0.0,1,0,0,1
0,Early_Return,13,1,4,0,0,380.2,0.0,1,1,0,0
0,Full_Day,13,11,1,0,0,295.0,0.0,1,1,0,0
0,Early_Return,7,25,6,1,1,485.4906,0.0,1,0,0,0
0,Full_Day,6,22,5,1,1,113.0,0.0,1,0,0,1
0,Full_Day,5,45,4,0,1,183.0,0.0,1,0,1,0
0,Full_Day,7,10,4,0,1,215.33333333333334,0.0,1,0,0,1
0,Full_Day,7,0,2,0,1,223.5,0.0,1,1,0,0
1,Early_Return,12,56,2,0,0,275.8,0.0,1,0,0,0
1,Early_Return,6,46,4,0,1,295.0,0.0,1,0,0,0
1,Early_Return,6,38,6,1,1,277.2,0.0,1,1,0,0
1,Long_Term,6,55,1,0,1,235.0,0.0,1,0,0,0
1,Full_Day,12,30,3,0,0,694.6,0.0,1,0,1,0
0,Early_Return,6,27,6,1,1,485.4906,0.0,1,0,0,0
0,Full_Day,6,29,3,0,1,179.0,0.0,1,0,0,1
0,Full_Day,7,34,2,0,1,282.5,0.0,1,1,0,0
0,Early_Return,12,48,1,0,0,300.0,0.0,1,0,0,0
1,Full_Day,7,15,5,1,1,253.25,0.0,1,1,0,0
1,Overnight,12,29,5,1,0,282.4,0.0,1,0,1,0
0,Full_Day,7,43,5,1,1,485.4906,1.0,1,0,0,0
0,Full_Day,6,54,5,1,1,511.0,0.0,1,0,0,0
0,Full_Day,8,6,2,0,1,483.5,0.0,1,0,0,0
0,Early_Return,12,1,4,0,0,470.0,0.0,1,0,0,0
1,Full_Day,13,29,2,0,0,382.5,0.0,1,0,0,1
0,Early_Return,7,5,5,1,1,485.4906,0.0,1,0,1,0
0,Early_Return,12,50,3,0,0,183.0,0.0,1,1,0,0
0,Overnight,12,52,1,0,0,189.0,0.0,1,0,1,0
0,Early_Return,13,14,1,0,0,501.6666666666667,1.0,1,0,0,0
0,Full_Day,7,33,6,1,1,417.75,1.0,1,1,0,0
0,Long_Term,7,31,1,0,1,387.0,1.0,1,0,1,0
0,Early_Return,6,36,4,0,1,982.0,1.0,1,1,0,0
0,Overnight,12,36,1,0,0,485.4906,1.0,0,1,0,0
0,Full_Day,7,41,6,1,1,917.0,1.0,1,0,1,0
0,Full_Day,7,23,0,0,1,593.0,1.0,1,1,0,0
1,Early_Return,7,15,5,1,1,565.3333333333334,1.0,1,1,0,0
1,Full_Day,6,33,0,0,1,461.5,1.0,1,1,0,0
0,Early_Return,6,36,1,0,1,485.4906,1.0,1,0,0,1
0,Early_Return,7,32,6,1,1,208.0,0.0,1,0,1,0
0,Early_Return,6,45,1,0,1,136.0,0.0,1,0,1,0
0,Overnight,12,37,5,1,0,157.0,0.0,1,0,0,1
0,Full_Day,6,58,2,0,1,485.4906,1.0,1,0,0,0
0,Full_Day,11,49,0,0,1,516.0,0.0,1,0,0,0
0,Early_Return,12,32,6,1,0,497.0,0.0,1,0,1,0
0,Early_Return,6,43,5,1,1,384.3333333333333,0.0,1,0,0,0
0,Full_Day,12,40,5,1,0,340.25,0.0,1,0,0,1
0,Full_Day,7,18,0,0,1,360.6,0.0,1,0,1,0
0,Early_Return,12,38,0,0,0,336.2,0.0,1,1,0,0
0,Full_Day,6,35,3,0,1,261.2,0.0,1,0,0,0
1,Full_Day,13,12,1,0,0,285.8,0.0,1,0,0,0
1,Full_Day,6,17,3,0,1,301.4,0.0,1,1,0,0
1,Long_Term,7,5,5,1,1,289.0,0.0,1,0,0,0
1,Early_Return,7,10,5,1,1,1057.0,0.0,1,0,0,0
1,Early_Return,7,10,5,1,1,1064.0,0.0,1,0,0,0
0,Full_Day,12,26,4,0,0,485.4906,0.0,1,0,1,0
0,Overnight,12,30,4,0,0,283.0,0.0,1,0,0,0
0,Full_Day,6,55,6,1,1,538.5,1.0,1,0,1,0
0,Early_Return,7,24,2,0,1,439.6666666666667,1.0,1,0,1,0
0,Full_Day,7,0,3,0,1,355.75,1.0,1,0,0,0
0,Full_Day,6,1,0,0,1,382.8,1.0,1,1,0,0
0,Full_Day,12,53,3,0,0,431.2,1.0,1,1,0,0
0,Early_Return,7,29,5,1,1,361.8,1.0,1,0,0,1
0,Early_Return,12,52,2,0,0,338.0,1.0,1,0,0,1
1,Full_Day,7,8,1,0,1,335.8,1.0,1,1,0,0
1,Full_Day,7,16,2,0,1,309.4,1.0,1,1,0,0
0,Full_Day,12,39,6,1,0,485.4906,1.0,1,1,0,0
0,Early_Return,6,42,4,0,1,423.0,0.0,1,1,0,0
0,Early_Return,7,28,3,0,1,271.0,0.0,1,1,0,0
0,Long_Term,6,55,5,1,1,215.33333333333334,0.0,1,0,0,1
0,Early_Return,6,28,5,1,1,678.0,0.0,1,0,1,0
1,Full_Day,6,46,3,0,1,580.0,0.0,1,1,0,0
0,Early_Return,12,56,5,1,0,485.4906,0.0,1,0,0,1
0,Full_Day,7,20,1,0,1,191.0,0.0,1,0,1,0
0,Overnight,12,6,4,0,0,320.0,0.0,1,0,0,1
0,Long_Term,7,36,4,0,1,630.6666666666666,1.0,1,0,0,0
0,Long_Term,6,22,6,1,1,1376.0,1.0,1,1,0,0
1,Early_Return,7,16,0,0,1,1653.4,1.0,1,0,0,0
0,Full_Day,6,26,5,1,1,485.4906,1.0,1,0,0,0
0,Early_Return,11,51,3,0,1,281.0,0.0,1,0,1,0
0,Early_Return,13,14,5,1,0,227.5,0.0,1,1,0,0
0,Full_Day,7,30,2,0,1,186.33333333333334,0.0,1,1,0,0
0,Early_Return,6,41,4,0,1,232.0,0.0,1,0,1,0
0,Early_Return,13,0,3,0,0,211.0,0.0,1,1,0,0
0,Full_Day,7,19,2,0,1,485.4906,0.0,1,0,1,0
0,Early_Return,12,57,1,0,0,346.0,0.0,1,1,0,0
0,Full_Day,12,32,2,0,0,226.5,0.0,1,0,0,0
0,Early_Return,13,23,4,0,0,269.0,0.0,1,1,0,0
0,Early_Return,6,48,5,1,1,485.4906,0.0,1,1,0,0
0,Long_Term,12,59,5,1,0,65.0,0.0,1,1,0,0
0,Full_Day,7,26,6,1,1,1155.0,0.0,1,1,0,0
0,Full_Day,12,55,1,0,0,906.3333333333334,0.0,1,1,0,0
0,Long_Term,7,32,3,0,1,485.4906,0.0,1,1,0,0
0,Overnight,7,51,0,0,1,3657.0,0.0,1,0,0,0
0,Full_Day,12,21,5,1,0,2392.5,1.0,1,0,0,1
0,Overnight,8,7,5,1,1,1688.6666666666667,1.0,1,0,0,0
1,Full_Day,12,58,5,1,0,1579.5,2.0,1,0,0,1
0,Early_Return,6,51,4,0,1,485.4906,2.0,1,1,0,0
0,Full_Day,7,5,5,1,1,201.0,0.0,1,1,0,0
0,Early_Return,7,46,6,1,1,347.0,0.0,1,1,0,0
0,Overnight,7,1,4,0,1,286.0,0.0,1,0,0,0
0,Early_Return,6,38,1,0,1,526.5,1.0,1,0,0,0
0,Early_Return,7,12,3,0,1,461.4,1.0,1,0,0,0
0,Full_Day,11,48,6,1,1,448.2,1.0,1,1,0,0
0,Early_Return,7,55,6,1,1,438.6,1.0,1,0,0,1
1,Full_Day,6,39,2,0,1,441.2,1.0,1,1,0,0
0,Full_Day,11,55,2,0,1,485.4906,1.0,1,0,1,0
0,Early_Return,12,26,4,0,0,501.0,0.0,1,1,0,0
0,Full_Day,12,16,6,1,0,331.0,0.0,1,1,0,0
0,Early_Return,7,33,3,0,1,302.6666666666667,0.0,1,0,0,0
0,Early_Return,6,13,5,1,1,259.5,0.0,1,0,1,0
0,Full_Day,7,39,5,1,1,228.2,0.0,1,0,0,0
0,Early_Return,12,24,5,1,0,214.6,0.0,1,1,0,0
1,Full_Day,6,27,3,0,1,202.2,0.0,1,1,0,0
0,Early_Return,12,13,1,0,0,485.4906,0.0,1,0,0,0
0,Early_Return,6,10,4,0,1,124.0,0.0,1,0,1,0
0,Early_Return,6,50,6,1,1,115.5,0.0,1,1,0,0
0,Full_Day,6,50,0,0,1,111.33333333333333,0.0,1,0,0,1
0,Early_Return,12,3,1,0,0,210.75,0.0,1,1,0,0
0,Full_Day,12,8,6,1,0,188.4,0.0,1,1,0,0
0,Early_Return,6,55,0,0,1,219.4,0.0,1,0,0,0
0,Full_Day,7,5,4,0,1,228.2,0.0,1,1,0,0
0,Overnight,12,31,4,0,0,259.0,0.0,1,1,0,0
0,Full_Day,7,25,1,0,1,320.4,1.0,1,0,0,0
0,Full_Day,7,6,6,1,1,385.4,1.0,1,0,0,0
0,Full_Day,7,18,2,0,1,404.8,1.0,1,1,0,0
0,Early_Return,7,6,4,0,1,463.0,1.0,1,0,0,0
0,Early_Return,6,32,6,1,1,430.8,1.0,1,0,0,0
0,Full_Day,7,3,3,0,1,305.8,1.0,1,1,0,0
1,Overnight,12,35,6,1,0,294.8,1.0,1,0,0,0
0,Full_Day,7,21,0,0,1,485.4906,2.0,1,0,0,0
0,Full_Day,7,22,1,0,1,269.0,0.0,1,0,1,0
0,Full_Day,11,28,2,0,1,373.5,0.0,1,0,0,1
0,Early_Return,6,36,2,0,1,374.0,0.0,1,1,0,0
0,Early_Return,6,30,4,0,1,319.75,0.0,1,0,0,1
0,Full_Day,7,41,2,0,1,277.6,0.0,1,0,0,0
0,Early_Return,12,55,0,0,0,284.0,0.0,1,0,0,1
1,Early_Return,6,42,0,0,1,227.8,0.0,1,0,0,0
1,Full_Day,12,18,1,0,0,165.4,0.0,1,1,0,0
1,Full_Day,12,27,4,0,0,202.4,0.0,1,1,0,0
0,Full_Day,13,15,4,0,0,485.4906,0.0,1,0,0,0
0,Full_Day,7,26,1,0,1,245.0,0.0,1,1,0,0
0,Full_Day,12,53,2,0,0,355.5,0.0,1,0,0,1
0,Overnight,13,35,0,0,0,344.3333333333333,0.0,1,0,0,0
0,Full_Day,6,27,6,1,1,585.25,1.0,1,0,0,0
0,Full_Day,7,8,0,0,1,520.2,1.0,1,1,0,0
0,Early_Return,7,30,1,0,1,559.4,1.0,1,0,0,1
0,Full_Day,13,4,4,0,0,488.8,1.0,1,0,1,0
0,Early_Return,7,18,5,1,1,505.2,1.0,1,0,0,0
0,Full_Day,7,51,6,1,1,274.6,1.0,1,0,1,0
0,Full_Day,7,25,0,0,1,306.8,1.0,1,0,0,0
0,Full_Day,6,59,1,0,1,306.8,1.0,1,1,0,0
0,Overnight,7,19,1,0,1,485.4906,1.0,1,0,1,0
0,Full_Day,7,21,3,0,1,1007.0,1.0,1,0,0,0
0,Early_Return,7,35,4,0,1,727.5,1.0,1,0,0,0
0,Full_Day,6,58,5,1,1,530.3333333333334,1.0,1,1,0,0
0,Early_Return,6,53,2,0,1,470.75,1.0,1,0,0,0
0,Early_Return,12,27,2,0,0,400.0,1.0,1,0,1,0
0,Early_Return,7,4,2,0,1,233.2,1.0,1,0,0,0
0,Early_Return,6,59,0,0,1,180.8,1.0,1,1,0,0
0,Long_Term,6,33,3,0,1,183.8,1.0,1,1,0,0
1,Early_Return,12,37,3,0,0,731.0,1.0,1,0,0,0
1,Overnight,12,58,4,0,0,731.0,1.0,1,1,0,0
0,Overnight,12,9,2,0,0,485.4906,2.0,1,1,0,0
0,Full_Day,6,52,4,0,1,1322.0,1.0,1,0,0,0
0,Early_Return,7,19,6,1,1,788.0,1.0,1,1,0,0
0,Full_Day,7,29,0,0,1,545.6666666666666,1.0,1,0,0,0
0,Overnight,7,47,1,0,1,500.5,1.0,1,0,0,0
0,Early_Return,12,48,4,0,0,641.6,2.0,1,0,1,0
0,Full_Day,6,57,0,0,1,401.4,2.0,1,0,0,0
0,Full_Day,7,19,1,0,1,443.2,2.0,1,0,0,0
0,Full_Day,7,0,4,0,1,489.4,2.0,1,1,0,0
0,Full_Day,6,53,6,1,1,495.2,2.0,1,0,0,0
0,Full_Day,13,9,4,0,0,303.0,2.0,1,0,1,0
0,Overnight,6,37,1,0,1,373.8,2.0,1,0,0,1
1,Full_Day,13,19,0,0,0,475.8,3.0,1,0,0,1
1,Full_Day,12,26,4,0,0,509.4,3.0,1,0,0,0
1,Early_Return,7,7,2,0,1,495.6,3.0,1,0,0,0
1,Full_Day,7,51,4,0,1,478.8,3.0,1,0,0,0
0,Long_Term,5,54,2,0,1,485.4906,3.0,1,0,1,0
0,Early_Return,7,26,0,0,1,3240.0,0.0,1,1,0,0
0,Full_Day,12,48,2,0,0,1688.0,0.0,1,0,0,0
0,Full_Day,6,5,4,0,1,1237.0,0.0,1,1,0,0
0,Overnight,12,57,2,0,0,1049.25,0.0,1,0,0,0
0,Full_Day,13,28,2,0,0,1110.6,1.0,1,0,0,0
0,Early_Return,6,32,4,0,1,538.2,1.0,1,0,0,0
1,Full_Day,12,49,4,0,0,548.2,1.0,1,0,0,1
1,Full_Day,13,55,0,0,0,551.2,1.0,1,0,0,0
1,Long_Term,7,31,3,0,1,557.8,1.0,1,0,1,0
0,Full_Day,12,16,1,0,0,485.4906,1.0,1,0,0,0
0,Full_Day,6,21,4,0,1,260.0,0.0,1,0,0,0
0,Full_Day,12,58,2,0,0,306.5,0.0,1,0,0,0
0,Full_Day,12,36,2,0,0,350.6666666666667,0.0,1,1,0,0
0,Full_Day,12,55,2,0,0,366.5,0.0,1,0,0,0
0,Early_Return,8,24,6,1,1,362.8,0.0,1,0,0,0
0,Early_Return,6,40,6,1,1,331.8,0.0,1,0,1,0
1,Early_Return,6,59,1,0,1,293.4,0.0,1,0,1,0
1,Full_Day,12,33,5,1,0,222.6,0.0,1,0,1,0
0,Full_Day,7,16,4,0,1,485.4906,0.0,1,0,0,0
0,Full_Day,6,10,5,1,1,433.0,0.0,1,0,0,0
0,Long_Term,6,49,2,0,1,340.0,0.0,1,0,0,1
0,Early_Return,12,38,6,1,0,1336.3333333333333,0.0,1,0,0,0
0,Full_Day,6,34,2,0,1,1049.5,0.0,1,0,1,0
0,Long_Term,13,0,0,0,0,935.0,0.0,1,1,0,0
0,Early_Return,6,42,4,0,1,1591.2,0.0,1,1,0,0
1,Early_Return,13,6,2,0,0,1554.8,0.0,1,0,0,0
0,Early_Return,7,4,6,1,1,485.4906,0.0,1,0,0,0
0,Full_Day,7,20,6,1,1,85.0,0.0,1,0,0,1
0,Full_Day,7,49,1,0,1,303.0,0.0,1,1,0,0
0,Early_Return,7,27,1,0,1,348.0,0.0,1,0,0,0
0,Early_Return,11,45,3,0,1,277.75,0.0,1,0,0,0
0,Overnight,6,32,2,0,1,255.6,0.0,1,0,0,0
0,Early_Return,13,36,2,0,0,461.0,1.0,1,0,1,0
0,Early_Return,7,16,0,0,1,393.6,1.0,1,0,0,0
0,Overnight,7,9,3,0,1,485.4906,1.0,1,0,1,0
0,Full_Day,12,23,5,1,0,895.0,1.0,1,0,0,0
0,Overnight,6,57,6,1,1,602.0,1.0,1,0,0,0
0,Full_Day,7,35,5,1,1,824.3333333333334,2.0,1,1,0,0
0,Overnight,6,51,5,1,1,699.0,2.0,1,0,0,0
0,Early_Return,12,14,4,0,0,715.6,3.0,1,0,0,0
1,Early_Return,12,47,2,0,0,559.8,3.0,1,0,1,0
1,Early_Return,13,1,3,0,0,535.6,3.0,1,0,0,0
0,Overnight,13,36,4,0,0,485.4906,3.0,1,0,0,0
0,Full_Day,7,35,4,0,1,1406.0,1.0,1,1,0,0
0,Early_Return,6,12,5,1,1,880.0,1.0,1,1,0,0
0,Long_Term,6,24,6,1,1,654.0,1.0,1,0,0,0
0,Early_Return,7,14,3,0,1,1029.0,1.0,1,0,0,0
0,Early_Return,12,32,3,0,0,835.8,1.0,1,0,0,0
0,Overnight,7,9,4,0,1,577.2,1.0,1,0,0,0
0,Full_Day,7,46,2,0,1,767.8,2.0,1,0,0,0
0,Full_Day,5,57,3,0,1,807.4,2.0,1,0,1,0
0,Early_Return,7,24,5,1,1,444.0,2.0,1,0,0,1
0,Full_Day,7,23,5,1,1,455.4,2.0,1,0,0,1
1,Early_Return,12,11,5,1,0,534.6,2.0,1,0,0,1
0,Early_Return,12,37,0,0,0,485.4906,2.0,1,1,0,0
0,Early_Return,7,5,1,0,1,99.0,0.0,1,1,0,0
0,Full_Day,6,18,6,1,1,142.5,0.0,1,0,0,0
0,Early_Return,11,58,3,0,1,212.66666666666666,0.0,1,0,0,1
0,Early_Return,7,26,1,0,1,195.5,0.0,1,0,0,0
0,Early_Return,7,28,4,0,1,179.8,0.0,1,0,0,0
0,Full_Day,12,19,2,0,0,198.2,0.0,1,1,0,0
0,Full_Day,6,49,0,0,1,224.2,0.0,1,0,0,0
0,Long_Term,6,29,6,1,1,485.4906,0.0,1,1,0,0
0,Early_Return,6,32,5,1,1,3942.0,0.0,1,1,0,0
0,Early_Return,7,9,1,0,1,2016.5,0.0,1,1,0,0
0,Full_Day,7,32,2,0,1,1369.6666666666667,0.0,1,0,0,0
1,Full_Day,7,33,1,0,1,1144.25,0.0,1,0,1,0
0,Full_Day,7,2,3,0,1,485.4906,0.0,1,1,0,0
0,Overnight,7,13,3,0,1,354.0,0.0,1,0,0,0
0,Full_Day,7,39,0,0,1,608.5,1.0,1,1,0,0
0,Full_Day,6,51,6,1,1,502.0,1.0,1,0,0,0
0,Full_Day,12,12,4,0,0,450.25,1.0,1,0,0,0
0,Full_Day,13,7,2,0,0,467.0,1.0,1,1,0,0
0,Early_Return,7,36,6,1,1,493.0,1.0,1,0,0,0
0,Overnight,12,38,0,0,0,346.6,1.0,1,0,1,0
1,Full_Day,12,48,1,0,0,550.6,2.0,1,1,0,0
1,Full_Day,12,53,1,0,0,589.6,2.0,1,1,0,0
1,Full_Day,7,2,1,0,1,550.0,2.0,1,0,0,1
1,Early_Return,6,18,5,1,1,522.6,2.0,1,0,0,1
1,Early_Return,6,36,5,1,1,529.0,2.0,1,1,0,0
1,Full_Day,8,6,5,1,1,288.2,2.0,1,0,1,0
0,Early_Return,7,12,3,0,1,485.4906,2.0,1,0,0,1
0,Early_Return,7,18,1,0,1,204.0,0.0,1,0,1,0
0,Overnight,6,52,0,0,1,145.0,0.0,1,1,0,0
0,Overnight,12,47,6,1,0,507.3333333333333,1.0,1,0,1,0
0,Early_Return,6,53,1,0,1,587.5,2.0,1,1,0,0
0,Full_Day,6,39,0,0,1,502.8,2.0,1,0,0,0
0,Long_Term,6,55,6,1,1,561.8,2.0,1,1,0,0
0,Early_Return,7,2,1,0,1,901.6,2.0,1,0,1,0
1,Full_Day,7,8,0,0,1,669.8,2.0,1,0,0,0
0,Overnight,7,40,0,0,1,485.4906,2.0,1,1,0,0
0,Overnight,12,25,2,0,0,1123.0,1.0,1,0,0,0
0,Early_Return,13,18,4,0,0,1055.5,2.0,1,0,1,0
0,Full_Day,6,22,3,0,1,740.6666666666666,2.0,1,0,0,1
0,Full_Day,6,19,4,0,1,688.75,2.0,1,1,0,0
0,Full_Day,13,24,0,0,0,638.4,2.0,1,1,0,0
1,Early_Return,7,25,0,0,1,478.2,2.0,1,1,0,0
0,Early_Return,13,7,1,0,0,485.4906,2.0,1,0,0,0
0,Full_Day,6,14,3,0,1,157.0,0.0,0,1,0,0
0,Full_Day,12,41,3,0,0,337.5,0.0,1,1,0,0
0,Early_Return,12,38,4,0,0,368.3333333333333,0.0,0,0,0,0
0,Early_Return,13,28,0,0,0,292.75,0.0,1,0,0,0
0,Full_Day,12,45,4,0,0,251.4,0.0,1,0,0,0
0,Early_Return,11,29,0,0,1,485.4906,0.0,1,0,1,0
1,Early_Return,13,50,2,0,0,172.0,0.0,1,1,0,0
0,Full_Day,6,49,1,0,1,485.4906,0.0,1,0,0,1
0,Full_Day,7,21,6,1,1,532.0,0.0,1,1,0,0
0,Overnight,6,35,3,0,1,424.5,0.0,1,0,0,0
0,Full_Day,7,30,6,1,1,541.3333333333334,1.0,1,1,0,0
0,Full_Day,13,7,6,1,0,538.0,1.0,1,1,0,0
1,Full_Day,12,29,1,0,0,531.4,1.0,1,0,0,0
0,Early_Return,8,2,4,0,1,485.4906,1.0,1,0,0,0
0,Early_Return,7,38,6,1,1,155.0,0.0,1,0,0,0
0,Full_Day,7,34,4,0,1,177.5,0.0,1,0,0,0
0,Overnight,7,18,2,0,1,294.3333333333333,0.0,1,0,1,0
1,Early_Return,7,43,4,0,1,564.5,1.0,1,0,1,0
1,Full_Day,7,19,3,0,1,468.0,1.0,1,0,0,0
1,Full_Day,7,55,3,0,1,534.6,1.0,1,0,0,0
0,Full_Day,6,53,4,0,1,485.4906,1.0,1,0,0,0
0,Long_Term,12,42,0,0,0,395.0,0.0,1,1,0,0
0,Early_Return,12,15,6,1,0,1067.5,0.0,1,0,0,0
0,Early_Return,12,34,2,0,0,733.6666666666666,0.0,1,1,0,0
0,Long_Term,6,49,5,1,1,595.75,0.0,1,0,0,0
0,Full_Day,6,53,2,0,1,1062.2,0.0,1,0,1,0
0,Long_Term,7,17,1,0,1,485.4906,0.0,1,0,0,0
0,Full_Day,6,20,3,0,1,3827.0,0.0,1,0,0,0
0,Full_Day,12,36,4,0,0,2117.5,0.0,1,0,0,0
0,Full_Day,6,37,1,0,1,1545.3333333333333,0.0,1,0,1,0
0,Long_Term,7,31,1,0,1,1237.25,0.0,1,0,0,0
0,Overnight,12,56,2,0,0,1612.8,0.0,1,0,0,0
0,Full_Day,13,4,6,1,0,1025.6,1.0,1,0,0,0
0,Overnight,6,47,3,0,1,1033.2,1.0,1,0,1,0
0,Early_Return,6,59,2,0,1,1130.8,2.0,1,0,1,0
0,Early_Return,7,10,3,0,1,485.4906,2.0,1,0,1,0
0,Full_Day,6,53,6,1,1,86.0,0.0,1,0,0,0
0,Full_Day,7,33,3,0,1,235.0,0.0,1,1,0,0
0,Full_Day,12,19,0,0,0,327.3333333333333,0.0,1,0,0,0
0,Early_Return,7,35,3,0,1,337.0,0.0,1,0,0,0
0,Full_Day,6,39,6,1,1,311.4,0.0,1,0,0,0
0,Early_Return,7,30,4,0,1,379.6,0.0,1,1,0,0
0,Full_Day,7,26,5,1,1,344.0,0.0,1,1,0,0
0,Overnight,12,23,4,0,0,321.4,0.0,1,0,0,0
1,Full_Day,12,11,0,0,0,426.8,1.0,1,1,0,0
0,Early_Return,7,20,0,0,1,485.4906,1.0,1,1,0,0
0,Overnight,7,54,3,0,1,183.0,0.0,1,0,1,0
1,Early_Return,13,21,3,0,0,589.5,1.0,1,1,0,0
0,Overnight,5,56,2,0,1,485.4906,1.0,1,0,0,0
1,Full_Day,7,24,1,0,1,1037.0,1.0,1,0,0,0
0,Overnight,6,23,6,1,1,485.4906,1.0,1,0,0,0
0,Full_Day,12,40,6,1,0,964.0,1.0,1,1,0,0
0,Early_Return,13,27,4,0,0,664.5,1.0,1,0,0,1
0,Full_Day,7,33,5,1,1,512.6666666666666,1.0,1,0,1,0
0,Full_Day,12,15,1,0,0,466.75,1.0,1,0,0,0
1,Overnight,7,15,1,0,1,435.2,1.0,1,0,0,0
1,Full_Day,12,40,2,0,0,438.8,2.0,1,0,1,0
1,Long_Term,12,45,3,0,0,425.8,2.0,1,1,0,0
0,Early_Return,12,14,4,0,0,485.4906,2.0,1,0,0,0
0,Early_Return,12,50,4,0,0,191.0,0.0,1,1,0,0
0,Long_Term,7,29,2,0,1,139.5,0.0,1,0,0,0
0,Overnight,8,1,2,0,1,727.6666666666666,0.0,1,0,1,0
0,Early_Return,7,16,5,1,1,740.75,1.0,1,0,0,1
1,Long_Term,6,33,0,0,1,622.0,1.0,1,0,1,0
1,Full_Day,6,30,2,0,1,919.4,1.0,1,0,0,0
1,Early_Return,13,34,0,0,0,995.8,1.0,1,0,0,0
0,Early_Return,7,22,6,1,1,485.4906,1.0,1,0,0,1
0,Full_Day,6,49,2,0,1,77.0,0.0,1,1,0,0
0,Early_Return,6,45,0,0,1,202.0,0.0,1,1,0,0
0,Full_Day,12,40,3,0,0,197.33333333333334,0.0,1,1,0,0
0,Full_Day,6,29,4,0,1,211.25,0.0,1,0,0,0
0,Full_Day,6,38,0,0,1,233.4,0.0,1,0,0,0
0,Full_Day,7,27,6,1,1,287.2,0.0,1,0,1,0
0,Full_Day,7,11,1,0,1,316.0,0.0,1,1,0,0
0,Full_Day,12,53,3,0,0,485.4906,0.0,1,0,1,0
0,Full_Day,12,53,3,0,0,320.0,0.0,1,0,0,0
0,Overnight,13,11,5,1,0,381.0,0.0,1,0,1,0
0,Overnight,13,51,3,0,0,671.6666666666666,1.0,0,0,1,0
0,Early_Return,7,19,6,1,1,856.25,2.0,1,0,0,0
0,Early_Return,12,13,2,0,0,721.8,2.0,1,1,0,0
0,Early_Return,13,9,3,0,0,669.8,2.0,1,0,0,1
1,Full_Day,12,48,4,0,0,607.8,2.0,1,0,0,1
1,Early_Return,6,28,2,0,1,411.4,2.0,1,0,1,0
1,Full_Day,6,56,3,0,1,145.0,2.0,1,0,0,0
0,Full_Day,7,1,5,1,1,485.4906,2.0,1,0,1,0
0,Early_Return,7,47,4,0,1,389.0,0.0,1,0,0,1
0,Early_Return,6,36,0,0,1,273.0,0.0,1,1,0,0
0,Early_Return,12,48,2,0,0,250.0,0.0,1,0,0,1
0,Early_Return,8,11,2,0,1,203.25,0.0,1,1,0,0
1,Overnight,7,14,5,1,1,188.0,0.0,1,0,1,0
0,Full_Day,7,6,0,0,1,485.4906,1.0,1,0,1,0
0,Early_Return,6,49,5,1,1,534.0,0.0,1,1,0,0
0,Overnight,6,56,3,0,1,320.5,0.0,1,0,0,0
1,Full_Day,12,32,2,0,0,546.6666666666666,1.0,1,1,0,0
0,Long_Term,12,45,5,1,0,485.4906,1.0,1,1,0,0
0,Early_Return,6,53,1,0,1,2796.0,0.0,1,1,0,0
0,Full_Day,6,29,5,1,1,1482.5,0.0,1,1,0,0
0,Early_Return,11,54,6,1,1,485.4906,0.0,1,0,0,0
0,Full_Day,6,53,2,0,1,67.0,0.0,1,0,0,0
0,Full_Day,7,22,5,1,1,261.5,0.0,1,0,0,0
0,Early_Return,12,27,5,1,0,265.3333333333333,0.0,1,1,0,0
0,Overnight,7,29,1,0,1,229.5,0.0,1,1,0,0
0,Full_Day,13,26,1,0,0,428.4,1.0,1,1,0,0
0,Overnight,12,51,5,1,0,486.2,1.0,1,0,0,0
1,Full_Day,13,6,5,1,0,588.8,2.0,1,0,0,0
0,Full_Day,12,31,5,1,0,485.4906,2.0,0,0,0,0
0,Full_Day,6,39,3,0,1,532.0,0.0,1,0,1,0
0,Full_Day,13,14,2,0,0,483.5,0.0,1,0,0,0
0,Full_Day,7,18,5,1,1,406.3333333333333,0.0,1,1,0,0
0,Early_Return,13,19,4,0,0,372.75,0.0,1,0,0,0
0,Long_Term,12,36,0,0,0,330.0,0.0,1,1,0,0
0,Early_Return,12,42,2,0,0,1002.0,0.0,1,1,0,0
1,Full_Day,12,50,0,0,0,934.6,0.0,1,0,1,0
0,Early_Return,6,30,6,1,1,485.4906,0.0,1,0,0,0
0,Early_Return,7,33,5,1,1,82.0,0.0,1,0,0,0
0,Full_Day,7,52,5,1,1,117.0,0.0,1,0,0,1
0,Full_Day,6,30,3,0,1,211.33333333333334,0.0,1,0,0,1
1,Full_Day,7,35,2,0,1,229.75,0.0,1,0,0,0
1,Early_Return,12,45,3,0,0,290.2,0.0,1,1,0,0
0,Full_Day,7,47,5,1,1,485.4906,0.0,1,0,1,0
0,Early_Return,13,17,0,0,0,343.0,0.0,1,0,0,0
0,Full_Day,7,57,6,1,1,220.0,0.0,1,0,0,0
0,Early_Return,7,32,1,0,1,311.0,0.0,1,0,0,0
0,Full_Day,7,39,6,1,1,276.25,0.0,1,0,0,0
0,Full_Day,13,21,0,0,0,312.6,0.0,1,1,0,0
0,Early_Return,6,35,3,0,1,296.8,0.0,1,0,0,0
0,Early_Return,12,40,2,0,0,296.8,0.0,1,1,0,0
0,Full_Day,12,43,1,0,0,236.8,0.0,1,0,0,0
1,Early_Return,13,22,5,1,0,285.6,0.0,1,0,0,0
0,Full_Day,13,22,3,0,0,485.4906,0.0,1,1,0,0
0,Overnight,12,21,2,0,0,331.0,0.0,1,0,0,0
0,Full_Day,5,37,1,0,1,783.0,1.0,1,1,0,0
0,Full_Day,13,23,4,0,0,651.3333333333334,1.0,1,1,0,0
0,Early_Return,12,37,5,1,0,593.25,1.0,0,0,1,0
0,Overnight,7,23,5,1,1,494.0,1.0,1,0,1,0
0,Full_Day,6,22,3,0,1,596.6,2.0,1,0,1,0
0,Full_Day,6,42,3,0,1,399.8,2.0,1,1,0,0
0,Early_Return,12,46,5,1,0,404.4,2.0,1,0,0,0
0,Full_Day,6,46,4,0,1,334.2,2.0,1,1,0,0
0,Early_Return,12,20,4,0,0,485.4906,2.0,1,0,0,0
0,Full_Day,12,7,4,0,0,155.0,0.0,1,0,1,0
0,Early_Return,7,30,2,0,1,296.0,0.0,1,1,0,0
0,Early_Return,12,5,3,0,0,258.0,0.0,1,0,0,0
0,Full_Day,13,5,3,0,0,485.4906,0.0,1,0,1,0
0,Full_Day,7,36,4,0,1,415.0,0.0,1,0,0,0
0,Full_Day,13,5,5,1,0,468.0,0.0,1,0,1,0
0,Early_Return,13,2,3,0,0,428.0,0.0,1,0,1,0
0,Full_Day,7,14,4,0,1,364.75,0.0,1,0,0,0
0,Early_Return,7,18,6,1,1,352.4,0.0,1,0,0,0
0,Long_Term,6,58,2,0,1,287.6,0.0,1,0,0,1
0,Full_Day,7,27,1,0,1,580.0,0.0,1,1,0,0
1,Full_Day,6,49,2,0,1,568.0,0.0,1,0,0,0
1,Early_Return,6,2,3,0,1,617.4,0.0,1,0,1,0
1,Full_Day,7,36,1,0,1,583.4,0.0,1,0,0,0
1,Overnight,7,1,5,1,1,634.2,0.0,1,0,0,0
0,Early_Return,6,54,5,1,1,485.4906,1.0,1,1,0,0
0,Early_Return,7,24,5,1,1,141.0,0.0,1,0,0,1
0,Full_Day,12,32,6,1,0,111.0,0.0,1,0,1,0
0,Early_Return,12,32,2,0,0,252.33333333333334,0.0,1,0,0,0
0,Early_Return,6,53,5,1,1,217.75,0.0,1,0,0,0
0,Early_Return,7,0,6,1,1,212.6,0.0,1,0,0,0
0,Early_Return,5,58,1,0,1,210.4,0.0,1,0,0,0
0,Full_Day,7,47,3,0,1,218.6,0.0,1,0,1,0
0,Full_Day,6,57,5,1,1,163.4,0.0,1,0,1,0
0,Full_Day,7,37,3,0,1,247.8,0.0,1,0,0,0
0,Full_Day,13,8,2,0,0,276.8,0.0,1,0,0,0
1,Early_Return,7,31,5,1,1,326.8,0.0,1,0,0,1
1,Early_Return,13,27,5,1,0,325.0,0.0,1,0,0,0
1,Early_Return,13,0,6,1,0,292.0,0.0,1,1,0,0
1,Full_Day,7,11,3,0,1,207.4,0.0,1,0,0,0
0,Full_Day,12,23,3,0,0,485.4906,0.0,1,0,0,0
0,Full_Day,13,11,5,1,0,443.0,0.0,1,1,0,0
0,Full_Day,6,56,6,1,1,491.0,0.0,1,1,0,0
1,Full_Day,6,29,5,1,1,466.0,0.0,1,1,0,0
0,Full_Day,8,6,0,0,1,485.4906,0.0,1,0,0,0
0,Early_Return,12,54,1,0,0,468.0,0.0,1,0,1,0
0,Full_Day,6,41,1,0,1,335.0,0.0,1,0,0,0
0,Full_Day,6,43,2,0,1,397.0,0.0,1,1,0,0
0,Full_Day,7,12,4,0,1,405.25,0.0,1,0,0,0
0,Early_Return,13,50,3,0,0,375.4,0.0,1,1,0,0
0,Early_Return,6,37,0,0,1,323.6,0.0,1,0,1,0
0,Full_Day,7,20,4,0,1,312.8,0.0,1,0,1,0
0,Full_Day,7,21,6,1,1,271.0,0.0,1,0,0,0
0,Early_Return,12,38,6,1,0,243.4,0.0,1,0,0,1
0,Early_Return,13,39,6,1,0,231.6,0.0,1,0,0,0
0,Full_Day,7,2,3,0,1,485.4906,0.0,1,0,1,0
0,Full_Day,7,2,1,0,1,386.0,0.0,1,0,1,0
0,Full_Day,13,20,1,0,0,437.5,0.0,1,0,0,0
0,Full_Day,12,23,0,0,0,466.3333333333333,0.0,1,0,1,0
0,Early_Return,7,24,5,1,1,469.25,0.0,1,0,0,0
0,Full_Day,6,48,0,0,1,397.4,0.0,1,0,0,0
0,Early_Return,13,24,0,0,0,393.0,0.0,1,1,0,0
1,Early_Return,7,35,2,0,1,318.8,0.0,1,0,0,0
1,Overnight,13,53,2,0,0,231.2,0.0,1,0,0,0
1,Full_Day,7,7,4,0,1,393.2,1.0,1,0,0,0
0,Full_Day,6,44,4,0,1,485.4906,1.0,1,1,0,0
0,Overnight,7,41,4,0,1,273.0,0.0,1,1,0,0
0,Early_Return,7,19,5,1,1,550.0,1.0,1,0,0,0
0,Early_Return,12,4,5,1,0,407.0,1.0,1,0,0,0
0,Full_Day,7,2,4,0,1,352.5,1.0,1,1,0,0
0,Early_Return,13,4,1,0,0,367.2,1.0,1,1,0,0
0,Full_Day,6,55,0,0,1,344.8,1.0,1,0,0,0
1,Full_Day,7,7,6,1,1,255.4,1.0,1,0,0,0
0,Early_Return,6,24,5,1,1,485.4906,1.0,1,0,0,0
0,Early_Return,7,1,3,0,1,71.0,0.0,1,1,0,0
0,Full_Day,12,44,6,1,0,114.0,0.0,1,0,0,0
0,Full_Day,12,50,0,0,0,164.66666666666666,0.0,1,0,0,0
0,Early_Return,7,0,6,1,1,209.25,0.0,1,0,0,0
0,Early_Return,6,53,5,1,1,189.8,0.0,1,0,1,0
0,Early_Return,7,6,4,0,1,214.8,0.0,1,0,0,0
0,Early_Return,7,32,4,0,1,209.6,0.0,1,0,1,0
0,Long_Term,6,48,1,0,1,186.6,0.0,1,1,0,0
0,Long_Term,7,7,3,0,1,557.2,0.0,1,0,0,0
0,Full_Day,7,12,0,0,1,1249.2,0.0,1,0,0,0
1,Early_Return,12,15,6,1,0,1314.2,0.0,1,0,1,0
0,Early_Return,7,11,3,0,1,485.4906,0.0,1,0,0,0
0,Early_Return,6,32,0,0,1,94.0,0.0,1,0,1,0
1,Full_Day,6,24,2,0,1,102.0,0.0,1,1,0,0
0,Full_Day,7,13,5,1,1,485.4906,0.0,1,0,0,0
0,Early_Return,6,46,4,0,1,458.0,0.0,1,1,0,0
0,Overnight,6,5,5,1,1,293.5,0.0,1,0,1,0
0,Full_Day,6,38,1,0,1,491.0,1.0,1,1,0,0
0,Overnight,13,29,3,0,0,478.0,1.0,1,0,0,0
0,Full_Day,7,41,1,0,1,641.8,2.0,1,1,0,0
0,Early_Return,7,37,5,1,1,645.0,2.0,1,0,0,0
0,Early_Return,7,4,6,1,1,485.4906,2.0,1,0,1,0
0,Full_Day,6,13,5,1,1,177.0,0.0,1,0,1,0
0,Early_Return,7,31,4,0,1,299.0,0.0,1,0,0,0
0,Full_Day,7,14,3,0,1,222.33333333333334,0.0,1,0,1,0
0,Full_Day,6,59,0,0,1,279.0,0.0,1,0,0,0
1,Early_Return,6,11,0,0,1,331.0,0.0,1,0,0,0
1,Early_Return,7,31,4,0,1,312.0,0.0,1,0,1,0
0,Full_Day,13,36,1,0,0,485.4906,0.0,1,0,0,0
0,Early_Return,12,56,1,0,0,292.0,0.0,1,0,0,0
0,Full_Day,7,28,2,0,1,222.5,0.0,1,0,1,0
0,Full_Day,6,23,3,0,1,298.0,0.0,1,0,0,0
0,Full_Day,6,26,5,1,1,348.5,0.0,1,0,0,0
0,Full_Day,7,59,2,0,1,360.0,0.0,1,1,0,0
0,Early_Return,6,45,0,0,1,485.4906,0.0,1,1,0,0
0,Early_Return,7,3,0,0,1,93.0,0.0,1,0,0,0
0,Early_Return,12,12,4,0,0,126.5,0.0,1,0,1,0
1,Full_Day,6,31,1,0,1,119.0,0.0,1,0,0,0
0,Early_Return,6,53,2,0,1,485.4906,0.0,1,0,1,0
0,Early_Return,7,51,5,1,1,88.0,0.0,1,0,0,0
0,Early_Return,6,23,3,0,1,77.0,0.0,1,0,1,0
1,Full_Day,6,35,0,0,1,114.0,0.0,1,0,0,0
1,Full_Day,7,37,4,0,1,197.75,0.0,1,1,0,0
0,Full_Day,7,18,0,0,1,485.4906,0.0,1,0,0,1
0,Full_Day,6,48,0,0,1,367.0,0.0,1,1,0,0
1,Early_Return,7,5,2,0,1,335.5,0.0,1,0,1,0
0,Full_Day,12,32,2,0,0,485.4906,0.0,1,0,0,1
0,Early_Return,12,35,4,0,0,484.0,0.0,1,0,0,0
0,Early_Return,12,48,4,0,0,281.0,0.0,1,0,1,0
0,Full_Day,6,45,5,1,1,240.33333333333334,0.0,1,0,0,0
0,Full_Day,12,53,5,1,0,241.75,0.0,1,0,0,0
0,Full_Day,7,7,4,0,1,293.2,0.0,1,0,0,1
0,Early_Return,7,47,1,0,1,281.8,0.0,1,1,0,0
0,Full_Day,7,19,3,0,1,300.0,0.0,0,0,0,0
0,Full_Day,12,21,1,0,0,485.4906,0.0,1,1,0,0
0,Early_Return,7,1,6,1,1,506.0,0.0,1,0,0,0
0,Full_Day,11,44,2,0,1,315.5,0.0,1,1,0,0
0,Early_Return,13,21,4,0,0,323.0,0.0,1,0,0,1
0,Full_Day,6,24,6,1,1,259.75,0.0,1,0,0,0
0,Overnight,12,39,4,0,0,261.0,0.0,1,0,0,0
0,Overnight,6,7,0,0,1,431.0,1.0,1,0,0,0
0,Early_Return,7,14,1,0,1,590.2,2.0,0,0,0,0
1,Early_Return,13,19,0,0,0,558.4,2.0,1,0,0,0
1,Overnight,12,32,3,0,0,561.8,2.0,1,1,0,0
0,Full_Day,7,16,5,1,1,485.4906,3.0,1,0,1,0
0,Overnight,6,19,0,0,1,455.0,0.0,1,0,0,1
0,Full_Day,6,2,6,1,1,808.5,1.0,1,1,0,0
0,Early_Return,6,57,3,0,1,695.3333333333334,1.0,1,0,0,1
0,Full_Day,12,41,4,0,0,548.5,1.0,1,0,0,0
0,Overnight,7,1,4,0,1,538.4,1.0,1,0,0,0
0,Early_Return,6,23,0,0,1,485.4906,2.0,1,1,0,0
0,Overnight,13,6,6,1,0,119.0,0.0,1,0,0,1
0,Early_Return,6,18,3,0,1,740.5,1.0,1,1,0,0
0,Full_Day,12,22,1,0,0,560.6666666666666,1.0,1,0,0,0
0,Full_Day,5,59,5,1,1,497.5,1.0,1,0,0,1
1,Full_Day,7,25,0,0,1,491.6,1.0,1,0,0,0
1,Full_Day,6,56,3,0,1,522.0,1.0,1,0,0,0
0,Full_Day,6,32,0,0,1,485.4906,1.0,1,0,0,0
0,Early_Return,13,10,2,0,0,407.0,0.0,1,0,0,1
0,Full_Day,12,48,2,0,0,274.0,0.0,1,0,0,0
0,Full_Day,7,9,6,1,1,287.6666666666667,0.0,1,1,0,0
0,Full_Day,6,51,6,1,1,291.75,0.0,1,0,0,1
1,Overnight,7,51,6,1,1,341.0,0.0,1,0,0,0
1,Early_Return,12,33,2,0,0,454.0,1.0,1,0,0,0
0,Full_Day,7,48,6,1,1,485.4906,1.0,1,0,0,1
0,Early_Return,7,52,0,0,1,283.0,0.0,1,0,0,0
0,Overnight,13,15,0,0,0,244.5,0.0,1,0,1,0
0,Full_Day,13,18,2,0,0,517.0,1.0,1,0,0,0
0,Overnight,12,47,3,0,0,464.5,1.0,1,0,0,0
0,Full_Day,12,50,6,1,0,535.8,2.0,1,0,0,0
1,Full_Day,11,57,5,1,1,531.4,2.0,1,0,0,0
0,Full_Day,12,35,4,0,0,485.4906,2.0,1,0,0,0
0,Early_Return,12,54,3,0,0,500.0,0.0,1,0,0,0
0,Full_Day,7,44,0,0,1,290.0,0.0,1,0,1,0
0,Full_Day,7,17,2,0,1,333.6666666666667,0.0,1,0,0,0
0,Early_Return,12,29,3,0,0,365.0,0.0,1,1,0,0
0,Early_Return,13,5,6,1,0,318.6,0.0,1,0,1,0
0,Overnight,6,46,4,0,1,260.4,0.0,1,0,1,0
0,Full_Day,7,20,5,1,1,489.0,1.0,1,1,0,0
0,Early_Return,12,56,0,0,0,503.2,1.0,1,1,0,0
0,Full_Day,12,23,6,1,0,434.0,1.0,1,0,1,0
0,Full_Day,12,39,1,0,0,468.8,1.0,1,0,0,0
0,Full_Day,11,53,3,0,1,521.6,1.0,1,1,0,0
0,Early_Return,7,17,5,1,1,360.4,1.0,1,0,0,0
0,Early_Return,6,5,5,1,1,283.2,1.0,1,1,0,0
1,Full_Day,12,33,0,0,0,283.2,1.0,1,0,1,0
1,Early_Return,7,2,1,0,1,270.6,1.0,1,1,0,0
0,Full_Day,7,49,6,1,1,485.4906,1.0,1,0,1,0
0,Early_Return,7,11,1,0,1,335.0,0.0,1,1,0,0
0,Full_Day,7,2,5,1,1,270.0,0.0,1,1,0,0
0,Full_Day,12,23,6,1,0,268.0,0.0,0,0,0,0
0,Early_Return,13,18,6,1,0,307.5,0.0,1,0,0,0
0,Early_Return,6,45,4,0,1,283.6,0.0,1,1,0,0
0,Full_Day,12,7,2,0,0,242.4,0.0,1,0,0,0
0,Full_Day,7,2,5,1,1,279.0,0.0,1,0,0,1
0,Full_Day,6,48,3,0,1,279.4,0.0,1,0,1,0
1,Long_Term,6,41,1,0,1,261.0,0.0,1,0,0,1
1,Early_Return,6,59,4,0,1,1022.0,0.0,1,0,0,0
1,Early_Return,12,10,4,0,0,1037.4,0.0,1,0,1,0
1,Early_Return,12,56,0,0,0,993.2,0.0,1,0,1,0
0,Full_Day,5,53,2,0,1,485.4906,0.0,1,0,0,0
0,Overnight,13,26,1,0,0,268.0,0.0,1,0,0,0
0,Full_Day,6,30,2,0,1,735.5,1.0,1,0,0,0
0,Full_Day,12,51,6,1,0,575.3333333333334,1.0,1,0,0,0
0,Full_Day,6,17,5,1,1,517.25,1.0,1,0,0,0
0,Overnight,12,29,5,1,0,492.2,1.0,1,0,1,0
0,Full_Day,6,11,0,0,1,609.8,2.0,1,0,0,0
1,Full_Day,13,9,0,0,0,428.4,2.0,1,0,0,1
0,Early_Return,12,13,1,0,0,485.4906,2.0,1,0,0,1
0,Early_Return,6,48,6,1,1,67.0,0.0,1,0,0,1
0,Full_Day,7,14,2,0,1,72.5,0.0,1,0,0,0
0,Early_Return,7,12,6,1,1,193.33333333333334,0.0,1,1,0,0
0,Full_Day,11,32,5,1,1,172.0,0.0,1,0,1,0
0,Overnight,7,8,3,0,1,236.4,0.0,1,0,0,0
1,Early_Return,5,30,1,0,1,474.0,1.0,1,0,0,0
0,Full_Day,7,26,3,0,1,485.4906,1.0,1,0,0,1
0,Full_Day,13,8,3,0,0,323.0,0.0,1,0,1,0
0,Full_Day,7,3,4,0,1,345.5,0.0,1,0,0,0
0,Long_Term,7,53,6,1,1,345.6666666666667,0.0,1,1,0,0
0,Overnight,12,53,4,0,0,754.0,0.0,1,0,0,0
0,Early_Return,7,3,6,1,1,862.8,1.0,1,0,1,0
1,Overnight,6,34,4,0,1,814.6,1.0,1,0,0,0
0,Full_Day,7,29,4,0,1,485.4906,2.0,1,0,1,0
0,Full_Day,6,34,1,0,1,423.0,0.0,1,0,0,0
0,Long_Term,6,54,4,0,1,471.5,0.0,1,0,0,0
0,Full_Day,7,3,1,0,1,1016.0,0.0,1,0,0,1
1,Full_Day,7,19,3,0,1,883.0,0.0,1,0,1,0
1,Early_Return,7,21,4,0,1,788.2,0.0,1,0,0,0
0,Long_Term,12,56,2,0,0,485.4906,0.0,1,0,0,0
0,Full_Day,6,38,2,0,1,1534.0,0.0,1,0,0,0
0,Full_Day,6,54,3,0,1,938.5,0.0,1,0,0,1
0,Early_Return,7,18,3,0,1,748.0,0.0,1,0,0,1
0,Overnight,13,20,2,0,0,606.75,0.0,1,1,0,0
1,Early_Return,6,43,4,0,1,691.8,1.0,1,1,0,0
1,Full_Day,6,18,6,1,1,413.8,1.0,1,0,0,0
0,Early_Return,6,46,2,0,1,485.4906,1.0,1,0,1,0
0,Long_Term,7,34,4,0,1,75.0,0.0,1,0,0,1
0,Full_Day,12,33,1,0,0,2189.0,0.0,1,0,1,0
1,Full_Day,12,58,2,0,0,1541.6666666666667,0.0,1,1,0,0
0,Full_Day,7,10,3,0,1,485.4906,0.0,1,0,0,0
0,Overnight,12,42,6,1,0,472.0,0.0,1,1,0,0
0,Full_Day,12,28,3,0,0,856.0,1.0,1,0,1,0
0,Full_Day,12,16,6,1,0,659.3333333333334,1.0,1,0,1,0
0,Overnight,7,38,3,0,1,594.25,1.0,0,0,0,0
0,Full_Day,12,29,5,1,0,688.0,2.0,1,0,0,0
0,Full_Day,6,48,3,0,1,485.4906,2.0,1,0,0,0
0,Overnight,6,34,2,0,1,452.0,0.0,1,1,0,0
1,Early_Return,13,35,2,0,0,923.5,1.0,1,0,0,0
0,Early_Return,12,38,4,0,0,485.4906,1.0,1,0,0,0
0,Early_Return,7,20,1,0,1,99.0,0.0,1,0,0,0
0,Full_Day,7,15,1,0,1,86.5,0.0,1,0,1,0
0,Overnight,7,4,5,1,1,140.66666666666666,0.0,1,0,1,0
0,Full_Day,12,50,1,0,0,463.25,1.0,1,0,0,1
0,Full_Day,13,9,2,0,0,455.6,1.0,1,1,0,0
0,Full_Day,6,14,4,0,1,522.4,1.0,1,0,0,0
1,Full_Day,6,15,0,0,1,610.0,1.0,1,0,0,0
1,Overnight,6,27,6,1,1,647.0,1.0,1,0,0,0
1,Early_Return,6,54,4,0,1,590.2,2.0,1,0,1,0
0,Full_Day,6,26,4,0,1,485.4906,2.0,1,0,0,0
0,Early_Return,6,57,4,0,1,381.0,0.0,1,0,0,0
0,Long_Term,6,47,2,0,1,234.0,0.0,1,1,0,0
0,Early_Return,7,8,1,0,1,1489.3333333333333,0.0,1,1,0,0
0,Long_Term,7,43,4,0,1,1136.0,0.0,1,0,0,0
0,Early_Return,11,52,5,1,1,1309.4,0.0,1,0,0,0
1,Early_Return,7,19,2,0,1,1271.2,0.0,1,1,0,0
0,Full_Day,7,22,1,0,1,485.4906,0.0,1,1,0,0
0,Full_Day,6,18,2,0,1,483.0,0.0,1,0,0,0
0,Early_Return,7,9,1,0,1,497.5,0.0,1,1,0,0
0,Long_Term,7,10,4,0,1,396.6666666666667,0.0,1,0,0,0
0,Early_Return,7,1,0,0,1,1343.25,0.0,1,0,0,0
0,Full_Day,12,40,2,0,0,1103.8,0.0,1,0,1,0
0,Full_Day,13,33,0,0,0,1075.6,0.0,1,0,0,0
0,Full_Day,13,20,5,1,0,1043.4,0.0,1,0,1,0
1,Full_Day,6,50,5,1,1,1095.8,0.0,1,0,0,0
1,Early_Return,6,42,1,0,1,360.2,0.0,1,0,0,0
0,Full_Day,12,50,1,0,0,485.4906,0.0,1,0,1,0
0,Early_Return,7,28,3,0,1,457.0,0.0,1,1,0,0
0,Early_Return,6,14,0,0,1,286.5,0.0,1,1,0,0
0,Early_Return,7,20,2,0,1,249.0,0.0,1,0,1,0
0,Full_Day,13,2,3,0,0,236.75,0.0,1,1,0,0
0,Full_Day,7,9,6,1,1,242.4,0.0,1,1,0,0
0,Full_Day,7,17,0,0,1,248.8,0.0,1,1,0,0
0,Early_Return,13,5,2,0,0,284.8,0.0,1,1,0,0
0,Early_Return,7,36,6,1,1,288.6,0.0,1,1,0,0
0,Full_Day,7,17,3,0,1,261.4,0.0,1,0,1,0
0,Early_Return,7,17,0,0,1,283.8,0.0,1,0,0,1
1,Full_Day,7,5,3,0,1,200.0,0.0,1,1,0,0
1,Early_Return,6,48,1,0,1,190.6,0.0,1,0,0,0
1,Early_Return,6,41,6,1,1,179.0,0.0,1,0,0,0
1,Full_Day,7,19,0,0,1,202.8,0.0,0,0,1,0
0,Full_Day,12,40,5,1,0,485.4906,0.0,1,0,0,0
0,Overnight,13,14,0,0,0,272.0,0.0,1,0,0,0
0,Early_Return,7,15,5,1,1,698.5,1.0,1,0,0,1
0,Early_Return,7,5,5,1,1,534.3333333333334,1.0,1,1,0,0
0,Early_Return,14,11,0,0,0,430.75,1.0,0,0,0,0
0,Early_Return,6,55,2,0,1,360.8,1.0,1,1,0,0
0,Early_Return,12,53,3,0,0,328.0,1.0,1,1,0,0
0,Full_Day,12,56,2,0,0,121.0,1.0,1,1,0,0
0,Full_Day,13,12,1,0,0,150.0,1.0,1,0,0,1
0,Early_Return,12,15,1,0,0,227.4,1.0,1,1,0,0
1,Long_Term,7,33,1,0,1,230.2,1.0,1,0,0,0
0,Full_Day,7,28,1,0,1,485.4906,1.0,1,0,1,0
0,Full_Day,6,53,6,1,1,333.0,0.0,1,0,0,0
0,Full_Day,12,49,3,0,0,360.5,0.0,1,1,0,0
0,Early_Return,6,24,1,0,1,334.3333333333333,0.0,1,0,0,0
0,Full_Day,13,43,5,1,0,288.0,0.0,1,1,0,0
1,Early_Return,12,50,0,0,0,314.0,0.0,1,0,1,0
1,Early_Return,12,32,2,0,0,273.8,0.0,1,0,1,0
0,Early_Return,12,45,3,0,0,485.4906,0.0,1,0,0,0
0,Full_Day,6,42,2,0,1,78.0,0.0,1,1,0,0
0,Full_Day,7,9,2,0,1,268.0,0.0,1,0,1,0
0,Overnight,13,3,0,0,0,312.6666666666667,0.0,1,0,0,0
1,Overnight,7,9,4,0,1,434.5,1.0,1,0,0,1
1,Full_Day,11,24,6,1,1,615.4,2.0,1,1,0,0
1,Full_Day,7,0,1,0,1,672.6,2.0,1,0,0,1
0,Early_Return,6,53,3,0,1,485.4906,2.0,1,1,0,0
0,Early_Return,6,12,0,0,1,112.0,0.0,1,1,0,0
0,Full_Day,6,42,3,0,1,132.5,0.0,1,0,0,0
0,Early_Return,12,25,3,0,0,204.33333333333334,0.0,1,0,1,0
1,Overnight,12,58,3,0,0,205.25,0.0,1,0,0,0
1,Full_Day,13,3,2,0,0,379.8,1.0,1,0,0,0
0,Full_Day,12,55,6,1,0,485.4906,1.0,1,0,0,0
0,Early_Return,12,45,3,0,0,516.0,0.0,1,0,0,0
0,Full_Day,12,12,5,1,0,313.5,0.0,1,0,0,0
0,Early_Return,6,56,4,0,1,353.6666666666667,0.0,1,1,0,0
0,Full_Day,7,27,1,0,1,291.0,0.0,1,1,0,0
1,Full_Day,7,27,3,0,1,294.6,0.0,1,0,0,0
0,Early_Return,7,19,6,1,1,485.4906,0.0,1,0,0,0
0,Full_Day,7,7,5,1,1,189.0,0.0,1,1,0,0
0,Early_Return,7,32,1,0,1,327.0,0.0,1,0,0,0
0,Full_Day,6,51,2,0,1,252.33333333333334,0.0,1,0,0,0
0,Full_Day,6,39,5,1,1,283.0,0.0,1,0,0,0
0,Early_Return,6,38,1,0,1,299.2,0.0,1,0,1,0
0,Early_Return,6,20,1,0,1,290.6,0.0,1,0,0,0
0,Early_Return,7,32,0,0,1,238.0,0.0,1,0,0,0
0,Early_Return,8,7,0,0,1,238.6,0.0,1,0,1,0
0,Early_Return,6,39,3,0,1,201.0,0.0,1,1,0,0
0,Early_Return,7,0,0,0,1,485.4906,0.0,1,0,0,0
0,Full_Day,11,56,1,0,1,139.0,0.0,1,0,0,0
0,Full_Day,11,55,3,0,1,202.0,0.0,1,0,0,0
0,Full_Day,7,58,4,0,1,220.33333333333334,0.0,1,0,0,0
1,Early_Return,7,21,2,0,1,269.75,0.0,1,0,1,0
0,Full_Day,6,48,3,0,1,485.4906,0.0,1,0,1,0
0,Full_Day,7,37,5,1,1,314.0,0.0,1,0,0,1
0,Full_Day,7,0,0,0,1,331.5,0.0,1,1,0,0
0,Overnight,6,51,0,0,1,360.3333333333333,0.0,1,0,1,0
0,Overnight,7,24,1,0,1,502.0,1.0,0,0,1,0
0,Full_Day,12,31,5,1,0,658.8,2.0,1,1,0,0
0,Full_Day,6,50,6,1,1,657.4,2.0,1,0,0,0
1,Full_Day,6,21,1,0,1,665.8,2.0,1,0,1,0
1,Early_Return,6,33,2,0,1,656.4,2.0,1,0,0,0
0,Early_Return,6,32,2,0,1,485.4906,2.0,1,1,0,0
0,Full_Day,13,13,0,0,0,62.0,0.0,1,0,1,0
0,Early_Return,13,8,1,0,0,184.0,0.0,1,1,0,0
0,Overnight,6,25,3,0,1,179.0,0.0,1,0,0,0
0,Full_Day,7,9,4,0,1,371.25,1.0,1,0,1,0
0,Early_Return,7,59,3,0,1,366.8,1.0,1,1,0,0
0,Early_Return,7,0,4,0,1,387.6,1.0,1,0,0,0
0,Full_Day,6,48,6,1,1,356.8,1.0,1,0,0,0
0,Full_Day,6,44,1,0,1,424.2,1.0,1,0,0,0
0,Full_Day,13,4,1,0,0,288.6,1.0,1,1,0,0
0,Full_Day,7,23,0,0,1,294.2,1.0,1,0,0,0
0,Early_Return,7,29,1,0,1,356.8,1.0,1,0,0,0
0,Full_Day,7,32,2,0,1,352.2,1.0,1,0,0,0
0,Full_Day,7,27,1,0,1,326.0,1.0,1,1,0,0
0,Full_Day,6,58,4,0,1,374.4,1.0,1,0,0,0
1,Full_Day,7,52,5,1,1,368.0,1.0,1,0,0,0
0,Full_Day,13,15,5,1,0,485.4906,1.0,1,0,0,0
0,Early_Return,7,10,5,1,1,485.0,0.0,1,0,0,1
0,Early_Return,12,23,4,0,0,301.5,0.0,1,0,1,0
0,Early_Return,13,11,6,1,0,252.66666666666666,0.0,1,0,0,0
0,Full_Day,11,58,0,0,1,226.5,0.0,1,0,0,0
0,Early_Return,6,48,0,0,1,273.6,0.0,1,0,0,0
0,Early_Return,6,58,3,0,1,198.6,0.0,1,0,0,0
0,Early_Return,12,53,6,1,0,190.6,0.0,1,0,1,0
0,Full_Day,6,50,1,0,1,177.6,0.0,1,1,0,0
0,Full_Day,5,42,6,1,1,212.0,0.0,1,1,0,0
0,Full_Day,12,40,4,0,0,485.4906,0.0,1,0,1,0
0,Full_Day,7,21,5,1,1,329.0,0.0,1,0,1,0
0,Early_Return,12,16,5,1,0,329.0,0.0,1,1,0,0
0,Full_Day,6,35,0,0,1,485.4906,0.0,1,0,0,1
0,Early_Return,6,17,4,0,1,393.0,0.0,1,1,0,0
0,Early_Return,7,22,5,1,1,251.5,0.0,1,1,0,0
0,Long_Term,7,6,0,0,1,209.0,0.0,1,0,0,0
0,Overnight,6,50,2,0,1,714.0,0.0,1,0,1,0
0,Full_Day,12,59,2,0,0,797.6,1.0,1,0,0,0
0,Early_Return,7,11,6,1,1,783.6,1.0,1,0,0,0
1,Early_Return,7,36,0,0,1,802.2,1.0,1,0,0,0
0,Early_Return,12,50,3,0,0,485.4906,1.0,1,0,1,0
0,Early_Return,8,9,3,0,1,191.0,0.0,1,0,1,0
0,Early_Return,6,49,4,0,1,198.0,0.0,1,0,1,0
0,Full_Day,7,20,3,0,1,158.33333333333334,0.0,1,1,0,0
0,Overnight,12,39,1,0,0,223.0,0.0,1,0,1,0
0,Full_Day,6,54,4,0,1,404.4,1.0,1,0,0,0
0,Full_Day,7,16,6,1,1,451.0,1.0,1,1,0,0
0,Full_Day,6,1,2,0,1,491.2,1.0,1,0,0,0
0,Full_Day,7,10,4,0,1,485.4906,1.0,1,1,0,0
0,Full_Day,6,29,0,0,1,272.0,0.0,1,0,1,0
0,Early_Return,7,36,5,1,1,310.0,0.0,1,0,0,0
0,Early_Return,13,25,0,0,0,257.6666666666667,0.0,1,1,0,0
1,Full_Day,12,10,3,0,0,236.0,0.0,1,1,0,0
1,Full_Day,6,30,0,0,1,262.6,0.0,1,0,1,0
0,Full_Day,12,5,1,0,0,485.4906,0.0,1,0,1,0
0,Early_Return,7,40,3,0,1,412.0,0.0,1,1,0,0
0,Full_Day,7,35,1,0,1,290.0,0.0,1,1,0,0
0,Full_Day,6,54,3,0,1,312.6666666666667,0.0,1,1,0,0
0,Full_Day,12,22,3,0,0,341.5,0.0,1,1,0,0
0,Full_Day,6,51,3,0,1,359.8,0.0,1,1,0,0
0,Full_Day,6,55,4,0,1,331.8,0.0,1,0,0,0
1,Full_Day,7,17,1,0,1,361.6,0.0,1,0,1,0
0,Early_Return,7,23,1,0,1,485.4906,0.0,1,0,0,0
0,Overnight,7,47,5,1,1,66.0,0.0,1,0,0,0
0,Early_Return,11,59,2,0,1,562.0,1.0,1,1,0,0
0,Early_Return,6,46,2,0,1,399.0,1.0,1,1,0,0
0,Full_Day,13,7,3,0,0,316.0,1.0,1,1,0,0
0,Early_Return,13,1,2,0,0,351.6,1.0,1,0,0,0
0,Early_Return,12,53,6,1,0,485.4906,1.0,1,0,1,0
0,Full_Day,6,58,1,0,1,64.0,0.0,1,0,0,0
0,Long_Term,6,34,3,0,1,179.0,0.0,1,0,1,0
0,Early_Return,6,58,5,1,1,1243.6666666666667,0.0,1,0,0,0
1,Early_Return,7,20,2,0,1,968.75,0.0,1,0,0,1
1,Overnight,6,31,3,0,1,787.8,0.0,1,0,0,1
1,Full_Day,6,43,2,0,1,993.0,1.0,1,1,0,0
1,Full_Day,7,2,2,0,1,1031.4,1.0,1,1,0,0
0,Full_Day,6,39,0,0,1,485.4906,1.0,1,0,0,0
0,Long_Term,6,45,2,0,1,318.0,0.0,1,0,0,0
0,Overnight,13,7,2,0,0,916.0,0.0,1,0,0,1
0,Overnight,6,53,4,0,1,924.0,1.0,1,0,1,0
0,Long_Term,6,46,3,0,1,1042.75,2.0,1,1,0,0
0,Full_Day,7,19,0,0,1,1325.2,2.0,1,0,0,1
0,Long_Term,6,52,5,1,1,485.4906,2.0,1,0,0,1
0,Long_Term,6,55,1,0,1,4305.0,0.0,1,0,0,1
0,Full_Day,6,7,2,0,1,2894.0,0.0,1,0,0,0
0,Overnight,7,13,1,0,1,485.4906,0.0,1,0,0,0
0,Full_Day,12,2,2,0,0,1395.0,1.0,1,0,0,1
0,Full_Day,6,24,4,0,1,877.0,1.0,1,1,0,0
0,Overnight,12,55,1,0,0,676.3333333333334,1.0,1,1,0,0
1,Long_Term,7,4,3,0,1,820.0,2.0,1,0,0,0
0,Full_Day,6,24,0,0,1,485.4906,2.0,1,1,0,0
0,Early_Return,6,45,6,1,1,278.0,0.0,1,1,0,0
0,Long_Term,6,50,4,0,1,225.0,0.0,1,0,0,0
1,Early_Return,6,46,5,1,1,1087.6666666666667,0.0,1,0,0,0
0,Full_Day,6,13,4,0,1,485.4906,0.0,1,1,0,0
0,Early_Return,7,17,3,0,1,365.0,0.0,1,0,1,0
0,Early_Return,12,49,2,0,0,270.0,0.0,1,0,1,0
0,Full_Day,7,25,0,0,1,485.4906,0.0,1,1,0,0
0,Full_Day,6,40,5,1,1,268.0,0.0,1,0,0,1
0,Full_Day,12,44,5,1,0,318.0,0.0,1,0,0,1
0,Overnight,13,15,6,1,0,365.0,0.0,1,0,0,1
0,Early_Return,12,36,4,0,0,466.0,1.0,1,0,0,0
0,Full_Day,7,4,6,1,1,408.6,1.0,1,0,0,0
0,Full_Day,6,18,0,0,1,435.2,1.0,1,1,0,0
1,Full_Day,12,33,3,0,0,411.2,1.0,1,0,0,0
0,Overnight,6,57,6,1,1,485.4906,1.0,1,1,0,0
0,Overnight,6,43,3,0,1,725.0,1.0,1,0,1,0
0,Full_Day,8,12,3,0,1,1023.0,2.0,1,1,0,0
0,Early_Return,7,11,2,0,1,830.6666666666666,2.0,1,0,0,0
0,Full_Day,6,29,5,1,1,664.25,2.0,1,0,0,1
1,Early_Return,12,56,0,0,0,596.2,2.0,1,1,0,0
0,Full_Day,6,37,6,1,1,485.4906,2.0,1,1,0,0
0,Long_Term,7,11,2,0,1,273.0,0.0,1,0,1,0
0,Early_Return,12,38,4,0,0,2154.0,0.0,1,1,0,0
0,Early_Return,12,24,3,0,0,1464.6666666666667,0.0,1,1,0,0
0,Full_Day,12,47,1,0,0,1124.0,0.0,1,1,0,0
0,Full_Day,13,6,1,0,0,974.6,0.0,1,0,0,0
1,Long_Term,6,54,4,0,1,1003.2,0.0,1,0,0,0
0,Overnight,7,34,2,0,1,485.4906,0.0,1,0,0,0
0,Full_Day,12,45,2,0,0,1220.0,1.0,1,0,0,0
0,Overnight,12,20,2,0,0,856.0,1.0,1,0,0,0
0,Full_Day,6,33,0,0,1,997.6666666666666,2.0,0,1,0,0
0,Long_Term,6,54,2,0,1,822.75,2.0,1,0,0,0
0,Early_Return,7,5,1,0,1,485.4906,2.0,1,0,0,1
0,Full_Day,6,7,6,1,1,135.0,0.0,1,0,0,0
0,Overnight,7,17,6,1,1,191.0,0.0,1,1,0,0
0,Early_Return,6,6,1,0,1,442.0,1.0,1,1,0,0
0,Full_Day,6,47,4,0,1,367.25,1.0,1,0,0,0
0,Long_Term,7,58,6,1,1,366.8,1.0,1,0,0,0
0,Long_Term,7,58,6,1,1,964.4,1.0,1,0,0,0
1,Early_Return,7,31,0,0,1,1632.4,1.0,1,0,0,1
1,Full_Day,6,56,0,0,1,1484.8,1.0,1,0,1,0
0,Long_Term,12,49,6,1,0,485.4906,1.0,1,0,0,0
1,Early_Return,7,54,3,0,1,1984.0,0.0,1,1,0,0
1,Early_Return,6,37,5,1,1,1029.0,0.0,1,0,0,0
0,Overnight,12,50,1,0,0,485.4906,0.0,1,0,0,0
0,Full_Day,6,55,2,0,1,1312.0,1.0,1,0,0,0
0,Full_Day,8,51,3,0,1,789.0,1.0,1,0,0,1
0,Early_Return,7,39,6,1,1,689.6666666666666,1.0,1,1,0,0
0,Full_Day,6,57,0,0,1,564.75,1.0,1,0,0,1
0,Full_Day,13,30,1,0,0,506.6,1.0,1,0,0,0
0,Long_Term,12,21,4,0,0,316.4,1.0,1,0,0,1
0,Full_Day,11,49,4,0,1,611.2,1.0,1,1,0,0
0,Full_Day,11,56,3,0,1,613.6,1.0,1,1,0,0
0,Full_Day,8,1,6,1,1,650.2,1.0,1,1,0,0
0,Full_Day,7,9,3,0,1,694.8,1.0,1,1,0,0
1,Full_Day,7,19,1,0,1,681.8,1.0,1,0,0,0
1,Full_Day,12,48,2,0,0,383.0,1.0,1,1,0,0
1,Full_Day,7,27,4,0,1,383.0,1.0,1,0,1,0
1,Full_Day,12,49,5,1,0,400.0,1.0,1,1,0,0
0,Full_Day,7,43,4,0,1,485.4906,1.0,1,0,0,1
0,Full_Day,11,54,0,0,1,480.0,0.0,1,0,0,1
0,Full_Day,6,55,6,1,1,474.0,0.0,1,0,0,0
0,Early_Return,12,12,1,0,0,464.0,0.0,1,0,1,0
0,Long_Term,6,42,0,0,1,391.25,0.0,1,0,0,1
0,Early_Return,6,55,4,0,1,1105.0,0.0,1,1,0,0
0,Early_Return,12,23,0,0,0,1031.2,0.0,1,1,0,0
0,Full_Day,6,25,1,0,1,972.6,0.0,1,0,0,0
0,Overnight,7,27,4,0,1,966.8,0.0,1,0,0,0
0,Full_Day,12,41,2,0,0,1173.2,1.0,1,0,0,1
0,Full_Day,12,28,4,0,0,446.0,1.0,1,0,1,0
0,Full_Day,6,17,2,0,1,485.4906,1.0,1,0,0,1
0,Overnight,8,28,1,0,1,434.0,0.0,1,0,0,0
0,Full_Day,7,12,0,0,1,595.5,1.0,1,0,0,0
0,Early_Return,12,55,4,0,0,517.6666666666666,1.0,1,1,0,0
0,Early_Return,13,41,5,1,0,409.5,1.0,1,1,0,0
0,Full_Day,13,14,5,1,0,349.4,1.0,1,0,1,0
0,Full_Day,7,30,5,1,1,349.0,1.0,1,1,0,0
0,Early_Return,7,4,0,0,1,275.0,1.0,1,1,0,0
0,Full_Day,12,7,1,0,0,485.4906,1.0,1,0,0,1
0,Full_Day,13,19,2,0,0,300.0,0.0,1,0,1,0
0,Overnight,6,36,1,0,1,298.5,0.0,1,0,0,1
0,Early_Return,6,30,4,0,1,485.4906,1.0,1,1,0,0
0,Full_Day,6,56,1,0,1,99.0,0.0,1,0,0,1
0,Overnight,12,58,0,0,0,170.0,0.0,1,0,0,0
0,Early_Return,12,43,1,0,0,526.3333333333334,1.0,1,0,0,0
0,Early_Return,7,34,3,0,1,422.25,1.0,1,0,0,0
0,Full_Day,6,50,4,0,1,360.2,1.0,1,0,0,0
0,Early_Return,6,47,4,0,1,429.2,1.0,1,0,0,0
0,Early_Return,7,45,0,0,1,485.4906,1.0,1,0,0,1
0,Full_Day,6,27,6,1,1,196.0,0.0,1,0,0,0
0,Overnight,7,14,0,0,1,267.0,0.0,1,0,1,0
0,Full_Day,6,6,1,0,1,494.0,1.0,1,1,0,0
0,Full_Day,7,17,4,0,1,435.5,1.0,1,0,0,0
0,Full_Day,12,17,6,1,0,397.4,1.0,1,0,1,0
0,Full_Day,12,44,2,0,0,448.6,1.0,1,0,0,0
0,Full_Day,6,53,6,1,1,436.6,1.0,1,1,0,0
0,Early_Return,12,57,6,1,0,344.8,1.0,1,0,0,0
0,Full_Day,8,10,6,1,1,485.4906,1.0,1,0,1,0
0,Full_Day,7,17,4,0,1,246.0,0.0,1,0,0,0
0,Full_Day,12,27,6,1,0,354.0,0.0,1,0,0,0
0,Full_Day,7,21,0,0,1,324.0,0.0,1,0,0,1
0,Early_Return,6,42,6,1,1,360.5,0.0,1,1,0,0
1,Early_Return,6,45,2,0,1,327.0,0.0,1,0,0,0
1,Overnight,5,49,2,0,1,311.6,0.0,1,0,1,0
0,Full_Day,6,36,5,1,1,485.4906,1.0,1,0,0,0
0,Early_Return,13,22,1,0,0,368.0,0.0,1,0,1,0
0,Full_Day,12,49,2,0,0,237.5,0.0,1,0,1,0
0,Full_Day,6,32,4,0,1,259.0,0.0,1,0,1,0
0,Full_Day,13,2,5,1,0,304.0,0.0,1,0,1,0
0,Full_Day,6,57,1,0,1,317.8,0.0,1,1,0,0
0,Overnight,7,10,4,0,1,305.6,0.0,1,0,0,0
0,Early_Return,7,17,0,0,1,522.6,1.0,0,0,0,0
0,Early_Return,13,11,5,1,0,485.2,1.0,1,0,0,0
1,Overnight,6,20,3,0,1,438.2,1.0,1,0,1,0
1,Full_Day,7,35,0,0,1,574.0,2.0,1,0,0,0
0,Full_Day,12,25,3,0,0,485.4906,2.0,1,0,1,0
0,Full_Day,6,59,6,1,1,383.0,0.0,1,0,0,0
0,Early_Return,12,14,0,0,0,321.0,0.0,1,0,0,0
0,Full_Day,6,52,3,0,1,269.3333333333333,0.0,1,0,1,0
0,Early_Return,6,44,0,0,1,328.5,0.0,1,1,0,0
0,Overnight,8,5,4,0,1,275.6,0.0,1,0,0,0
1,Full_Day,12,54,0,0,0,480.8,1.0,1,0,1,0
1,Early_Return,12,47,1,0,0,517.2,1.0,1,0,0,0
1,Overnight,6,55,1,0,1,496.2,1.0,1,0,1,0
0,Early_Return,7,56,0,0,1,485.4906,2.0,1,0,0,0
0,Early_Return,7,8,2,0,1,172.0,0.0,1,1,0,0
0,Full_Day,7,34,5,1,1,180.5,0.0,1,0,0,0
0,Overnight,13,3,1,0,0,247.66666666666666,0.0,1,0,0,1
0,Full_Day,7,25,5,1,1,470.0,1.0,1,0,1,0
0,Full_Day,13,5,2,0,0,456.0,1.0,1,1,0,0
0,Full_Day,6,14,3,0,1,514.6,1.0,1,0,0,0
0,Early_Return,7,28,4,0,1,583.8,1.0,1,0,0,0
0,Full_Day,13,8,5,1,0,525.0,1.0,1,0,0,1
0,Early_Return,7,8,6,1,1,354.4,1.0,1,0,0,0
1,Overnight,7,50,2,0,1,302.8,1.0,1,1,0,0
0,Overnight,7,7,1,0,1,485.4906,2.0,1,0,0,0
0,Full_Day,12,11,2,0,0,919.0,1.0,1,0,1,0
0,Long_Term,6,54,2,0,1,663.0,1.0,1,1,0,0
0,Full_Day,12,50,0,0,0,1275.0,1.0,1,1,0,0
0,Early_Return,12,47,0,0,0,1050.25,1.0,1,0,1,0
0,Full_Day,12,54,0,0,0,862.0,1.0,1,1,0,0
0,Full_Day,6,42,0,0,1,780.4,1.0,1,0,1,0
0,Full_Day,13,36,2,0,0,787.0,1.0,1,0,0,0
1,Full_Day,6,51,1,0,1,352.0,1.0,1,0,0,0
0,Overnight,6,57,0,0,1,485.4906,1.0,1,0,0,0
0,Early_Return,12,31,2,0,0,1000.0,1.0,1,0,0,0
0,Overnight,12,59,3,0,0,555.5,1.0,1,1,0,0
0,Early_Return,6,39,2,0,1,660.3333333333334,2.0,1,0,0,0
0,Full_Day,5,48,4,0,1,523.0,2.0,1,0,1,0
0,Full_Day,6,40,2,0,1,507.2,2.0,1,1,0,0
0,Full_Day,11,56,4,0,1,394.8,2.0,1,1,0,0
0,Full_Day,12,32,4,0,0,485.4906,2.0,1,0,0,0
0,Long_Term,11,48,6,1,1,374.0,0.0,1,0,0,0
0,Early_Return,7,27,0,0,1,1458.5,0.0,1,1,0,0
0,Early_Return,7,28,4,0,1,1032.3333333333333,0.0,1,0,1,0
0,Full_Day,7,0,0,0,1,789.5,0.0,1,0,0,1
0,Early_Return,6,47,4,0,1,679.6,0.0,1,0,0,0
0,Full_Day,7,15,4,0,1,633.2,0.0,1,0,1,0
0,Overnight,13,49,2,0,0,187.4,0.0,1,0,0,1
0,Early_Return,7,2,3,0,1,434.0,1.0,1,0,0,0
0,Full_Day,6,6,6,1,1,452.2,1.0,1,1,0,0
0,Early_Return,7,42,2,0,1,491.2,1.0,1,0,0,0
0,Full_Day,6,56,6,1,1,485.4906,1.0,1,0,0,0
0,Early_Return,12,41,6,1,0,327.0,0.0,1,0,0,0
0,Early_Return,13,13,3,0,0,256.5,0.0,1,0,0,0
1,Early_Return,12,51,1,0,0,206.66666666666666,0.0,1,1,0,0
1,Early_Return,7,14,0,0,1,173.5,0.0,1,0,0,1
1,Full_Day,12,31,0,0,0,159.6,0.0,1,1,0,0
0,Early_Return,7,12,6,1,1,485.4906,0.0,1,0,1,0
0,Full_Day,12,28,5,1,0,135.0,0.0,1,0,1,0
0,Full_Day,7,28,0,0,1,308.5,0.0,1,1,0,0
0,Early_Return,8,14,4,0,1,311.3333333333333,0.0,1,0,0,0
0,Long_Term,7,19,3,0,1,261.0,0.0,1,0,0,0
0,Overnight,7,7,0,0,1,638.0,0.0,1,0,0,0
0,Full_Day,12,56,5,1,0,485.4906,1.0,1,0,1,0
0,Full_Day,7,53,0,0,1,292.0,0.0,1,0,0,0
0,Overnight,13,20,2,0,0,354.0,0.0,1,1,0,0
0,Full_Day,6,28,4,0,1,656.0,1.0,1,1,0,0
0,Overnight,8,4,1,0,1,603.0,1.0,1,1,0,0
0,Full_Day,12,7,6,1,0,728.6,2.0,1,1,0,0
1,Full_Day,8,7,2,0,1,768.0,2.0,1,1,0,0
0,Full_Day,7,5,2,0,1,485.4906,2.0,1,0,0,1
0,Early_Return,7,13,2,0,1,270.0,0.0,1,0,1,0
0,Early_Return,6,43,2,0,1,215.5,0.0,1,0,0,0
0,Early_Return,8,4,5,1,1,198.0,0.0,1,0,1,0
0,Early_Return,12,3,3,0,0,197.0,0.0,1,1,0,0
0,Overnight,12,59,4,0,0,182.4,0.0,1,0,0,1
0,Early_Return,6,40,6,1,1,377.2,1.0,1,0,0,1
1,Full_Day,12,48,5,1,0,372.8,1.0,1,0,0,0
0,Early_Return,7,13,2,0,1,485.4906,1.0,1,0,0,0
0,Full_Day,7,11,3,0,1,69.0,0.0,1,0,0,0
0,Early_Return,6,17,2,0,1,253.5,0.0,1,0,0,0
0,Full_Day,13,5,4,0,0,233.66666666666666,0.0,1,0,1,0
0,Full_Day,12,30,6,1,0,296.0,0.0,1,1,0,0
0,Full_Day,7,8,2,0,1,341.6,0.0,1,1,0,0
1,Early_Return,13,12,3,0,0,422.4,0.0,1,1,0,0
0,Full_Day,7,41,1,0,1,485.4906,0.0,1,0,1,0
0,Early_Return,6,55,4,0,1,290.0,0.0,1,0,0,0
0,Early_Return,6,56,5,1,1,241.5,0.0,1,0,1,0
0,Full_Day,7,0,5,1,1,209.0,0.0,1,0,1,0
0,Overnight,7,11,2,0,1,249.0,0.0,1,0,0,1
0,Full_Day,6,43,3,0,1,462.4,1.0,1,0,1,0
0,Full_Day,12,57,1,0,0,509.0,1.0,0,0,1,0
0,Overnight,12,33,2,0,0,530.8,1.0,1,1,0,0
0,Early_Return,6,55,3,0,1,711.2,2.0,1,0,1,0
0,Long_Term,7,16,4,0,1,663.2,2.0,1,0,0,0
0,Long_Term,7,8,3,0,1,1211.6,2.0,0,0,0,1
1,Full_Day,6,1,3,0,1,1557.8,2.0,1,0,0,0
1,Overnight,12,26,0,0,0,1564.6,2.0,1,0,0,0
0,Early_Return,12,15,0,0,0,485.4906,3.0,1,0,1,0
0,Early_Return,7,44,4,0,1,122.0,0.0,1,0,0,0
0,Full_Day,7,5,3,0,1,96.5,0.0,1,0,1,0
0,Full_Day,13,0,0,0,0,185.33333333333334,0.0,1,0,0,0
0,Early_Return,6,44,3,0,1,262.25,0.0,1,0,0,0
0,Early_Return,7,3,4,0,1,221.8,0.0,1,0,0,0
1,Full_Day,13,38,4,0,0,212.2,0.0,1,0,0,1
0,Full_Day,6,9,3,0,1,485.4906,0.0,1,0,1,0
0,Full_Day,12,40,1,0,0,452.0,0.0,1,0,1,0
0,Full_Day,13,7,1,0,0,438.0,0.0,1,0,0,1
0,Long_Term,13,18,3,0,0,381.0,0.0,1,0,0,0
0,Full_Day,13,23,3,0,0,1355.0,0.0,1,1,0,0
1,Early_Return,6,32,3,0,1,1139.4,0.0,1,0,1,0
0,Full_Day,7,24,1,0,1,485.4906,0.0,1,0,0,0
0,Full_Day,6,4,0,0,1,486.0,0.0,1,1,0,0
0,Full_Day,7,52,4,0,1,410.5,0.0,1,1,0,0
0,Early_Return,13,35,3,0,0,389.0,0.0,1,1,0,0
0,Early_Return,7,4,1,0,1,327.0,0.0,1,0,0,0
0,Full_Day,6,3,5,1,1,300.0,0.0,1,0,0,1
1,Early_Return,7,3,5,1,1,272.4,0.0,1,0,0,0
0,Full_Day,12,56,1,0,0,485.4906,0.0,1,0,1,0
0,Full_Day,12,28,6,1,0,425.0,0.0,1,1,0,0
0,Full_Day,7,22,6,1,1,346.5,0.0,1,0,0,0
0,Early_Return,13,8,1,0,0,385.6666666666667,0.0,1,1,0,0
0,Full_Day,12,32,4,0,0,328.25,0.0,1,0,0,0
0,Full_Day,7,24,0,0,1,318.4,0.0,1,1,0,0
0,Full_Day,11,45,3,0,1,319.0,0.0,1,1,0,0
1,Overnight,8,8,2,0,1,319.2,0.0,1,0,0,1
0,Early_Return,7,12,5,1,1,485.4906,1.0,1,0,1,0
0,Overnight,7,30,3,0,1,124.0,0.0,1,0,0,0
0,Full_Day,5,51,6,1,1,574.5,1.0,1,0,0,0
0,Early_Return,6,56,6,1,1,508.3333333333333,1.0,1,0,0,1
0,Early_Return,6,39,6,1,1,409.75,1.0,1,1,0,0
0,Full_Day,6,44,4,0,1,364.2,1.0,1,1,0,0
0,Full_Day,8,2,1,0,1,438.6,1.0,1,0,0,0
1,Full_Day,7,2,1,0,1,317.8,1.0,1,0,0,0
1,Early_Return,12,59,2,0,0,341.2,1.0,1,1,0,0
0,Full_Day,6,47,4,0,1,485.4906,1.0,1,0,0,1
0,Full_Day,6,11,6,1,1,522.0,0.0,1,0,0,0
0,Long_Term,12,16,1,0,0,469.0,0.0,1,0,1,0
0,Full_Day,12,53,4,0,0,1386.6666666666667,0.0,1,0,1,0
1,Early_Return,6,3,2,0,1,1118.5,0.0,1,0,0,0
1,Full_Day,13,5,6,1,0,934.4,0.0,1,0,1,0
0,Overnight,7,15,5,1,1,485.4906,0.0,1,0,0,0
0,Early_Return,12,57,5,1,0,1107.0,1.0,1,0,0,0
0,Full_Day,6,47,5,1,1,595.0,1.0,1,0,0,1
0,Full_Day,11,55,4,0,1,487.0,1.0,1,0,0,0
0,Early_Return,6,55,1,0,1,480.25,1.0,1,0,0,0
0,Full_Day,6,56,1,0,1,406.2,1.0,1,0,0,0
0,Full_Day,12,44,3,0,0,280.0,1.0,1,0,0,0
1,Long_Term,7,6,1,0,1,345.4,1.0,1,0,0,0
1,Early_Return,6,3,2,0,1,645.0,1.0,1,1,0,0
1,Early_Return,7,12,2,0,1,593.2,1.0,1,0,0,0
1,Full_Day,13,18,3,0,0,585.6,1.0,1,0,1,0
0,Full_Day,12,50,5,1,0,485.4906,1.0,1,1,0,0
0,Long_Term,6,15,4,0,1,247.0,0.0,1,0,1,0
0,Early_Return,7,11,4,0,1,941.5,0.0,1,1,0,0
0,Early_Return,6,18,6,1,1,694.6666666666666,0.0,1,0,0,0
0,Early_Return,7,6,6,1,1,557.0,0.0,1,1,0,0
0,Early_Return,6,21,5,1,1,477.8,0.0,1,0,1,0
0,Full_Day,6,48,3,0,1,458.8,0.0,1,0,0,0
0,Overnight,7,43,1,0,1,208.4,0.0,1,0,0,0
1,Full_Day,13,22,0,0,0,407.6,1.0,1,1,0,0
0,Overnight,6,56,4,0,1,485.4906,1.0,1,0,1,0
0,Early_Return,6,51,1,0,1,1259.0,1.0,1,1,0,0
0,Full_Day,13,10,4,0,0,711.0,1.0,1,0,1,0
0,Overnight,7,5,5,1,1,599.6666666666666,1.0,1,1,0,0
0,Early_Return,7,40,6,1,1,655.75,2.0,1,0,1,0
0,Early_Return,6,47,6,1,1,485.4906,2.0,1,0,1,0
0,Early_Return,7,15,0,0,1,117.0,0.0,1,0,0,0
0,Full_Day,7,14,3,0,1,95.5,0.0,1,1,0,0
0,Overnight,7,21,5,1,1,177.0,0.0,1,1,0,0
0,Full_Day,12,36,2,0,0,440.75,1.0,1,0,0,0
1,Full_Day,6,39,3,0,1,416.8,1.0,1,0,0,0
1,Full_Day,6,19,4,0,1,498.0,1.0,1,0,0,0
0,Full_Day,7,39,6,1,1,485.4906,1.0,1,0,0,0
0,Full_Day,11,56,3,0,1,469.0,0.0,1,0,0,0
0,Long_Term,13,21,3,0,0,401.0,0.0,1,0,0,0
0,Full_Day,6,50,0,0,1,1301.0,0.0,1,0,0,0
0,Early_Return,12,52,6,1,0,1036.5,0.0,1,0,0,0
0,Early_Return,12,40,1,0,0,485.4906,0.0,1,0,0,0
0,Full_Day,11,39,3,0,1,133.0,0.0,1,0,0,0
0,Full_Day,6,34,5,1,1,303.5,0.0,1,0,0,0
0,Overnight,6,42,6,1,1,377.3333333333333,0.0,1,0,0,0
0,Full_Day,7,38,4,0,1,522.25,1.0,1,0,1,0
0,Full_Day,12,38,6,1,0,504.8,1.0,1,0,0,0
1,Full_Day,7,54,4,0,1,551.0,1.0,1,0,1,0
0,Early_Return,6,43,6,1,1,485.4906,1.0,1,1,0,0
0,Early_Return,6,25,1,0,1,126.0,0.0,1,1,0,0
0,Early_Return,6,11,4,0,1,125.5,0.0,1,0,1,0
0,Overnight,13,4,1,0,0,137.0,0.0,1,1,0,0
0,Overnight,12,59,2,0,0,357.5,1.0,1,1,0,0
1,Overnight,13,3,1,0,0,468.2,2.0,1,1,0,0
0,Full_Day,13,7,1,0,0,485.4906,3.0,1,1,0,0
0,Long_Term,12,45,4,0,0,354.0,0.0,1,0,1,0
0,Early_Return,7,5,1,0,1,1657.0,0.0,1,1,0,0
0,Full_Day,12,55,2,0,0,1149.0,0.0,1,1,0,0
0,Early_Return,6,57,2,0,1,946.5,0.0,1,0,1,0
0,Full_Day,7,19,6,1,1,773.8,0.0,1,0,0,0
0,Overnight,7,11,5,1,1,770.8,0.0,1,0,0,1
1,Full_Day,13,2,1,0,0,369.4,1.0,1,0,1,0
1,Full_Day,12,7,4,0,0,420.2,1.0,1,0,0,1
0,Early_Return,6,27,0,0,1,485.4906,1.0,1,0,1,0
1,Full_Day,6,52,2,0,1,151.0,0.0,1,0,0,1
0,Full_Day,7,10,0,0,1,485.4906,0.0,1,1,0,0
0,Early_Return,6,28,3,0,1,304.0,0.0,1,0,0,0
0,Full_Day,7,42,3,0,1,201.5,0.0,1,0,0,0
0,Overnight,6,40,3,0,1,303.0,0.0,0,1,0,0
0,Full_Day,7,8,0,0,1,409.0,1.0,1,0,1,0
1,Full_Day,6,56,1,0,1,409.8,1.0,1,0,1,0
0,Full_Day,12,54,2,0,0,485.4906,1.0,1,1,0,0
0,Full_Day,6,53,1,0,1,507.0,0.0,1,0,0,0
0,Full_Day,6,32,2,0,1,385.0,0.0,1,1,0,0
0,Overnight,12,14,4,0,0,394.3333333333333,0.0,1,0,0,1
0,Full_Day,12,46,1,0,0,649.25,1.0,1,0,1,0
0,Full_Day,6,54,2,0,1,598.2,1.0,1,0,0,0
0,Early_Return,7,28,3,0,1,591.0,1.0,1,0,0,0
1,Overnight,6,57,2,0,1,560.8,1.0,1,0,1,0
0,Overnight,7,38,6,1,1,485.4906,2.0,1,0,0,0
0,Full_Day,7,4,1,0,1,786.0,1.0,1,1,0,0
0,Long_Term,8,26,4,0,1,603.5,1.0,1,0,1,0
0,Overnight,7,10,5,1,1,1435.0,1.0,1,0,0,0
0,Early_Return,7,16,1,0,1,1401.5,2.0,1,0,1,0
0,Full_Day,7,21,2,0,1,1153.0,2.0,1,0,0,0
0,Early_Return,13,5,3,0,0,1094.6,2.0,1,0,1,0
0,Early_Return,13,16,1,0,0,485.4906,2.0,1,1,0,0
0,Early_Return,7,19,0,0,1,165.0,0.0,1,0,0,0
0,Full_Day,11,43,5,1,1,158.0,0.0,1,0,1,0
0,Full_Day,5,52,5,1,1,280.3333333333333,0.0,1,0,1,0
0,Early_Return,7,27,5,1,1,309.5,0.0,1,0,0,1
0,Early_Return,7,32,3,0,1,263.8,0.0,1,1,0,0
0,Full_Day,6,54,0,0,1,261.2,0.0,1,0,0,0
0,Early_Return,7,5,6,1,1,326.6,0.0,1,0,1,0
1,Full_Day,6,32,0,0,1,235.8,0.0,1,0,0,0
0,Full_Day,6,37,4,0,1,485.4906,0.0,1,0,0,1
0,Early_Return,6,54,4,0,1,296.0,0.0,1,0,1,0
0,Full_Day,12,8,0,0,0,240.0,0.0,1,1,0,0
0,Full_Day,6,34,3,0,1,302.0,0.0,1,0,0,0
0,Full_Day,6,58,0,0,1,348.75,0.0,1,1,0,0
1,Early_Return,7,7,0,0,1,347.0,0.0,1,1,0,0
1,Early_Return,7,1,5,1,1,321.6,0.0,1,1,0,0
0,Early_Return,7,42,4,0,1,485.4906,0.0,1,0,0,0
0,Early_Return,13,28,5,1,0,193.0,0.0,1,0,1,0
0,Full_Day,6,55,1,0,1,158.0,0.0,1,1,0,0
0,Full_Day,12,34,4,0,0,214.33333333333334,0.0,1,1,0,0
0,Early_Return,8,6,6,1,1,257.0,0.0,1,1,0,0
0,Full_Day,7,15,1,0,1,228.8,0.0,1,0,0,0
0,Full_Day,6,37,4,0,1,297.6,0.0,1,0,0,0
1,Early_Return,7,3,6,1,1,326.4,0.0,1,0,0,0
1,Long_Term,12,47,5,1,0,279.4,0.0,1,1,0,0
0,Early_Return,7,54,1,0,1,485.4906,0.0,1,0,1,0
0,Early_Return,12,45,5,1,0,83.0,0.0,1,0,0,1
0,Overnight,12,6,4,0,0,128.5,0.0,1,0,0,0
0,Full_Day,12,11,3,0,0,445.0,1.0,1,0,0,0
0,Full_Day,6,40,1,0,1,424.75,1.0,1,0,1,0
0,Full_Day,12,51,4,0,0,422.4,1.0,1,0,0,1
0,Overnight,11,45,0,0,1,478.4,1.0,1,1,0,0
0,Full_Day,7,21,2,0,1,625.4,2.0,1,1,0,0
0,Full_Day,13,2,1,0,0,462.8,2.0,1,0,1,0
0,Early_Return,7,15,2,0,1,462.2,2.0,1,0,1,0
1,Full_Day,12,34,6,1,0,391.6,2.0,1,0,0,1
0,Early_Return,12,15,4,0,0,485.4906,2.0,1,0,0,0
0,Long_Term,8,7,1,0,1,80.0,0.0,1,0,0,0
0,Full_Day,12,55,4,0,0,2002.0,0.0,1,0,0,0
0,Full_Day,7,8,4,0,1,1462.0,0.0,1,1,0,0
0,Full_Day,6,59,5,1,1,1225.5,0.0,1,0,0,0
0,Full_Day,6,37,2,0,1,1031.4,0.0,1,0,0,0
0,Early_Return,12,43,2,0,0,485.4906,0.0,1,0,1,0
0,Full_Day,6,1,4,0,1,165.0,0.0,1,0,0,0
0,Early_Return,7,19,5,1,1,273.0,0.0,1,0,0,0
0,Full_Day,5,59,2,0,1,248.66666666666666,0.0,1,1,0,0
0,Long_Term,12,38,4,0,0,291.25,0.0,1,1,0,0
0,Overnight,6,6,2,0,1,863.4,0.0,1,1,0,0
0,Full_Day,12,3,4,0,0,1106.8,1.0,1,0,1,0
0,Full_Day,12,50,1,0,0,1096.8,1.0,1,0,0,0
1,Full_Day,12,50,4,0,0,1138.0,1.0,1,0,0,0
1,Early_Return,12,36,6,1,0,1116.4,1.0,1,0,0,0
1,Full_Day,7,13,2,0,1,498.2,1.0,1,1,0,0
0,Full_Day,5,58,2,0,1,485.4906,1.0,1,0,1,0
0,Full_Day,13,29,0,0,0,292.0,0.0,1,0,0,0
0,Full_Day,7,30,0,0,1,389.5,0.0,1,1,0,0
0,Early_Return,12,20,5,1,0,400.6666666666667,0.0,1,0,1,0
1,Early_Return,6,56,3,0,1,317.0,0.0,1,1,0,0
1,Early_Return,7,4,5,1,1,294.2,0.0,1,0,0,0
0,Early_Return,12,42,5,1,0,485.4906,0.0,1,1,0,0
0,Early_Return,12,42,4,0,0,150.0,0.0,1,0,0,0
0,Early_Return,7,27,4,0,1,143.5,0.0,1,1,0,0
0,Early_Return,7,51,4,0,1,127.33333333333333,0.0,1,1,0,0
0,Full_Day,6,27,6,1,1,144.25,0.0,1,0,0,0
1,Full_Day,7,0,1,0,1,182.6,0.0,1,0,0,0
0,Early_Return,12,37,6,1,0,485.4906,0.0,1,0,0,0
0,Early_Return,12,54,5,1,0,179.0,0.0,1,1,0,0
0,Long_Term,6,47,0,0,1,190.0,0.0,1,0,0,0
0,Full_Day,7,22,5,1,1,638.3333333333334,0.0,1,0,0,0
0,Full_Day,6,12,5,1,1,546.75,0.0,1,0,0,1
1,Full_Day,6,9,6,1,1,519.2,0.0,1,0,0,0
0,Early_Return,6,58,4,0,1,485.4906,0.0,0,0,1,0
0,Full_Day,6,36,1,0,1,163.0,0.0,1,0,0,1
0,Full_Day,7,7,3,0,1,304.5,0.0,1,0,0,0
0,Early_Return,7,2,0,0,1,286.3333333333333,0.0,1,1,0,0
1,Full_Day,12,42,4,0,0,234.0,0.0,1,0,0,0
1,Full_Day,6,11,4,0,1,242.6,0.0,1,0,0,0
0,Early_Return,7,2,0,0,1,485.4906,0.0,1,0,1,0
0,Full_Day,6,47,1,0,1,202.0,0.0,1,0,1,0
0,Early_Return,6,19,4,0,1,311.5,0.0,1,1,0,0
0,Full_Day,7,23,2,0,1,228.33333333333334,0.0,1,0,0,0
0,Long_Term,12,53,2,0,0,260.75,0.0,1,0,0,1
0,Overnight,7,5,3,0,1,900.4,0.0,1,1,0,0
0,Overnight,7,5,5,1,1,1112.6,1.0,1,0,0,0
0,Overnight,12,28,2,0,0,1258.4,2.0,1,0,0,0
0,Early_Return,6,19,5,1,1,1455.4,3.0,1,0,1,0
1,Full_Day,7,0,1,0,1,1400.8,3.0,1,0,0,0
1,Early_Return,6,37,4,0,1,781.8,3.0,1,1,0,0
0,Early_Return,6,14,3,0,1,485.4906,3.0,1,0,1,0
0,Full_Day,6,21,4,0,1,173.0,0.0,1,0,0,0
0,Early_Return,13,45,1,0,0,288.5,0.0,1,0,0,1
0,Early_Return,12,9,2,0,0,243.0,0.0,1,0,0,0
0,Full_Day,12,20,6,1,0,485.4906,0.0,1,1,0,0
0,Full_Day,6,48,0,0,1,386.0,0.0,1,1,0,0
0,Overnight,6,56,0,0,1,380.5,0.0,1,0,0,0
0,Early_Return,13,17,3,0,0,555.0,1.0,1,1,0,0
0,Full_Day,13,7,0,0,0,449.75,1.0,1,1,0,0
0,Long_Term,13,27,1,0,0,445.0,1.0,1,0,0,1
0,Full_Day,6,29,3,0,1,1189.2,1.0,1,0,0,1
1,Full_Day,6,46,3,0,1,1192.4,1.0,1,0,0,0
0,Full_Day,6,8,4,0,1,485.4906,1.0,1,0,0,0
0,Long_Term,7,1,4,0,1,485.4906,0.0,1,0,1,0
0,Full_Day,6,47,1,0,1,2221.0,0.0,1,1,0,0
0,Full_Day,7,1,6,1,1,1270.0,0.0,1,0,1,0
0,Full_Day,13,13,0,0,0,938.6666666666666,0.0,1,0,1,0
0,Full_Day,13,7,2,0,0,813.25,0.0,1,0,0,0
1,Full_Day,6,5,2,0,1,755.2,0.0,1,0,0,0
1,Full_Day,7,42,2,0,1,401.2,0.0,1,0,1,0
0,Early_Return,13,2,0,0,0,485.4906,0.0,1,1,0,0
0,Full_Day,12,56,0,0,0,84.0,0.0,1,0,0,0
0,Early_Return,7,10,5,1,1,264.0,0.0,1,0,1,0
0,Early_Return,12,34,5,1,0,227.0,0.0,1,1,0,0
0,Full_Day,13,8,6,1,0,209.25,0.0,1,0,0,0
0,Full_Day,6,57,2,0,1,250.6,0.0,1,1,0,0
0,Full_Day,12,38,4,0,0,309.4,0.0,0,0,1,0
0,Full_Day,7,38,5,1,1,302.2,0.0,1,0,0,1
1,Full_Day,7,39,6,1,1,326.4,0.0,1,1,0,0
1,Full_Day,12,48,3,0,0,358.2,0.0,1,0,1,0
0,Overnight,12,43,1,0,0,485.4906,0.0,1,0,0,1
0,Full_Day,11,53,6,1,1,1196.0,1.0,1,0,0,0
0,Full_Day,12,17,6,1,0,778.5,1.0,1,1,0,0
0,Long_Term,12,13,2,0,0,632.3333333333334,1.0,1,1,0,0
0,Full_Day,12,48,4,0,0,1369.5,1.0,1,0,0,0
0,Full_Day,7,18,6,1,1,1191.6,1.0,1,1,0,0
1,Overnight,12,34,1,0,0,1012.6,1.0,1,0,1,0
1,Full_Day,12,45,3,0,0,1214.4,2.0,1,0,0,0
1,Full_Day,6,8,2,0,1,1228.2,2.0,1,0,0,0
0,Full_Day,6,17,0,0,1,485.4906,2.0,1,0,0,0
0,Full_Day,13,47,1,0,0,379.0,0.0,1,0,0,1
0,Full_Day,6,49,1,0,1,443.5,0.0,1,0,1,0
0,Full_Day,12,53,5,1,0,379.3333333333333,0.0,1,0,1,0
0,Full_Day,6,11,1,0,1,388.75,0.0,1,0,1,0
0,Overnight,6,53,6,1,1,368.4,0.0,0,1,0,0
0,Full_Day,6,33,5,1,1,565.2,1.0,1,0,0,1
1,Overnight,7,5,4,0,1,518.8,1.0,1,1,0,0
0,Early_Return,7,9,1,0,1,485.4906,2.0,1,0,1,0
0,Full_Day,5,43,5,1,1,180.0,0.0,1,0,0,1
0,Early_Return,6,48,2,0,1,235.5,0.0,1,0,1,0
0,Full_Day,6,55,4,0,1,221.0,0.0,1,1,0,0
0,Full_Day,7,5,1,0,1,250.75,0.0,1,0,0,0
0,Full_Day,13,38,3,0,0,266.4,0.0,1,0,0,0
0,Early_Return,13,1,3,0,0,299.2,0.0,1,1,0,0
1,Long_Term,6,16,3,0,1,269.4,0.0,1,0,1,0
1,Full_Day,6,9,4,0,1,708.2,0.0,1,1,0,0
0,Overnight,6,12,1,0,1,485.4906,0.0,1,0,0,0
0,Full_Day,12,57,0,0,0,1044.0,1.0,1,0,0,1
0,Overnight,6,30,2,0,1,733.0,1.0,1,0,1,0
0,Full_Day,13,11,5,1,0,952.0,2.0,1,1,0,0
0,Overnight,13,23,0,0,0,818.0,2.0,1,0,0,0
1,Full_Day,7,30,2,0,1,905.8,3.0,1,1,0,0
1,Long_Term,13,28,6,1,0,780.2,3.0,1,0,0,1
0,Full_Day,7,59,4,0,1,485.4906,3.0,1,0,1,0
0,Early_Return,12,12,4,0,0,294.0,0.0,1,0,1,0
0,Early_Return,13,37,3,0,0,248.5,0.0,1,0,1,0
0,Full_Day,6,19,1,0,1,195.66666666666666,0.0,1,0,0,0
1,Early_Return,13,5,3,0,0,245.0,0.0,1,0,0,0
0,Early_Return,6,37,3,0,1,485.4906,0.0,1,0,1,0
0,Full_Day,12,38,4,0,0,201.0,0.0,1,1,0,0
0,Full_Day,7,2,5,1,1,272.0,0.0,1,1,0,0
0,Early_Return,13,3,3,0,0,346.0,0.0,1,1,0,0
0,Early_Return,7,22,0,0,1,280.5,0.0,1,0,1,0
0,Full_Day,7,23,1,0,1,250.6,0.0,1,0,0,0
0,Full_Day,7,46,4,0,1,290.4,0.0,1,0,0,0
0,Full_Day,5,48,2,0,1,306.6,0.0,1,1,0,0
0,Early_Return,7,30,0,0,1,485.4906,0.0,1,0,0,0
0,Early_Return,6,39,6,1,1,102.0,0.0,1,0,0,1
0,Early_Return,6,50,1,0,1,107.5,0.0,1,0,0,0
0,Full_Day,6,48,2,0,1,127.0,0.0,1,0,0,0
0,Full_Day,12,11,1,0,0,185.25,0.0,1,1,0,0
0,Early_Return,6,38,2,0,1,241.8,0.0,1,1,0,0
0,Full_Day,7,52,6,1,1,261.4,0.0,1,0,0,0
0,Full_Day,7,1,2,0,1,332.6,0.0,1,1,0,0
0,Early_Return,7,21,4,0,1,401.8,0.0,1,0,1,0
0,Full_Day,12,40,2,0,0,485.4906,0.0,1,0,0,0
0,Full_Day,12,48,3,0,0,276.0,0.0,1,1,0,0
0,Early_Return,12,53,0,0,0,303.5,0.0,1,1,0,0
0,Full_Day,6,48,1,0,1,246.0,0.0,1,0,0,0
0,Early_Return,6,37,4,0,1,317.75,0.0,1,0,1,0
0,Full_Day,6,46,2,0,1,282.2,0.0,1,0,0,0
0,Overnight,12,29,5,1,0,310.8,0.0,1,0,0,0
1,Early_Return,12,38,1,0,0,433.2,1.0,1,1,0,0
1,Full_Day,13,12,6,1,0,419.2,1.0,1,0,1,0
1,Full_Day,11,46,2,0,1,402.2,1.0,1,0,0,0
0,Overnight,12,30,0,0,0,485.4906,1.0,1,0,1,0
0,Early_Return,7,59,6,1,1,831.0,1.0,0,0,0,0
0,Full_Day,7,18,4,0,1,445.5,1.0,1,0,0,0
0,Full_Day,7,42,1,0,1,474.0,1.0,1,0,0,0
0,Full_Day,12,0,5,1,0,462.0,1.0,1,0,0,0
1,Full_Day,6,9,3,0,1,425.8,1.0,1,0,0,0
1,Early_Return,6,54,5,1,1,358.6,1.0,1,1,0,0
0,Full_Day,7,6,4,0,1,485.4906,1.0,1,1,0,0
0,Early_Return,13,24,1,0,0,258.0,0.0,1,1,0,0
0,Early_Return,7,16,6,1,1,205.5,0.0,1,1,0,0
0,Early_Return,12,58,0,0,0,161.66666666666666,0.0,1,0,0,1
0,Early_Return,6,33,2,0,1,172.0,0.0,1,0,1,0
0,Full_Day,6,25,4,0,1,169.8,0.0,1,0,0,0
1,Full_Day,6,45,2,0,1,177.4,0.0,1,0,0,1
1,Full_Day,6,2,2,0,1,243.6,0.0,1,1,0,0
0,Early_Return,6,22,4,0,1,485.4906,0.0,1,0,1,0
0,Full_Day,6,36,5,1,1,84.0,0.0,1,0,0,0
0,Early_Return,6,20,1,0,1,216.5,0.0,1,0,1,0
0,Full_Day,6,46,2,0,1,164.66666666666666,0.0,1,0,0,0
0,Overnight,6,51,0,0,1,189.0,0.0,1,0,0,1
0,Full_Day,6,36,4,0,1,427.2,1.0,1,1,0,0
0,Full_Day,7,10,4,0,1,507.4,1.0,1,1,0,0
0,Full_Day,6,58,4,0,1,485.6,1.0,1,0,0,0
0,Full_Day,6,15,6,1,1,559.0,1.0,1,0,0,0
1,Long_Term,12,27,1,0,0,594.8,1.0,1,1,0,0
1,Early_Return,7,1,4,0,1,1154.6,1.0,1,0,0,0
1,Early_Return,7,29,5,1,1,1088.8,1.0,1,0,0,0
0,Early_Return,13,43,2,0,0,485.4906,1.0,1,0,1,0
0,Full_Day,7,19,5,1,1,120.0,0.0,1,0,0,0
0,Full_Day,12,7,6,1,0,263.0,0.0,1,0,0,1
0,Early_Return,6,49,6,1,1,285.6666666666667,0.0,1,1,0,0
0,Early_Return,7,1,3,0,1,240.5,0.0,1,1,0,0
1,Full_Day,12,59,5,1,0,210.8,0.0,1,0,1,0
0,Early_Return,12,31,4,0,0,485.4906,0.0,1,0,1,0
0,Long_Term,6,56,0,0,1,120.0,0.0,1,0,0,1
0,Early_Return,12,52,3,0,0,1092.0,0.0,1,0,0,0
0,Full_Day,7,8,1,0,1,782.0,0.0,1,1,0,0
0,Full_Day,12,12,5,1,0,702.75,0.0,1,0,0,0
0,Early_Return,7,10,4,0,1,611.0,0.0,1,1,0,0
0,Full_Day,12,52,3,0,0,620.6,0.0,1,0,0,0
0,Early_Return,7,18,6,1,1,281.2,0.0,1,0,0,0
0,Full_Day,6,25,3,0,1,267.4,0.0,1,0,0,0
0,Early_Return,7,4,5,1,1,485.4906,0.0,1,0,0,0
0,Full_Day,6,38,6,1,1,90.0,0.0,1,0,0,0
0,Early_Return,6,49,5,1,1,249.0,0.0,1,1,0,0
0,Full_Day,7,56,6,1,1,217.66666666666666,0.0,1,1,0,0
0,Full_Day,13,16,6,1,0,251.5,0.0,1,0,1,0
0,Early_Return,6,18,4,0,1,262.2,0.0,1,1,0,0
0,Full_Day,12,22,4,0,0,282.0,0.0,1,0,0,1
1,Overnight,7,6,2,0,1,300.2,0.0,1,0,1,0
0,Long_Term,12,3,0,0,0,485.4906,1.0,1,1,0,0
0,Full_Day,6,57,6,1,1,2768.0,0.0,1,0,0,1
0,Full_Day,5,33,5,1,1,1625.0,0.0,1,0,1,0
0,Long_Term,6,54,4,0,1,1193.0,0.0,1,0,1,0
0,Full_Day,7,37,0,0,1,1346.5,0.0,1,0,0,0
0,Early_Return,7,25,1,0,1,1134.4,0.0,1,0,0,0
0,Early_Return,12,20,6,1,0,615.2,0.0,1,0,0,0
0,Full_Day,7,26,3,0,1,558.4,0.0,1,1,0,0
0,Early_Return,7,8,5,1,1,573.6,0.0,1,1,0,0
1,Early_Return,6,48,3,0,1,233.6,0.0,1,0,1,0
1,Overnight,6,50,0,0,1,214.0,0.0,1,0,1,0
0,Full_Day,13,11,2,0,0,485.4906,1.0,1,1,0,0
0,Early_Return,6,48,6,1,1,287.0,0.0,1,0,0,0
0,Full_Day,7,45,6,1,1,211.5,0.0,1,1,0,0
0,Early_Return,6,40,0,0,1,291.6666666666667,0.0,1,0,0,0
0,Overnight,7,52,0,0,1,234.0,0.0,1,0,0,0
0,Early_Return,7,1,4,0,1,485.4906,1.0,1,0,0,1
0,Early_Return,11,49,6,1,1,201.0,0.0,1,0,0,0
0,Full_Day,12,21,0,0,0,186.5,0.0,1,0,0,1
0,Early_Return,7,5,5,1,1,280.0,0.0,1,0,1,0
0,Full_Day,13,7,2,0,0,234.25,0.0,0,0,0,0
0,Full_Day,12,2,1,0,0,254.8,0.0,1,0,1,0
0,Early_Return,12,2,1,0,0,293.0,0.0,1,0,0,0
0,Full_Day,7,5,3,0,1,297.4,0.0,1,1,0,0
0,Early_Return,12,36,1,0,0,269.8,0.0,1,0,0,0
0,Early_Return,7,34,3,0,1,266.4,0.0,0,0,0,0
1,Full_Day,13,8,3,0,0,232.4,0.0,1,1,0,0
0,Full_Day,12,29,5,1,0,485.4906,0.0,1,0,0,0
0,Full_Day,13,5,0,0,0,474.0,0.0,1,0,1,0
0,Overnight,6,14,5,1,1,506.0,0.0,1,1,0,0
0,Overnight,12,53,1,0,0,813.3333333333334,1.0,1,0,1,0
0,Early_Return,7,9,5,1,1,866.75,2.0,1,1,0,0
0,Full_Day,7,6,3,0,1,733.0,2.0,1,1,0,0
1,Overnight,5,51,3,0,1,742.4,2.0,1,0,0,1
0,Early_Return,7,31,6,1,1,485.4906,3.0,1,0,1,0
0,Full_Day,6,48,5,1,1,171.0,0.0,1,1,0,0
0,Early_Return,6,28,3,0,1,221.5,0.0,1,1,0,0
0,Full_Day,7,50,3,0,1,212.0,0.0,1,0,1,0
0,Early_Return,7,23,2,0,1,223.75,0.0,1,0,1,0
0,Early_Return,12,0,2,0,0,210.6,0.0,1,1,0,0
0,Overnight,6,30,5,1,1,206.8,0.0,1,0,1,0
1,Early_Return,7,13,0,0,1,410.8,1.0,1,1,0,0
1,Full_Day,6,48,2,0,1,408.6,1.0,1,0,0,0
1,Full_Day,7,0,5,1,1,436.2,1.0,1,0,1,0
0,Early_Return,12,21,1,0,0,485.4906,1.0,1,0,0,1
0,Early_Return,7,18,3,0,1,110.0,0.0,1,0,1,0
0,Early_Return,6,50,1,0,1,148.0,0.0,1,0,0,0
0,Full_Day,6,33,2,0,1,157.0,0.0,1,0,0,0
0,Full_Day,6,19,6,1,1,245.5,0.0,1,0,0,0
0,Early_Return,6,44,2,0,1,256.0,0.0,1,1,0,0
0,Full_Day,7,15,3,0,1,262.0,0.0,1,0,1,0
0,Early_Return,6,36,2,0,1,318.2,0.0,1,1,0,0
0,Full_Day,6,38,3,0,1,314.6,0.0,1,1,0,0
0,Early_Return,6,32,6,1,1,289.6,0.0,1,1,0,0
0,Full_Day,12,58,2,0,0,256.6,0.0,1,1,0,0
1,Full_Day,12,35,3,0,0,294.4,0.0,1,1,0,0
1,Early_Return,12,42,0,0,0,295.6,0.0,1,0,0,0
0,Early_Return,13,52,1,0,0,485.4906,0.0,1,1,0,0
0,Full_Day,6,54,5,1,1,202.0,0.0,1,0,0,1
0,Early_Return,7,53,2,0,1,299.5,0.0,1,0,0,0
0,Full_Day,7,5,6,1,1,246.33333333333334,0.0,1,0,0,0
0,Full_Day,12,36,1,0,0,255.75,0.0,1,0,0,1
0,Full_Day,6,59,6,1,1,287.0,0.0,1,1,0,0
0,Full_Day,6,38,5,1,1,342.6,0.0,1,0,0,0
0,Full_Day,7,5,3,0,1,350.6,0.0,1,0,0,1
0,Overnight,6,49,5,1,1,418.6,0.0,1,0,1,0
1,Full_Day,7,9,0,0,1,635.8,1.0,1,1,0,0
1,Early_Return,6,55,3,0,1,638.2,1.0,1,1,0,0
0,Full_Day,12,31,2,0,0,485.4906,1.0,1,0,0,0
0,Overnight,7,5,0,0,1,450.0,0.0,1,0,0,1
0,Overnight,6,39,3,0,1,608.0,1.0,1,1,0,0
0,Early_Return,12,11,4,0,0,833.0,2.0,1,0,0,1
0,Early_Return,12,56,6,1,0,644.0,2.0,1,1,0,0
0,Full_Day,12,40,4,0,0,556.0,2.0,1,1,0,0
0,Full_Day,7,32,6,1,1,520.4,2.0,1,0,1,0
0,Early_Return,11,26,2,0,1,428.6,2.0,1,1,0,0
0,Early_Return,7,26,1,0,1,192.8,2.0,1,0,0,0
0,Overnight,11,52,6,1,1,207.0,2.0,1,0,0,0
0,Early_Return,7,2,0,0,1,324.2,3.0,1,0,0,0
1,Early_Return,12,22,0,0,0,300.0,3.0,1,1,0,0
1,Early_Return,7,34,3,0,1,277.8,3.0,1,0,1,0
0,Early_Return,12,14,6,1,0,485.4906,3.0,1,0,0,0
0,Full_Day,6,43,0,0,1,168.0,0.0,1,1,0,0
0,Full_Day,12,26,3,0,0,265.0,0.0,1,0,0,1
0,Full_Day,7,9,4,0,1,266.0,0.0,1,0,0,0
0,Full_Day,12,58,3,0,0,295.75,0.0,1,1,0,0
0,Full_Day,13,46,5,1,0,316.2,0.0,1,0,0,0
0,Full_Day,12,59,2,0,0,357.0,0.0,1,1,0,0
1,Overnight,7,56,2,0,1,382.8,0.0,1,1,0,0
1,Full_Day,6,33,5,1,1,591.6,1.0,1,1,0,0
0,Early_Return,6,38,3,0,1,485.4906,1.0,1,1,0,0
0,Full_Day,6,29,0,0,1,147.0,0.0,1,0,0,0
0,Full_Day,6,33,0,0,1,330.5,0.0,1,0,0,0
0,Early_Return,7,7,4,0,1,391.0,0.0,1,0,0,0
0,Long_Term,12,24,5,1,0,332.75,0.0,1,0,1,0
0,Full_Day,7,16,6,1,1,620.2,0.0,1,0,1,0
0,Full_Day,7,19,5,1,1,661.0,0.0,0,0,1,0
0,Full_Day,12,45,0,0,0,616.8,0.0,1,1,0,0
0,Early_Return,11,57,0,0,1,580.6,0.0,1,0,0,0
0,Overnight,12,13,5,1,0,574.4,0.0,1,0,0,0
1,Full_Day,6,45,6,1,1,395.8,1.0,1,0,1,0
1,Early_Return,7,19,4,0,1,404.0,1.0,1,0,0,0
0,Full_Day,12,42,4,0,0,485.4906,1.0,1,1,0,0
0,Full_Day,6,54,5,1,1,424.0,0.0,1,0,0,0
0,Full_Day,6,59,6,1,1,369.5,0.0,1,0,0,0
0,Overnight,6,49,1,0,1,332.3333333333333,0.0,1,0,1,0
0,Full_Day,7,12,1,0,1,583.75,1.0,1,1,0,0
0,Overnight,6,48,6,1,1,542.0,1.0,1,0,0,0
0,Full_Day,5,56,6,1,1,670.4,2.0,1,1,0,0
0,Early_Return,12,45,2,0,0,686.6,2.0,1,1,0,0
0,Full_Day,12,39,5,1,0,655.2,2.0,1,0,1,0
0,Full_Day,6,37,0,0,1,492.0,2.0,1,0,0,1
0,Early_Return,7,47,0,0,1,521.0,2.0,1,1,0,0
0,Overnight,7,23,1,0,1,333.2,2.0,1,0,0,0
0,Full_Day,7,57,5,1,1,418.0,3.0,1,0,1,0
1,Long_Term,7,13,5,1,1,500.2,3.0,1,1,0,0
0,Early_Return,6,34,0,0,1,485.4906,3.0,1,0,0,0
0,Overnight,12,45,1,0,0,74.0,0.0,1,1,0,0
0,Overnight,13,2,6,1,0,735.5,1.0,1,0,0,0
0,Full_Day,6,32,6,1,1,902.0,2.0,1,0,1,0
1,Full_Day,6,28,0,0,1,795.25,2.0,1,1,0,0
1,Full_Day,6,55,3,0,1,732.2,2.0,1,1,0,0
1,Full_Day,12,21,3,0,0,788.6,2.0,1,1,0,0
1,Full_Day,5,47,5,1,1,600.8,2.0,1,0,0,1
0,Full_Day,7,55,0,0,1,485.4906,2.0,1,0,0,0
0,Early_Return,7,23,6,1,1,252.0,0.0,1,0,0,0
0,Long_Term,12,50,2,0,0,209.0,0.0,1,0,0,1
0,Full_Day,7,26,6,1,1,959.3333333333334,0.0,1,0,0,0
0,Full_Day,6,43,1,0,1,828.25,0.0,1,0,1,0
0,Full_Day,12,18,1,0,0,713.6,0.0,1,0,0,1
0,Early_Return,6,41,5,1,1,717.6,0.0,1,0,0,1
0,Early_Return,7,10,5,1,1,709.2,0.0,1,1,0,0
0,Full_Day,12,45,3,0,0,257.8,0.0,1,0,1,0
1,Early_Return,7,32,4,0,1,237.0,0.0,1,0,1,0
0,Early_Return,7,2,3,0,1,485.4906,0.0,1,0,1,0
0,Early_Return,6,57,3,0,1,118.0,0.0,1,0,1,0
0,Full_Day,7,16,4,0,1,138.0,0.0,1,0,0,0
0,Early_Return,7,43,3,0,1,221.33333333333334,0.0,1,0,0,0
0,Full_Day,12,55,0,0,0,485.4906,0.0,1,0,0,0
0,Full_Day,6,23,5,1,1,263.0,0.0,1,1,0,0
0,Early_Return,12,58,2,0,0,285.5,0.0,1,0,1,0
0,Early_Return,6,28,5,1,1,232.0,0.0,1,0,0,0
0,Full_Day,7,45,0,0,1,196.25,0.0,1,0,0,0
0,Early_Return,7,18,0,0,1,218.8,0.0,1,1,0,0
0,Full_Day,6,34,6,1,1,485.4906,0.0,1,0,0,0
0,Full_Day,12,43,0,0,0,387.0,0.0,1,1,0,0
0,Full_Day,6,41,6,1,1,386.5,0.0,1,1,0,0
0,Full_Day,7,24,1,0,1,417.6666666666667,0.0,1,0,0,0
0,Full_Day,6,44,3,0,1,375.75,0.0,1,1,0,0
0,Early_Return,13,5,2,0,0,357.0,0.0,1,0,0,0
0,Long_Term,6,19,0,0,1,311.0,0.0,1,1,0,0
0,Early_Return,7,2,6,1,1,1066.2,0.0,1,0,0,0
1,Early_Return,6,35,0,0,1,1001.2,0.0,1,0,0,0
1,Full_Day,7,46,0,0,1,964.0,0.0,1,0,1,0
0,Early_Return,6,41,2,0,1,485.4906,0.0,1,0,0,0
0,Early_Return,6,17,4,0,1,103.0,0.0,1,0,1,0
0,Full_Day,7,11,6,1,1,87.0,0.0,1,1,0,0
0,Full_Day,13,3,2,0,0,143.0,0.0,1,0,0,0
0,Long_Term,13,12,0,0,0,239.25,0.0,1,1,0,0
0,Early_Return,7,21,6,1,1,495.2,0.0,1,0,0,0
0,Full_Day,6,27,1,0,1,494.4,0.0,1,0,1,0
0,Full_Day,7,1,3,0,1,579.4,0.0,1,0,0,0
0,Full_Day,12,16,0,0,0,628.8,0.0,1,0,1,0
0,Full_Day,6,41,6,1,1,619.0,0.0,1,0,0,0
0,Full_Day,6,29,4,0,1,485.4906,0.0,1,0,0,0
0,Early_Return,7,32,4,0,1,436.0,0.0,1,1,0,0
0,Full_Day,6,35,5,1,1,293.5,0.0,1,1,0,0
0,Full_Day,7,29,3,0,1,365.3333333333333,0.0,1,0,0,1
0,Early_Return,7,49,4,0,1,342.25,0.0,1,1,0,0
0,Full_Day,6,46,4,0,1,288.4,0.0,1,0,0,1
1,Full_Day,7,30,6,1,1,260.2,0.0,1,0,0,1
1,Long_Term,7,10,5,1,1,311.4,0.0,1,1,0,0
0,Overnight,12,26,2,0,0,485.4906,0.0,1,0,1,0
0,Full_Day,13,24,1,0,0,1248.0,1.0,1,0,0,0
0,Full_Day,7,18,4,0,1,890.0,1.0,1,1,0,0
0,Full_Day,7,46,0,0,1,695.6666666666666,1.0,1,0,1,0
0,Full_Day,13,8,6,1,0,596.25,1.0,1,0,0,0
1,Full_Day,6,48,0,0,1,564.8,1.0,1,1,0,0
1,Early_Return,7,39,5,1,1,383.8,1.0,1,1,0,0
0,Full_Day,6,20,5,1,1,485.4906,1.0,1,0,1,0
0,Full_Day,7,40,5,1,1,364.0,0.0,1,1,0,0
0,Full_Day,6,42,3,0,1,358.5,0.0,1,1,0,0
0,Full_Day,12,46,1,0,0,378.6666666666667,0.0,1,0,0,0
0,Full_Day,7,10,3,0,1,415.25,0.0,1,0,0,0
1,Long_Term,5,48,2,0,1,396.4,0.0,1,0,0,0
1,Full_Day,12,22,2,0,0,827.2,0.0,1,1,0,0
1,Early_Return,6,32,0,0,1,827.4,0.0,1,0,0,0
0,Full_Day,12,39,2,0,0,485.4906,0.0,1,0,0,0
0,Early_Return,12,40,6,1,0,298.0,0.0,1,1,0,0
0,Full_Day,7,7,1,0,1,179.0,0.0,1,0,0,0
0,Full_Day,12,8,1,0,0,286.0,0.0,1,0,0,0
0,Early_Return,7,9,2,0,1,282.75,0.0,1,0,0,0
0,Early_Return,12,25,3,0,0,246.4,0.0,1,0,0,0
0,Long_Term,12,47,4,0,0,226.4,0.0,1,1,0,0
0,Long_Term,6,33,2,0,1,859.0,0.0,1,1,0,0
0,Early_Return,7,30,2,0,1,1137.6,0.0,1,1,0,0
0,Full_Day,6,49,0,0,1,485.4906,0.0,1,0,1,0
0,Early_Return,12,44,1,0,0,327.0,0.0,1,0,1,0
0,Full_Day,7,34,1,0,1,237.5,0.0,1,0,0,0
0,Early_Return,8,3,2,0,1,250.0,0.0,1,0,0,0
0,Full_Day,14,20,6,1,0,217.25,0.0,1,1,0,0
0,Full_Day,6,57,3,0,1,264.2,0.0,1,0,1,0
0,Early_Return,7,21,3,0,1,262.6,0.0,1,0,0,0
0,Early_Return,12,29,3,0,0,255.8,0.0,1,1,0,0
0,Overnight,7,10,0,0,1,223.0,0.0,1,0,0,0
0,Early_Return,7,18,5,1,1,423.4,1.0,1,1,0,0
0,Full_Day,7,1,5,1,1,367.4,1.0,1,0,0,0
0,Full_Day,7,19,1,0,1,360.2,1.0,1,0,0,0
0,Early_Return,12,42,3,0,0,399.0,1.0,1,1,0,0
1,Full_Day,7,37,1,0,1,409.0,1.0,1,0,1,0
0,Early_Return,7,58,1,0,1,485.4906,1.0,1,1,0,0
0,Long_Term,6,37,5,1,1,179.0,0.0,1,0,0,0
0,Early_Return,6,50,1,0,1,1058.5,0.0,1,0,1,0
1,Early_Return,8,5,4,0,1,759.6666666666666,0.0,1,0,0,1
0,Full_Day,6,38,6,1,1,485.4906,0.0,1,0,0,0
0,Overnight,7,6,6,1,1,487.0,0.0,1,1,0,0
0,Full_Day,6,22,6,1,1,946.5,1.0,1,0,0,1
0,Full_Day,13,7,0,0,0,776.0,1.0,1,0,0,0
0,Full_Day,6,55,6,1,1,677.5,1.0,1,0,0,0
0,Full_Day,7,27,0,0,1,485.4906,1.0,1,0,0,0
0,Full_Day,7,40,3,0,1,353.0,0.0,1,1,0,0
0,Full_Day,5,30,3,0,1,394.0,0.0,1,1,0,0
0,Long_Term,7,8,4,0,1,352.6666666666667,0.0,1,1,0,0
0,Early_Return,7,2,6,1,1,1139.5,0.0,1,0,0,0
0,Full_Day,7,34,4,0,1,940.8,0.0,1,1,0,0
1,Overnight,6,30,0,0,1,943.2,0.0,1,0,0,0
0,Early_Return,11,59,6,1,1,485.4906,1.0,1,0,0,1
0,Full_Day,13,48,0,0,0,106.0,0.0,1,0,0,0
0,Full_Day,7,41,4,0,1,220.0,0.0,1,0,0,0
0,Full_Day,7,41,2,0,1,229.66666666666666,0.0,1,0,0,0
0,Full_Day,7,7,3,0,1,245.0,0.0,1,0,0,0
0,Overnight,7,19,5,1,1,275.0,0.0,1,0,0,0
0,Early_Return,7,9,5,1,1,465.6,1.0,1,0,0,1
0,Long_Term,11,50,1,0,1,437.0,1.0,1,0,1,0
0,Early_Return,12,36,1,0,0,923.2,1.0,1,0,0,0
0,Full_Day,7,0,5,1,1,895.0,1.0,1,0,0,0
1,Full_Day,6,52,2,0,1,874.0,1.0,1,0,0,1
0,Full_Day,7,9,1,0,1,485.4906,1.0,1,0,0,0
0,Full_Day,6,38,1,0,1,382.0,0.0,0,1,0,0
0,Early_Return,11,49,2,0,1,435.0,0.0,1,1,0,0
0,Early_Return,13,10,1,0,0,354.0,0.0,1,0,0,0
1,Early_Return,6,57,2,0,1,291.5,0.0,1,0,0,0
0,Early_Return,7,33,6,1,1,485.4906,0.0,1,1,0,0
0,Overnight,12,36,1,0,0,89.0,0.0,1,0,1,0
0,Full_Day,7,5,6,1,1,747.5,1.0,1,1,0,0
0,Overnight,7,6,6,1,1,626.6666666666666,1.0,1,0,1,0
1,Full_Day,12,59,4,0,0,709.25,2.0,1,1,0,0
0,Overnight,12,25,0,0,0,485.4906,2.0,1,1,0,0
0,Full_Day,6,37,0,0,1,1006.0,1.0,1,0,1,0
0,Full_Day,7,34,2,0,1,652.0,1.0,1,0,0,0
0,Overnight,6,35,1,0,1,608.0,1.0,1,0,0,0
0,Full_Day,7,12,1,0,1,782.0,2.0,1,1,0,0
0,Full_Day,7,33,4,0,1,713.4,2.0,1,1,0,0
0,Early_Return,12,40,5,1,0,611.0,2.0,0,0,1,0
0,Full_Day,12,37,0,0,0,485.4906,2.0,1,0,1,0
0,Full_Day,5,53,0,0,1,385.0,0.0,1,1,0,0
0,Full_Day,7,4,3,0,1,414.0,0.0,1,0,0,0
0,Early_Return,6,52,4,0,1,441.3333333333333,0.0,1,1,0,0
0,Full_Day,7,24,1,0,1,381.0,0.0,1,1,0,0
0,Full_Day,6,24,0,0,1,369.2,0.0,1,0,0,1
0,Full_Day,7,8,4,0,1,389.6,0.0,1,0,0,0
0,Early_Return,12,22,2,0,0,369.0,0.0,1,0,0,1
0,Early_Return,7,11,3,0,1,303.2,0.0,1,0,1,0
1,Full_Day,12,42,6,1,0,282.8,0.0,1,0,0,0
0,Full_Day,7,3,0,0,1,485.4906,0.0,1,1,0,0
0,Full_Day,11,59,5,1,1,443.0,0.0,1,0,0,0
0,Early_Return,6,52,5,1,1,408.5,0.0,1,0,0,0
0,Full_Day,6,7,4,0,1,295.0,0.0,1,0,0,1
0,Full_Day,7,19,3,0,1,302.25,0.0,1,0,0,0
0,Early_Return,7,21,5,1,1,323.4,0.0,1,1,0,0
0,Early_Return,11,47,6,1,1,249.2,0.0,1,0,0,0
1,Early_Return,7,45,2,0,1,198.6,0.0,0,0,0,0
1,Full_Day,12,57,4,0,0,201.4,0.0,1,1,0,0
1,Overnight,7,4,2,0,1,202.4,0.0,1,0,1,0
0,Full_Day,12,26,2,0,0,485.4906,1.0,1,0,0,0
0,Early_Return,11,56,3,0,1,303.0,0.0,1,0,0,1
0,Full_Day,6,59,5,1,1,242.0,0.0,1,0,0,1
0,Full_Day,7,2,4,0,1,297.0,0.0,1,0,0,0
0,Overnight,5,43,6,1,1,298.0,0.0,1,0,1,0
0,Early_Return,6,42,6,1,1,411.8,1.0,1,0,0,0
1,Early_Return,6,27,1,0,1,378.6,1.0,1,1,0,0
0,Early_Return,6,23,1,0,1,485.4906,1.0,1,0,0,0
0,Full_Day,7,54,4,0,1,142.0,0.0,1,1,0,0
0,Early_Return,6,41,6,1,1,312.5,0.0,1,1,0,0
0,Full_Day,6,18,6,1,1,253.0,0.0,1,0,0,0
0,Full_Day,7,7,6,1,1,298.0,0.0,1,0,0,0
0,Full_Day,6,57,6,1,1,320.4,0.0,1,0,1,0
0,Early_Return,6,25,4,0,1,377.0,0.0,1,1,0,0
0,Long_Term,7,25,4,0,1,321.4,0.0,1,0,0,0
1,Full_Day,12,39,2,0,0,1056.4,0.0,1,0,1,0
1,Full_Day,13,35,4,0,0,1024.4,0.0,1,1,0,0
0,Early_Return,7,18,4,0,1,485.4906,0.0,1,1,0,0
0,Full_Day,5,59,3,0,1,134.0,0.0,1,1,0,0
0,Full_Day,6,36,5,1,1,313.0,0.0,1,0,0,0
0,Full_Day,12,59,6,1,0,328.0,0.0,1,1,0,0
0,Full_Day,8,44,4,0,1,485.4906,0.0,1,1,0,0
0,Full_Day,6,14,0,0,1,429.0,0.0,1,0,0,0
0,Full_Day,12,39,6,1,0,388.5,0.0,1,1,0,0
0,Full_Day,7,14,2,0,1,370.3333333333333,0.0,1,0,0,0
0,Full_Day,7,2,2,0,1,348.5,0.0,1,1,0,0
1,Full_Day,7,1,5,1,1,377.2,0.0,1,0,0,1
0,Full_Day,6,1,4,0,1,485.4906,0.0,1,0,0,1
0,Full_Day,6,44,4,0,1,537.0,0.0,1,0,1,0
0,Full_Day,6,38,1,0,1,422.5,0.0,1,0,0,1
0,Early_Return,12,57,5,1,0,416.0,0.0,1,0,1,0
0,Full_Day,12,33,5,1,0,334.25,0.0,1,0,0,1
0,Full_Day,13,18,0,0,0,319.0,0.0,1,0,0,0
0,Overnight,12,49,1,0,0,307.6,0.0,1,0,0,0
1,Full_Day,7,46,3,0,1,520.2,1.0,1,1,0,0
0,Full_Day,6,39,6,1,1,485.4906,1.0,1,1,0,0
0,Full_Day,12,16,5,1,0,372.0,0.0,1,0,1,0
0,Early_Return,12,43,3,0,0,367.5,0.0,1,0,1,0
0,Full_Day,6,36,3,0,1,267.3333333333333,0.0,1,1,0,0
0,Early_Return,6,29,0,0,1,281.0,0.0,1,0,0,0
0,Early_Return,13,9,2,0,0,251.6,0.0,1,0,0,0
0,Early_Return,12,49,4,0,0,193.2,0.0,1,1,0,0
1,Full_Day,11,50,6,1,1,160.0,0.0,1,1,0,0
0,Early_Return,6,33,4,0,1,485.4906,0.0,1,0,0,0
0,Full_Day,6,59,0,0,1,110.0,0.0,1,1,0,0
0,Early_Return,6,36,2,0,1,196.0,0.0,1,0,1,0
0,Long_Term,12,9,4,0,0,177.66666666666666,0.0,1,0,0,0
0,Full_Day,6,5,1,0,1,686.5,0.0,1,0,0,0
0,Early_Return,7,1,5,1,1,625.0,0.0,1,0,0,0
1,Full_Day,7,44,0,0,1,628.4,0.0,1,0,1,0
1,Full_Day,12,41,6,1,0,624.4,0.0,1,0,0,0
0,Full_Day,12,17,1,0,0,485.4906,0.0,1,0,0,0
0,Early_Return,12,58,2,0,0,508.0,0.0,1,0,0,0
0,Overnight,7,2,1,0,1,290.0,0.0,1,0,0,0
0,Full_Day,6,44,3,0,1,438.3333333333333,1.0,1,1,0,0
0,Early_Return,12,45,6,1,0,418.75,1.0,1,0,0,1
0,Full_Day,7,30,4,0,1,349.4,1.0,1,0,0,0
1,Early_Return,7,25,2,0,1,304.4,1.0,1,1,0,0
1,Full_Day,12,27,5,1,0,314.0,1.0,1,1,0,0
0,Early_Return,13,42,5,1,0,485.4906,1.0,1,0,1,0
0,Early_Return,5,52,0,0,1,192.0,0.0,1,1,0,0
0,Early_Return,7,30,1,0,1,128.0,0.0,1,1,0,0
0,Early_Return,12,22,3,0,0,144.0,0.0,1,0,0,0
1,Early_Return,12,46,3,0,0,144.5,0.0,1,1,0,0
1,Full_Day,6,6,6,1,1,140.4,0.0,1,1,0,0
1,Early_Return,13,32,4,0,0,161.0,0.0,1,0,0,1
0,Full_Day,7,50,2,0,1,485.4906,0.0,1,0,0,0
0,Full_Day,12,58,5,1,0,400.0,0.0,1,0,0,0
0,Full_Day,12,16,6,1,0,341.0,0.0,1,0,0,1
0,Early_Return,7,25,2,0,1,322.0,0.0,1,0,1,0
0,Early_Return,6,52,1,0,1,279.25,0.0,1,0,0,1
0,Early_Return,13,7,1,0,0,251.6,0.0,1,1,0,0
0,Overnight,6,46,0,0,1,202.0,0.0,1,0,0,0
0,Full_Day,6,35,2,0,1,313.6,1.0,1,0,0,0
0,Full_Day,6,53,5,1,1,349.0,1.0,1,0,0,0
1,Early_Return,12,50,6,1,0,402.4,1.0,1,0,0,0
1,Full_Day,13,5,2,0,0,396.0,1.0,1,0,1,0
1,Full_Day,13,12,4,0,0,437.0,1.0,1,0,0,0
0,Full_Day,7,5,4,0,1,485.4906,1.0,1,1,0,0
0,Full_Day,7,20,4,0,1,403.0,0.0,1,1,0,0
0,Overnight,8,21,3,0,1,397.0,0.0,1,0,0,0
0,Full_Day,6,24,1,0,1,672.3333333333334,1.0,1,0,0,0
0,Full_Day,7,58,5,1,1,597.5,1.0,1,1,0,0
0,Full_Day,6,9,3,0,1,563.8,1.0,1,0,1,0
0,Overnight,7,20,4,0,1,556.0,1.0,1,0,1,0
0,Overnight,12,31,3,0,0,485.4906,2.0,1,1,0,0
0,Full_Day,7,42,4,0,1,1270.0,1.0,1,0,1,0
0,Early_Return,12,11,4,0,0,808.5,1.0,1,0,0,0
0,Full_Day,6,37,5,1,1,596.6666666666666,1.0,1,1,0,0
0,Full_Day,13,10,5,1,0,531.75,1.0,1,0,0,0
0,Early_Return,6,31,0,0,1,504.4,1.0,1,0,0,0
0,Full_Day,7,17,5,1,1,284.0,1.0,1,1,0,0
0,Early_Return,7,5,2,0,1,283.8,1.0,1,1,0,0
0,Full_Day,7,14,3,0,1,485.4906,1.0,1,0,0,0
0,Early_Return,12,35,1,0,0,344.0,0.0,1,0,1,0
0,Full_Day,6,44,3,0,1,258.0,0.0,1,0,0,0
0,Full_Day,12,32,5,1,0,305.6666666666667,0.0,1,0,0,0
0,Early_Return,6,16,2,0,1,294.0,0.0,1,0,0,0
0,Full_Day,13,11,5,1,0,257.2,0.0,1,0,0,0
1,Full_Day,7,20,0,0,1,274.8,0.0,1,0,0,0
0,Early_Return,6,51,1,0,1,485.4906,0.0,1,0,1,0
0,Overnight,12,29,5,1,0,173.0,0.0,1,0,0,0
0,Early_Return,7,20,2,0,1,759.5,1.0,1,0,1,0
0,Early_Return,13,9,4,0,0,571.0,1.0,1,0,0,1
0,Long_Term,7,0,5,1,1,470.25,1.0,1,0,1,0
0,Early_Return,6,52,3,0,1,1166.8,1.0,1,1,0,0
0,Full_Day,6,28,2,0,1,1163.2,1.0,1,0,0,0
1,Full_Day,7,32,0,0,1,993.8,1.0,1,0,0,0
0,Full_Day,7,10,3,0,1,485.4906,1.0,1,0,0,0
0,Early_Return,13,6,4,0,0,408.0,0.0,1,0,0,0
0,Full_Day,12,30,5,1,0,258.5,0.0,1,0,1,0
1,Long_Term,6,54,5,1,1,312.0,0.0,1,1,0,0
0,Early_Return,7,31,5,1,1,485.4906,0.0,1,0,1,0
0,Early_Return,7,9,6,1,1,77.0,0.0,1,1,0,0
0,Overnight,12,34,1,0,0,126.0,0.0,1,0,0,0
0,Full_Day,6,38,4,0,1,358.0,1.0,1,1,0,0
0,Full_Day,13,11,4,0,0,398.5,1.0,1,0,0,0
0,Early_Return,13,17,4,0,0,418.4,1.0,1,1,0,0
0,Full_Day,13,4,1,0,0,426.2,1.0,1,0,0,0
0,Overnight,7,0,0,0,1,469.0,1.0,1,0,1,0
1,Early_Return,7,0,2,0,1,551.4,2.0,1,1,0,0
1,Early_Return,12,40,5,1,0,482.0,2.0,1,0,0,1
1,Early_Return,6,53,3,0,1,406.0,2.0,1,1,0,0
0,Full_Day,12,42,4,0,0,485.4906,2.0,1,0,0,0
0,Early_Return,6,44,5,1,1,420.0,0.0,1,0,0,0
0,Full_Day,12,28,1,0,0,284.5,0.0,1,1,0,0
0,Full_Day,13,39,1,0,0,335.6666666666667,0.0,1,0,0,0
0,Early_Return,7,37,2,0,1,348.0,0.0,1,0,0,1
0,Early_Return,6,55,3,0,1,295.4,0.0,1,0,1,0
0,Early_Return,7,33,3,0,1,485.4906,0.0,1,1,0,0
0,Full_Day,12,53,5,1,0,124.0,0.0,1,0,1,0
0,Full_Day,12,52,0,0,0,304.0,0.0,1,0,0,1
0,Early_Return,12,19,0,0,0,322.6666666666667,0.0,1,0,0,0
0,Full_Day,13,21,4,0,0,286.0,0.0,1,0,0,0
0,Full_Day,12,25,6,1,0,322.2,0.0,1,0,0,0
0,Early_Return,13,6,2,0,0,485.4906,0.0,1,0,0,0
0,Early_Return,7,8,1,0,1,120.0,0.0,1,1,0,0
0,Full_Day,6,48,2,0,1,125.5,0.0,1,0,1,0
0,Full_Day,7,26,5,1,1,200.33333333333334,0.0,1,1,0,0
0,Full_Day,13,2,2,0,0,253.75,0.0,1,1,0,0
0,Full_Day,6,52,2,0,1,265.6,0.0,1,1,0,0
0,Overnight,6,25,5,1,1,300.6,0.0,1,1,0,0
1,Full_Day,13,40,0,0,0,476.8,1.0,1,0,1,0
1,Early_Return,12,38,0,0,0,507.0,1.0,1,0,1,0
1,Full_Day,7,16,2,0,1,445.4,1.0,1,1,0,0
0,Early_Return,6,58,3,0,1,485.4906,1.0,1,0,0,0
0,Full_Day,6,40,3,0,1,202.0,0.0,1,0,1,0
0,Full_Day,12,24,1,0,0,344.5,0.0,1,0,0,0
0,Full_Day,7,21,4,0,1,314.6666666666667,0.0,1,0,0,0
1,Long_Term,12,52,0,0,0,352.0,0.0,1,0,0,0
0,Overnight,5,55,5,1,1,485.4906,0.0,1,1,0,0
0,Full_Day,7,10,6,1,1,1145.0,1.0,1,0,0,0
0,Early_Return,12,40,1,0,0,757.5,1.0,1,0,0,1
0,Overnight,8,7,3,0,1,541.6666666666666,1.0,1,0,0,0
0,Full_Day,7,0,0,0,1,614.75,2.0,1,0,1,0
1,Full_Day,7,5,1,0,1,592.0,2.0,1,0,0,0
1,Full_Day,12,32,2,0,0,460.8,2.0,1,0,0,1
0,Early_Return,7,21,2,0,1,485.4906,2.0,1,1,0,0
0,Early_Return,12,49,2,0,0,124.0,0.0,1,0,0,0
0,Full_Day,13,5,1,0,0,132.0,0.0,1,0,0,0
0,Early_Return,6,37,2,0,1,219.33333333333334,0.0,1,0,1,0
0,Early_Return,13,22,6,1,0,208.25,0.0,1,0,1,0
0,Full_Day,7,3,4,0,1,485.4906,0.0,1,1,0,0
0,Long_Term,7,47,4,0,1,492.0,0.0,1,0,0,0
0,Early_Return,7,55,1,0,1,2259.0,0.0,1,1,0,0
0,Early_Return,12,41,1,0,0,1574.0,0.0,1,0,0,0
0,Full_Day,6,28,0,0,1,1200.75,0.0,1,0,0,0
0,Early_Return,7,26,0,0,1,1031.4,0.0,1,0,0,0
0,Early_Return,7,10,3,0,1,970.0,0.0,1,1,0,0
1,Early_Return,5,39,3,0,1,189.2,0.0,1,1,0,0
1,Early_Return,13,18,2,0,0,167.4,0.0,1,0,1,0
1,Full_Day,6,52,2,0,1,164.2,0.0,1,0,1,0
1,Full_Day,7,12,3,0,1,197.8,0.0,1,1,0,0
0,Early_Return,7,31,0,0,1,485.4906,0.0,1,0,0,0
0,Full_Day,7,20,1,0,1,65.0,0.0,1,1,0,0
0,Early_Return,6,50,6,1,1,240.5,0.0,1,0,0,0
0,Early_Return,6,37,1,0,1,193.0,0.0,1,0,0,0
1,Early_Return,6,43,6,1,1,164.25,0.0,1,0,1,0
1,Early_Return,7,31,3,0,1,154.6,0.0,1,1,0,0
0,Early_Return,11,20,0,0,1,485.4906,0.0,1,0,0,0
0,Overnight,6,48,5,1,1,113.0,0.0,1,0,0,0
0,Full_Day,6,26,1,0,1,735.0,1.0,1,0,0,1
0,Long_Term,6,49,1,0,1,633.0,1.0,1,0,0,0
0,Full_Day,7,24,2,0,1,1429.25,1.0,1,1,0,0
0,Long_Term,7,1,3,0,1,1202.8,1.0,1,0,0,0
0,Full_Day,6,41,4,0,1,1778.0,1.0,1,0,0,0
0,Full_Day,7,34,1,0,1,1571.0,1.0,1,0,0,0
0,Full_Day,7,27,3,0,1,1561.0,1.0,1,0,0,0
1,Early_Return,7,33,6,1,1,891.0,1.0,1,0,1,0
0,Full_Day,12,44,5,1,0,485.4906,1.0,1,0,1,0
0,Early_Return,7,41,0,0,1,342.0,0.0,1,0,0,0
1,Early_Return,11,41,4,0,1,222.0,0.0,1,0,0,1
0,Full_Day,12,51,5,1,0,485.4906,0.0,1,1,0,0
0,Early_Return,13,21,4,0,0,517.0,0.0,1,0,0,1
0,Full_Day,13,1,4,0,0,301.5,0.0,1,1,0,0
1,Full_Day,12,55,3,0,0,349.6666666666667,0.0,1,0,0,0
1,Early_Return,7,6,5,1,1,384.0,0.0,1,0,1,0
0,Full_Day,7,7,4,0,1,485.4906,0.0,1,0,0,0
0,Early_Return,12,44,6,1,0,378.0,0.0,1,0,1,0
0,Early_Return,6,8,4,0,1,253.0,0.0,1,0,0,0
0,Early_Return,7,12,6,1,1,228.33333333333334,0.0,1,0,0,0
0,Early_Return,12,28,2,0,0,220.25,0.0,1,1,0,0
0,Full_Day,12,28,3,0,0,202.8,0.0,1,0,1,0
0,Full_Day,7,3,1,0,1,202.8,0.0,1,1,0,0
0,Full_Day,13,10,6,1,0,234.4,0.0,1,0,1,0
0,Early_Return,6,33,4,0,1,284.0,0.0,1,0,1,0
1,Full_Day,6,50,5,1,1,258.8,0.0,1,1,0,0
1,Full_Day,7,51,0,0,1,313.2,0.0,1,0,1,0
0,Early_Return,13,5,6,1,0,485.4906,0.0,1,0,0,0
0,Long_Term,13,8,0,0,0,70.0,0.0,1,1,0,0
1,Overnight,12,23,0,0,0,1716.0,0.0,1,0,0,0
0,Overnight,7,22,2,0,1,485.4906,1.0,1,0,0,0
0,Early_Return,12,40,1,0,0,1211.0,1.0,1,0,0,0
0,Full_Day,6,27,5,1,1,681.0,1.0,1,0,1,0
0,Early_Return,12,22,5,1,0,600.3333333333334,1.0,1,0,1,0
0,Early_Return,5,54,1,0,1,497.5,1.0,1,0,0,0
0,Full_Day,6,19,1,0,1,418.4,1.0,1,1,0,0
0,Overnight,7,35,4,0,1,237.2,1.0,1,1,0,0
0,Early_Return,6,46,3,0,1,464.8,2.0,1,0,1,0
1,Full_Day,7,0,0,0,1,389.4,2.0,1,0,0,1
1,Full_Day,8,5,3,0,1,458.8,2.0,1,0,0,1
1,Full_Day,7,13,5,1,1,496.4,2.0,1,0,0,0
0,Full_Day,6,0,4,0,1,485.4906,2.0,1,1,0,0
0,Full_Day,13,2,4,0,0,470.0,0.0,1,1,0,0
0,Full_Day,6,55,1,0,1,411.5,0.0,1,1,0,0
0,Long_Term,6,6,6,1,1,386.3333333333333,0.0,1,0,0,0
0,Full_Day,7,18,0,0,1,1195.75,0.0,1,1,0,0
0,Overnight,13,7,3,0,0,1031.4,0.0,1,1,0,0
1,Early_Return,7,17,1,0,1,1186.4,1.0,1,1,0,0
1,Full_Day,13,6,4,0,0,1149.0,1.0,1,1,0,0
1,Full_Day,12,42,2,0,0,1159.6,1.0,1,0,0,0
0,Full_Day,12,55,6,1,0,485.4906,1.0,1,0,0,0
0,Full_Day,7,26,3,0,1,309.0,0.0,1,1,0,0
0,Full_Day,6,39,5,1,1,338.5,0.0,1,0,0,1
0,Full_Day,12,52,6,1,0,315.0,0.0,1,0,0,0
0,Full_Day,13,25,3,0,0,330.75,0.0,1,0,0,0
0,Full_Day,7,24,0,0,1,348.4,0.0,1,0,0,0
0,Full_Day,8,2,1,0,1,348.0,0.0,1,1,0,0
0,Full_Day,12,2,6,1,0,378.2,0.0,1,1,0,0
0,Long_Term,6,51,2,0,1,424.0,0.0,1,0,1,0
0,Full_Day,6,59,1,0,1,947.4,0.0,1,0,1,0
0,Early_Return,6,26,0,0,1,932.8,0.0,1,1,0,0
0,Early_Return,7,56,5,1,1,485.4906,0.0,1,0,1,0
0,Full_Day,7,45,6,1,1,83.0,0.0,1,1,0,0
0,Early_Return,7,5,4,0,1,266.5,0.0,1,0,1,0
0,Full_Day,13,3,5,1,0,230.66666666666666,0.0,1,0,0,0
0,Full_Day,6,54,1,0,1,288.25,0.0,1,0,1,0
0,Full_Day,6,58,5,1,1,301.4,0.0,1,0,1,0
1,Full_Day,5,58,3,0,1,380.8,0.0,1,0,0,1
1,Early_Return,6,57,3,0,1,388.6,0.0,1,0,0,0
0,Early_Return,6,1,4,0,1,485.4906,0.0,1,1,0,0
0,Early_Return,12,29,5,1,0,148.0,0.0,1,0,0,0
0,Full_Day,11,54,5,1,1,164.5,0.0,1,0,0,0
0,Overnight,7,1,4,0,1,485.4906,0.0,1,0,0,0
0,Overnight,6,44,3,0,1,1145.0,1.0,1,1,0,0
0,Early_Return,6,51,3,0,1,977.0,2.0,1,0,0,0
0,Long_Term,12,40,4,0,0,698.0,2.0,1,1,0,0
0,Long_Term,7,8,5,1,1,1162.5,2.0,1,0,0,1
0,Full_Day,6,29,0,0,1,1420.4,2.0,0,0,1,0
0,Full_Day,12,35,6,1,0,485.4906,2.0,1,0,0,0
0,Full_Day,6,22,0,0,1,518.0,0.0,1,0,1,0
0,Early_Return,12,59,2,0,0,475.5,0.0,1,1,0,0
0,Long_Term,12,57,5,1,0,485.4906,0.0,1,0,1,0
0,Full_Day,6,52,5,1,1,2999.0,0.0,1,0,0,0
0,Overnight,12,48,2,0,0,1654.0,0.0,1,1,0,0
0,Early_Return,7,6,0,0,1,1512.0,1.0,1,0,0,1
0,Overnight,13,28,4,0,0,1168.0,1.0,1,0,0,1
0,Full_Day,13,13,4,0,0,485.4906,2.0,1,0,0,0
0,Full_Day,7,16,6,1,1,430.0,0.0,1,0,0,0
0,Overnight,6,52,1,0,1,362.0,0.0,1,0,0,0
0,Early_Return,7,28,6,1,1,716.3333333333334,1.0,1,0,1,0
0,Full_Day,6,26,3,0,1,589.5,1.0,1,0,0,0
0,Full_Day,6,39,5,1,1,528.6,1.0,1,1,0,0
0,Early_Return,6,38,4,0,1,541.6,1.0,1,0,0,0
1,Long_Term,13,7,2,0,0,495.2,1.0,1,0,0,0
0,Full_Day,6,53,2,0,1,485.4906,1.0,1,1,0,0
0,Early_Return,7,26,2,0,1,493.0,0.0,1,0,0,1
0,Early_Return,6,32,5,1,1,345.0,0.0,1,1,0,0
0,Early_Return,7,5,4,0,1,285.0,0.0,1,0,0,0
0,Long_Term,7,54,0,0,1,262.0,0.0,1,0,0,0
0,Full_Day,8,11,6,1,1,506.2,0.0,1,1,0,0
0,Early_Return,13,0,3,0,0,484.4,0.0,1,0,0,0
1,Full_Day,7,8,0,0,1,460.6,0.0,1,0,0,0
1,Full_Day,7,27,1,0,1,478.2,0.0,1,1,0,0
0,Overnight,7,9,4,0,1,485.4906,0.0,1,0,0,0
0,Full_Day,12,52,2,0,0,1199.0,1.0,1,1,0,0
0,Full_Day,6,48,4,0,1,779.0,1.0,1,1,0,0
0,Full_Day,6,49,0,0,1,684.6666666666666,1.0,1,1,0,0
0,Early_Return,7,50,5,1,1,624.0,1.0,1,0,0,0
0,Overnight,13,15,1,0,0,528.4,1.0,1,1,0,0
0,Full_Day,7,19,6,1,1,464.4,2.0,1,0,1,0
0,Early_Return,12,28,6,1,0,449.6,2.0,1,0,0,0
0,Early_Return,12,22,1,0,0,373.6,2.0,1,0,1,0
1,Overnight,6,23,5,1,1,308.2,2.0,1,1,0,0
0,Full_Day,12,13,3,0,0,485.4906,3.0,1,0,0,0
0,Full_Day,11,48,0,0,1,321.0,0.0,1,0,0,0
0,Full_Day,6,2,1,0,1,359.0,0.0,1,0,1,0
0,Early_Return,6,50,1,0,1,328.0,0.0,1,1,0,0
0,Long_Term,6,34,5,1,1,281.75,0.0,1,0,0,1
0,Early_Return,7,18,0,0,1,970.4,0.0,1,0,1,0
0,Full_Day,12,41,5,1,0,947.2,0.0,1,0,0,0
0,Early_Return,7,58,6,1,1,961.0,0.0,1,1,0,0
0,Full_Day,7,10,2,0,1,944.2,0.0,1,1,0,0
1,Full_Day,6,9,2,0,1,1011.6,0.0,1,1,0,0
1,Early_Return,12,38,5,1,0,374.0,0.0,1,0,0,0
0,Full_Day,6,34,5,1,1,485.4906,0.0,1,0,0,0
0,Full_Day,7,8,6,1,1,406.0,0.0,1,0,0,0
0,Full_Day,7,17,1,0,1,464.0,0.0,1,0,0,0
0,Early_Return,6,22,2,0,1,432.0,0.0,1,0,1,0
0,Early_Return,6,34,1,0,1,339.25,0.0,1,0,1,0
0,Early_Return,7,40,3,0,1,302.0,0.0,1,0,1,0
0,Overnight,6,43,6,1,1,485.4906,0.0,1,1,0,0
0,Full_Day,6,29,4,0,1,1387.0,1.0,1,0,0,0
0,Full_Day,7,9,6,1,1,891.5,1.0,1,0,1,0
0,Full_Day,5,48,1,0,1,752.6666666666666,1.0,1,1,0,0
1,Full_Day,12,50,0,0,0,651.0,1.0,1,0,1,0
0,Early_Return,6,53,2,0,1,485.4906,1.0,1,0,1,0
0,Full_Day,6,27,0,0,1,200.0,0.0,1,0,1,0
0,Full_Day,7,11,6,1,1,266.5,0.0,1,0,0,0
0,Early_Return,6,20,6,1,1,268.0,0.0,1,0,0,1
0,Full_Day,7,13,2,0,1,240.75,0.0,1,0,0,0
0,Early_Return,6,54,1,0,1,281.2,0.0,1,1,0,0
0,Full_Day,12,32,5,1,0,280.6,0.0,1,1,0,0
0,Early_Return,13,11,6,1,0,485.4906,0.0,1,0,0,0
0,Overnight,12,15,6,1,0,161.0,0.0,1,0,0,0
0,Early_Return,12,2,5,1,0,651.5,1.0,1,0,0,0
0,Long_Term,7,14,4,0,1,485.6666666666667,1.0,1,1,0,0
0,Early_Return,12,24,1,0,0,1045.0,1.0,1,1,0,0
0,Early_Return,6,19,2,0,1,854.6,1.0,1,1,0,0
0,Early_Return,6,58,6,1,1,835.4,1.0,1,0,1,0
0,Full_Day,12,48,4,0,0,624.0,1.0,1,0,0,0
0,Overnight,13,18,0,0,0,658.6,1.0,1,0,0,1
0,Full_Day,7,14,4,0,1,265.4,2.0,1,0,0,0
0,Overnight,6,35,4,0,1,312.8,2.0,1,1,0,0
0,Full_Day,13,2,4,0,0,527.4,3.0,1,0,0,0
1,Early_Return,6,54,5,1,1,615.2,3.0,1,1,0,0
0,Full_Day,6,36,5,1,1,485.4906,3.0,1,0,0,0
0,Early_Return,12,51,6,1,0,472.0,0.0,1,1,0,0
0,Early_Return,12,22,3,0,0,298.5,0.0,1,0,0,0
0,Early_Return,6,57,2,0,1,219.66666666666666,0.0,1,1,0,0
0,Early_Return,13,29,2,0,0,186.75,0.0,1,0,1,0
0,Full_Day,12,41,5,1,0,183.4,0.0,1,0,0,1
0,Early_Return,7,43,5,1,1,185.6,0.0,1,0,1,0
0,Early_Return,13,23,5,1,0,196.2,0.0,1,1,0,0
1,Full_Day,12,34,3,0,0,204.2,0.0,1,0,0,0
1,Full_Day,6,37,3,0,1,249.6,0.0,1,0,0,0
0,Early_Return,13,9,5,1,0,485.4906,0.0,1,1,0,0
0,Full_Day,7,10,1,0,1,165.0,0.0,1,0,1,0
1,Full_Day,12,51,2,0,0,205.5,0.0,1,1,0,0
1,Full_Day,7,7,4,0,1,238.33333333333334,0.0,1,0,0,0
0,Long_Term,7,32,4,0,1,485.4906,0.0,1,0,0,0
0,Full_Day,6,59,1,0,1,3216.0,0.0,1,0,0,0
0,Full_Day,12,41,2,0,0,1729.0,0.0,1,0,1,0
0,Full_Day,7,31,1,0,1,1313.6666666666667,0.0,1,0,0,0
0,Overnight,12,43,5,1,0,1069.75,0.0,1,0,0,1
0,Early_Return,6,53,5,1,1,1107.0,1.0,1,1,0,0
0,Full_Day,12,34,1,0,0,495.8,1.0,1,0,0,1
0,Full_Day,12,57,3,0,0,512.4,1.0,1,0,0,0
0,Overnight,12,31,5,1,0,505.2,1.0,1,0,0,0
0,Early_Return,7,43,1,0,1,652.0,2.0,1,0,0,1
1,Full_Day,12,42,2,0,0,423.2,2.0,1,0,0,0
1,Full_Day,7,8,1,0,1,458.2,2.0,1,0,1,0
0,Early_Return,13,38,6,1,0,485.4906,2.0,1,0,1,0
0,Full_Day,12,54,0,0,0,156.0,0.0,1,0,1,0
0,Full_Day,12,46,3,0,0,218.0,0.0,1,0,0,0
0,Full_Day,6,39,6,1,1,317.0,0.0,1,0,1,0
0,Long_Term,6,55,4,0,1,318.5,0.0,1,0,0,1
0,Full_Day,7,0,1,0,1,596.0,0.0,1,0,0,0
0,Full_Day,8,8,6,1,1,485.4906,0.0,1,0,0,1
0,Long_Term,12,31,5,1,0,517.0,0.0,1,0,0,0
0,Overnight,7,7,6,1,1,2369.0,0.0,1,0,0,0
0,Early_Return,7,43,5,1,1,1925.0,1.0,1,0,0,0
0,Early_Return,7,4,2,0,1,1459.0,1.0,1,0,1,0
0,Early_Return,6,14,1,0,1,1207.8,1.0,1,0,0,0
0,Early_Return,13,5,0,0,0,485.4906,1.0,1,1,0,0
0,Early_Return,12,58,2,0,0,132.0,0.0,1,0,0,0
0,Full_Day,6,12,0,0,1,139.0,0.0,1,0,1,0
0,Early_Return,11,42,3,0,1,202.66666666666666,0.0,1,0,0,0
0,Full_Day,11,40,0,0,1,187.0,0.0,1,0,1,0
0,Full_Day,11,37,0,0,1,207.0,0.0,1,0,0,0
0,Full_Day,7,31,0,0,1,236.6,0.0,1,0,1,0
1,Early_Return,7,45,2,0,1,288.0,0.0,1,1,0,0
1,Early_Return,12,54,3,0,0,236.6,0.0,1,1,0,0
0,Full_Day,12,4,6,1,0,485.4906,0.0,1,0,0,0
0,Early_Return,7,24,6,1,1,356.0,0.0,1,1,0,0
0,Full_Day,6,14,1,0,1,273.0,0.0,1,1,0,0
0,Early_Return,13,9,1,0,0,347.6666666666667,0.0,1,0,0,0
0,Full_Day,6,50,6,1,1,287.75,0.0,1,0,0,0
0,Early_Return,7,5,3,0,1,485.4906,0.0,1,1,0,0
0,Full_Day,12,56,0,0,0,176.0,0.0,0,1,0,0
0,Early_Return,7,4,1,0,1,272.0,0.0,1,0,0,0
0,Full_Day,6,47,0,0,1,219.0,0.0,1,1,0,0
1,Full_Day,7,21,3,0,1,280.5,0.0,1,0,0,0
0,Full_Day,13,11,6,1,0,485.4906,0.0,1,0,0,0
0,Early_Return,6,50,1,0,1,240.0,0.0,1,0,1,0
0,Early_Return,6,33,3,0,1,178.0,0.0,1,0,1,0
0,Overnight,7,9,6,1,1,167.0,0.0,1,0,0,0
0,Early_Return,7,34,3,0,1,363.75,1.0,1,0,0,1
0,Full_Day,13,21,2,0,0,485.4906,1.0,1,0,0,0
0,Full_Day,13,7,5,1,0,414.0,0.0,1,0,0,0
0,Full_Day,7,35,4,0,1,416.0,0.0,1,1,0,0
0,Early_Return,13,5,0,0,0,395.0,0.0,1,0,0,1
0,Early_Return,7,27,4,0,1,346.5,0.0,1,0,0,0
1,Early_Return,6,55,0,0,1,292.6,0.0,1,0,0,0
1,Full_Day,7,55,2,0,1,230.6,0.0,1,0,0,0
1,Full_Day,12,35,3,0,0,254.8,0.0,1,0,0,0
1,Full_Day,12,49,6,1,0,245.6,0.0,1,0,0,1
0,Long_Term,12,59,6,1,0,485.4906,0.0,1,0,1,0
0,Overnight,6,46,0,0,1,3745.0,0.0,1,0,1,0
0,Full_Day,5,55,1,0,1,2247.0,1.0,1,0,1,0
1,Full_Day,7,20,0,0,1,1579.0,1.0,1,0,0,0
0,Early_Return,12,28,2,0,0,485.4906,1.0,1,1,0,0
0,Full_Day,7,25,6,1,1,144.0,0.0,1,0,0,0
0,Full_Day,12,18,4,0,0,284.0,0.0,1,0,1,0
0,Early_Return,6,55,0,0,1,352.6666666666667,0.0,1,0,0,0
0,Early_Return,6,40,5,1,1,300.0,0.0,1,1,0,0
0,Early_Return,12,50,0,0,0,254.8,0.0,1,0,0,0
0,Early_Return,6,8,4,0,1,243.4,0.0,1,1,0,0
0,Full_Day,6,38,6,1,1,196.4,0.0,1,1,0,0
1,Full_Day,11,53,3,0,1,190.4,0.0,1,1,0,0
1,Early_Return,7,11,5,1,1,238.6,0.0,1,1,0,0
1,Early_Return,6,59,6,1,1,247.8,0.0,1,0,1,0
0,Full_Day,7,17,6,1,1,485.4906,0.0,1,1,0,0
0,Full_Day,7,4,2,0,1,415.0,0.0,1,0,0,1
0,Early_Return,7,7,1,0,1,377.5,0.0,1,0,0,1
0,Early_Return,6,49,2,0,1,305.0,0.0,1,0,1,0
0,Early_Return,7,20,6,1,1,265.5,0.0,1,0,1,0
0,Full_Day,13,16,2,0,0,224.6,0.0,1,1,0,0
0,Overnight,7,33,6,1,1,248.0,0.0,1,0,1,0
0,Overnight,7,4,0,0,1,439.6,1.0,1,1,0,0
0,Long_Term,7,44,1,0,1,679.0,2.0,1,1,0,0
0,Full_Day,6,27,3,0,1,1193.8,2.0,0,1,0,0
1,Long_Term,7,22,2,0,1,1281.4,2.0,1,0,0,0
1,Full_Day,7,42,3,0,1,1825.6,2.0,1,1,0,0
1,Full_Day,7,19,1,0,1,1642.2,2.0,1,1,0,0
0,Full_Day,6,28,5,1,1,485.4906,2.0,1,0,0,0
0,Full_Day,12,15,4,0,0,381.0,0.0,1,1,0,0
0,Full_Day,6,17,2,0,1,409.0,0.0,1,0,0,0
0,Early_Return,6,29,6,1,1,422.6666666666667,0.0,1,0,1,0
0,Full_Day,12,22,4,0,0,345.25,0.0,1,0,0,0
0,Full_Day,6,22,2,0,1,345.2,0.0,1,1,0,0
0,Full_Day,13,45,4,0,0,335.6,0.0,1,1,0,0
0,Early_Return,7,29,1,0,1,344.4,0.0,1,0,0,0
0,Full_Day,12,54,5,1,0,273.0,0.0,1,1,0,0
0,Full_Day,6,35,6,1,1,298.4,0.0,1,0,0,0
1,Early_Return,6,46,1,0,1,288.2,0.0,1,0,0,0
0,Full_Day,7,4,1,0,1,485.4906,0.0,1,0,0,0
1,Full_Day,7,6,5,1,1,241.0,0.0,1,0,0,0
0,Full_Day,6,41,3,0,1,485.4906,0.0,1,1,0,0
0,Overnight,6,57,0,0,1,462.0,0.0,1,1,0,0
0,Overnight,13,27,4,0,0,759.0,1.0,1,0,0,0
1,Early_Return,6,56,3,0,1,874.0,2.0,1,0,0,1
0,Full_Day,6,6,4,0,1,485.4906,2.0,1,0,0,0
0,Early_Return,13,1,5,1,0,446.0,0.0,1,1,0,0
1,Full_Day,7,7,6,1,1,298.5,0.0,1,0,0,1
1,Full_Day,13,3,4,0,0,363.0,0.0,1,0,0,0
0,Full_Day,13,17,6,1,0,485.4906,0.0,1,1,0,0
0,Full_Day,6,53,1,0,1,322.0,0.0,1,1,0,0
0,Full_Day,7,0,6,1,1,368.0,0.0,1,0,0,0
0,Full_Day,6,40,2,0,1,352.0,0.0,1,0,0,0
0,Full_Day,7,42,6,1,1,339.75,0.0,1,0,0,0
1,Full_Day,7,6,2,0,1,350.4,0.0,1,1,0,0
0,Full_Day,13,24,3,0,0,485.4906,0.0,0,0,0,0
0,Early_Return,6,30,4,0,1,331.0,0.0,0,1,0,0
0,Full_Day,13,25,2,0,0,227.0,0.0,1,0,1,0
0,Full_Day,6,59,6,1,1,235.66666666666666,0.0,1,0,0,0
0,Early_Return,7,21,6,1,1,485.4906,0.0,1,0,1,0
0,Full_Day,6,43,5,1,1,108.0,0.0,1,1,0,0
0,Early_Return,7,3,1,0,1,203.0,0.0,1,0,0,0
0,Full_Day,6,58,1,0,1,169.33333333333334,0.0,1,1,0,0
0,Full_Day,13,31,3,0,0,205.25,0.0,1,0,0,0
0,Overnight,7,30,0,0,1,485.4906,0.0,1,1,0,0
0,Full_Day,6,27,0,0,1,1195.0,1.0,1,0,0,0
0,Early_Return,7,35,0,0,1,766.0,1.0,1,1,0,0
0,Early_Return,7,25,4,0,1,554.0,1.0,1,0,0,0
0,Long_Term,13,49,0,0,0,464.25,1.0,1,0,0,0
1,Full_Day,7,4,0,0,1,677.0,1.0,1,0,0,1
0,Full_Day,6,28,5,1,1,485.4906,1.0,1,0,0,0
0,Early_Return,7,24,0,0,1,481.0,0.0,1,1,0,0
0,Full_Day,7,51,3,0,1,273.5,0.0,1,0,0,0
0,Full_Day,7,46,6,1,1,317.3333333333333,0.0,1,0,0,0
0,Full_Day,12,29,6,1,0,307.75,0.0,1,0,0,0
0,Full_Day,13,24,5,1,0,320.8,0.0,1,0,0,0
1,Early_Return,12,34,2,0,0,305.6,0.0,1,0,0,0
1,Full_Day,13,44,2,0,0,332.0,0.0,1,1,0,0
0,Full_Day,6,17,6,1,1,485.4906,0.0,1,0,0,0
0,Full_Day,12,55,5,1,0,362.0,0.0,1,1,0,0
0,Overnight,12,47,6,1,0,307.0,0.0,1,0,1,0
0,Full_Day,6,48,1,0,1,557.3333333333334,1.0,1,0,0,0
0,Full_Day,7,58,4,0,1,525.75,1.0,1,0,1,0
0,Overnight,6,59,4,0,1,499.4,1.0,1,0,0,0
0,Full_Day,12,50,2,0,0,713.6,2.0,1,0,1,0
0,Full_Day,7,28,6,1,1,736.8,2.0,1,0,0,0
0,Full_Day,13,57,2,0,0,485.4906,2.0,1,1,0,0
0,Full_Day,12,47,1,0,0,493.0,0.0,1,0,0,0
0,Full_Day,6,35,6,1,1,370.5,0.0,1,0,0,0
0,Overnight,6,29,4,0,1,425.3333333333333,0.0,0,0,0,0
0,Full_Day,13,17,4,0,0,586.75,1.0,1,0,0,0
0,Early_Return,6,38,5,1,1,548.2,1.0,1,1,0,0
0,Full_Day,12,30,4,0,0,479.8,1.0,1,0,1,0
0,Early_Return,6,17,5,1,1,485.4906,1.0,1,0,0,0
0,Long_Term,6,41,3,0,1,154.0,0.0,1,1,0,0
0,Early_Return,12,45,6,1,0,1846.5,0.0,1,1,0,0
0,Early_Return,6,11,4,0,1,1275.0,0.0,1,0,0,1
0,Full_Day,12,33,4,0,0,983.5,0.0,1,0,1,0
0,Full_Day,6,22,4,0,1,852.6,0.0,1,0,0,0
0,Overnight,12,30,0,0,0,890.4,0.0,1,0,0,1
0,Full_Day,6,36,6,1,1,463.4,1.0,0,0,1,0
1,Full_Day,6,57,0,0,1,536.8,1.0,1,0,0,0
0,Early_Return,6,53,5,1,1,485.4906,1.0,1,0,0,0
0,Full_Day,6,15,1,0,1,184.0,0.0,1,0,0,0
0,Full_Day,13,49,5,1,0,360.5,0.0,0,0,0,0
0,Early_Return,12,38,4,0,0,336.3333333333333,0.0,1,1,0,0
0,Early_Return,7,15,3,0,1,302.25,0.0,1,0,1,0
0,Full_Day,7,36,4,0,1,255.8,0.0,1,0,0,0
0,Full_Day,12,41,1,0,0,281.6,0.0,1,0,0,1
0,Early_Return,6,30,0,0,1,224.6,0.0,1,0,0,0
0,Overnight,6,56,0,0,1,204.8,0.0,1,0,0,0
0,Early_Return,13,46,5,1,0,390.4,1.0,1,1,0,0
0,Full_Day,13,13,0,0,0,485.4906,1.0,1,0,1,0
0,Early_Return,6,52,1,0,1,250.0,0.0,1,0,0,0
0,Early_Return,12,48,4,0,0,162.0,0.0,1,0,0,1
0,Early_Return,6,31,3,0,1,147.0,0.0,0,1,0,0
0,Early_Return,13,10,4,0,0,156.0,0.0,1,0,1,0
1,Full_Day,6,49,3,0,1,159.2,0.0,1,0,0,0
0,Overnight,12,6,0,0,0,485.4906,0.0,1,0,1,0
0,Early_Return,12,2,3,0,0,1287.0,1.0,1,0,0,0
0,Long_Term,7,18,0,0,1,724.5,1.0,1,0,0,0
0,Full_Day,7,5,3,0,1,1340.6666666666667,1.0,1,1,0,0
0,Early_Return,6,44,0,0,1,1137.75,1.0,1,1,0,0
0,Early_Return,7,22,0,0,1,948.0,1.0,1,0,0,0
0,Full_Day,6,53,4,0,1,711.8,1.0,1,1,0,0
0,Full_Day,6,53,1,0,1,485.4906,1.0,1,0,0,0
0,Full_Day,5,50,1,0,1,413.0,0.0,1,0,0,0
0,Long_Term,12,38,5,1,0,416.5,0.0,1,1,0,0
0,Full_Day,7,32,4,0,1,955.6666666666666,0.0,1,0,1,0
1,Early_Return,6,51,4,0,1,851.0,0.0,1,0,0,0
0,Overnight,7,21,5,1,1,485.4906,0.0,1,0,0,0
0,Full_Day,6,29,4,0,1,1385.0,1.0,1,1,0,0
0,Overnight,8,0,1,0,1,911.0,1.0,1,1,0,0
0,Full_Day,8,10,1,0,1,920.0,2.0,1,1,0,0
0,Full_Day,7,27,2,0,1,755.25,2.0,1,0,0,0
1,Early_Return,7,2,2,0,1,688.0,2.0,1,0,1,0
0,Full_Day,6,37,6,1,1,485.4906,2.0,1,0,0,0
0,Overnight,7,47,4,0,1,502.0,0.0,1,0,0,1
0,Full_Day,6,18,2,0,1,676.5,1.0,1,0,1,0
0,Full_Day,7,3,0,0,1,608.3333333333334,1.0,1,1,0,0
1,Overnight,12,12,0,0,0,561.0,1.0,1,0,0,0
0,Full_Day,6,24,2,0,1,485.4906,2.0,1,0,0,0
0,Early_Return,6,50,6,1,1,534.0,0.0,1,1,0,0
0,Overnight,7,20,0,0,1,302.0,0.0,1,0,0,0
0,Full_Day,6,36,6,1,1,509.3333333333333,1.0,1,0,0,0
0,Early_Return,6,57,5,1,1,470.5,1.0,1,0,0,0
0,Early_Return,6,20,2,0,1,409.4,1.0,1,0,1,0
0,Early_Return,7,7,5,1,1,314.6,1.0,1,0,1,0
0,Full_Day,7,31,4,0,1,328.0,1.0,1,0,0,1
0,Full_Day,12,44,3,0,0,485.4906,1.0,1,0,0,0
0,Early_Return,12,47,5,1,0,300.0,0.0,1,1,0,0
0,Early_Return,12,11,6,1,0,216.0,0.0,1,0,0,0
1,Full_Day,6,58,5,1,1,174.33333333333334,0.0,1,1,0,0
1,Full_Day,12,53,3,0,0,221.0,0.0,1,1,0,0
0,Early_Return,12,22,6,1,0,485.4906,0.0,1,0,0,0
0,Early_Return,13,33,5,1,0,129.0,0.0,1,0,0,0
1,Early_Return,12,50,2,0,0,114.5,0.0,1,0,1,0
1,Full_Day,12,53,2,0,0,108.66666666666667,0.0,1,0,0,1
0,Early_Return,7,29,4,0,1,485.4906,0.0,1,0,0,0
0,Full_Day,13,3,6,1,0,102.0,0.0,1,0,0,0
0,Early_Return,12,56,4,0,0,240.5,0.0,1,0,0,0
0,Full_Day,6,48,5,1,1,206.0,0.0,1,1,0,0
0,Full_Day,7,26,6,1,1,279.25,0.0,1,0,0,1
0,Full_Day,6,50,2,0,1,292.2,0.0,1,0,0,0
0,Early_Return,7,22,1,0,1,344.6,0.0,1,1,0,0
0,Early_Return,12,59,1,0,0,290.6,0.0,0,0,0,0
1,Full_Day,6,26,3,0,1,290.2,0.0,1,1,0,0
0,Full_Day,12,11,5,1,0,485.4906,0.0,1,0,0,0
0,Early_Return,7,13,4,0,1,438.0,0.0,1,0,0,0
0,Full_Day,7,26,1,0,1,315.5,0.0,1,0,1,0
1,Early_Return,7,26,0,0,1,376.6666666666667,0.0,1,0,0,1
0,Full_Day,6,14,3,0,1,485.4906,0.0,1,0,0,0
0,Full_Day,12,20,5,1,0,284.0,0.0,1,0,0,0
0,Early_Return,13,12,1,0,0,370.5,0.0,1,0,1,0
0,Full_Day,6,13,0,0,1,278.0,0.0,1,0,0,0
0,Early_Return,6,48,1,0,1,296.25,0.0,1,0,0,0
0,Full_Day,7,19,5,1,1,251.6,0.0,1,0,0,1
0,Full_Day,8,16,6,1,1,273.4,0.0,1,0,0,0
0,Full_Day,12,27,6,1,0,267.4,0.0,0,0,0,0
1,Early_Return,6,52,0,0,1,352.4,0.0,1,0,1,0
1,Full_Day,7,11,3,0,1,302.8,0.0,1,0,0,0
0,Full_Day,13,51,4,0,0,485.4906,0.0,0,1,0,0
0,Early_Return,7,34,1,0,1,265.0,0.0,1,1,0,0
0,Full_Day,6,48,5,1,1,169.5,0.0,1,0,0,0
0,Full_Day,11,56,0,0,1,271.3333333333333,0.0,1,0,0,0
0,Full_Day,6,17,4,0,1,285.25,0.0,1,1,0,0
0,Long_Term,12,47,6,1,0,285.6,0.0,1,0,1,0
0,Overnight,12,52,6,1,0,939.0,0.0,1,0,0,1
0,Full_Day,6,50,1,0,1,1211.8,1.0,1,0,0,1
0,Full_Day,11,46,0,0,1,1205.2,1.0,1,0,0,1
1,Full_Day,7,26,4,0,1,1229.8,1.0,1,0,0,0
0,Full_Day,12,58,3,0,0,485.4906,1.0,1,0,1,0
0,Full_Day,12,28,1,0,0,264.0,0.0,1,1,0,0
0,Full_Day,13,1,3,0,0,253.5,0.0,1,0,0,0
0,Full_Day,12,58,6,1,0,339.0,0.0,1,1,0,0
0,Full_Day,6,28,5,1,1,324.0,0.0,1,1,0,0
1,Early_Return,8,0,6,1,1,327.6,0.0,1,0,0,0
0,Full_Day,7,24,5,1,1,485.4906,0.0,1,0,0,0
0,Full_Day,6,10,3,0,1,402.0,0.0,1,0,1,0
0,Early_Return,7,18,6,1,1,421.0,0.0,1,1,0,0
0,Full_Day,7,40,3,0,1,318.0,0.0,1,1,0,0
1,Overnight,12,17,2,0,0,363.25,0.0,1,0,1,0
0,Early_Return,6,35,2,0,1,485.4906,1.0,1,0,0,0
0,Early_Return,6,21,5,1,1,176.0,0.0,1,0,0,0
0,Full_Day,6,16,5,1,1,134.0,0.0,1,0,0,0
0,Full_Day,6,37,0,0,1,254.0,0.0,0,0,0,0
0,Early_Return,6,26,5,1,1,250.5,0.0,1,0,0,0
0,Early_Return,6,44,5,1,1,235.4,0.0,1,1,0,0
1,Early_Return,12,52,3,0,0,237.8,0.0,1,0,0,0
1,Early_Return,6,6,1,0,1,249.2,0.0,1,0,0,1
0,Early_Return,12,59,6,1,0,485.4906,0.0,1,0,0,0
0,Full_Day,7,49,4,0,1,100.0,0.0,1,0,0,0
0,Early_Return,7,5,6,1,1,267.5,0.0,1,0,0,0
0,Full_Day,12,55,6,1,0,237.0,0.0,1,0,0,0
0,Overnight,12,26,1,0,0,274.5,0.0,1,0,0,0
0,Early_Return,7,31,0,0,1,365.0,1.0,1,1,0,0
1,Full_Day,7,19,3,0,1,386.6,1.0,1,0,0,0
0,Full_Day,12,56,6,1,0,485.4906,1.0,1,0,1,0
0,Early_Return,7,2,0,0,1,465.0,0.0,1,0,1,0
0,Full_Day,11,45,4,0,1,319.0,0.0,1,0,0,0
0,Early_Return,13,3,5,1,0,329.3333333333333,0.0,1,0,1,0
0,Early_Return,7,10,4,0,1,279.0,0.0,1,0,1,0
0,Full_Day,6,29,0,0,1,251.4,0.0,1,0,0,0
1,Early_Return,12,32,0,0,0,209.4,0.0,1,1,0,0
1,Full_Day,12,0,0,0,0,186.8,0.0,1,0,1,0
0,Overnight,6,34,1,0,1,485.4906,0.0,1,0,0,0
0,Early_Return,6,20,6,1,1,827.0,1.0,1,0,0,0
0,Full_Day,6,40,5,1,1,444.0,1.0,1,0,0,0
0,Early_Return,7,10,2,0,1,431.3333333333333,1.0,1,0,0,0
1,Full_Day,12,32,4,0,0,350.5,1.0,1,0,0,1
0,Long_Term,7,26,6,1,1,485.4906,1.0,1,0,0,0
0,Full_Day,7,39,4,0,1,3553.0,0.0,1,0,0,0
0,Overnight,13,36,6,1,0,1925.0,0.0,1,0,0,0
0,Early_Return,7,9,1,0,1,1607.0,1.0,1,0,0,1
0,Early_Return,6,58,2,0,1,1250.5,1.0,1,0,1,0
0,Full_Day,6,47,0,0,1,1021.8,1.0,1,0,0,0
0,Full_Day,7,26,6,1,1,372.8,1.0,1,0,0,1
1,Full_Day,7,30,0,0,1,408.2,1.0,1,1,0,0
0,Early_Return,7,14,2,0,1,485.4906,1.0,1,1,0,0
0,Early_Return,7,1,4,0,1,128.0,0.0,1,0,1,0
0,Full_Day,12,55,4,0,0,166.0,0.0,1,0,0,1
0,Overnight,7,18,3,0,1,283.3333333333333,0.0,1,0,0,0
0,Early_Return,6,57,6,1,1,426.75,1.0,1,0,0,0
1,Full_Day,12,20,2,0,0,368.8,1.0,1,1,0,0
1,Overnight,7,41,2,0,1,400.4,1.0,1,1,0,0
0,Early_Return,7,4,6,1,1,485.4906,2.0,1,0,0,0
0,Overnight,6,22,1,0,1,160.0,0.0,1,1,0,0
0,Early_Return,6,20,6,1,1,681.0,1.0,1,1,0,0
0,Early_Return,12,43,4,0,0,517.0,1.0,1,0,1,0
0,Early_Return,12,18,5,1,0,413.75,1.0,1,0,0,1
0,Early_Return,13,9,4,0,0,370.4,1.0,1,0,0,0
0,Full_Day,6,52,1,0,1,353.0,1.0,1,0,1,0
0,Full_Day,12,45,2,0,0,485.4906,1.0,1,0,0,0
0,Full_Day,7,13,3,0,1,283.0,0.0,1,0,0,0
0,Full_Day,12,45,2,0,0,380.5,0.0,1,1,0,0
0,Early_Return,12,16,5,1,0,427.6666666666667,0.0,1,0,0,1
1,Full_Day,6,43,0,0,1,348.0,0.0,1,1,0,0
0,Long_Term,7,28,3,0,1,485.4906,0.0,1,0,1,0
0,Early_Return,12,27,6,1,0,4099.0,0.0,1,1,0,0
0,Early_Return,6,18,1,0,1,2147.0,0.0,1,0,0,0
0,Full_Day,12,13,4,0,0,1469.6666666666667,0.0,1,0,0,1
0,Full_Day,8,1,3,0,1,1201.0,0.0,1,1,0,0
0,Overnight,6,22,4,0,1,1025.6,0.0,1,0,0,0
0,Early_Return,12,33,4,0,0,385.8,1.0,1,0,0,0
0,Full_Day,12,27,5,1,0,377.2,1.0,1,0,0,0
0,Full_Day,6,13,2,0,1,447.6,1.0,1,0,0,0
0,Overnight,7,43,6,1,1,458.2,1.0,1,1,0,0
1,Early_Return,7,26,3,0,1,597.2,2.0,1,0,0,0
1,Early_Return,6,21,1,0,1,441.4,2.0,1,0,0,0
1,Early_Return,6,50,3,0,1,445.0,2.0,1,0,1,0
0,Full_Day,6,48,0,0,1,485.4906,2.0,1,0,0,1
0,Early_Return,12,18,0,0,0,503.0,0.0,1,0,0,0
1,Full_Day,6,5,1,0,1,311.5,0.0,1,1,0,0
0,Full_Day,12,39,1,0,0,485.4906,0.0,1,0,0,0
0,Long_Term,5,57,5,1,1,297.0,0.0,1,0,0,1
0,Long_Term,7,22,4,0,1,2215.5,0.0,1,1,0,0
0,Early_Return,6,46,5,1,1,2152.6666666666665,0.0,1,0,0,1
0,Full_Day,7,24,0,0,1,1637.5,0.0,1,1,0,0
0,Full_Day,12,39,1,0,0,1358.6,0.0,1,1,0,0
0,Full_Day,7,10,6,1,1,1362.0,0.0,1,0,0,1
0,Full_Day,6,49,3,0,1,642.4,0.0,1,1,0,0
1,Full_Day,6,50,0,0,1,338.0,0.0,1,1,0,0
1,Overnight,6,55,1,0,1,416.8,0.0,1,0,0,1
1,Early_Return,7,22,1,0,1,555.0,1.0,1,0,0,0
0,Long_Term,7,34,1,0,1,485.4906,1.0,1,0,0,0
0,Full_Day,12,47,6,1,0,2487.0,0.0,1,1,0,0
1,Full_Day,6,32,3,0,1,1506.0,0.0,1,1,0,0
0,Early_Return,12,53,6,1,0,485.4906,0.0,1,1,0,0
0,Overnight,6,33,2,0,1,166.0,0.0,0,1,0,0
0,Overnight,7,13,4,0,1,663.0,1.0,1,0,0,0
0,Full_Day,6,47,1,0,1,822.0,2.0,1,0,1,0
0,Early_Return,6,25,5,1,1,681.25,2.0,1,1,0,0
0,Full_Day,6,48,1,0,1,577.6,2.0,1,0,0,0
1,Full_Day,6,35,1,0,1,632.6,2.0,1,1,0,0
1,Full_Day,12,55,1,0,0,481.0,2.0,1,0,0,1
0,Long_Term,12,33,4,0,0,485.4906,2.0,1,0,0,0
0,Full_Day,7,34,4,0,1,3985.0,0.0,1,1,0,0
0,Full_Day,5,55,2,0,1,2127.5,0.0,1,0,1,0
0,Overnight,13,4,3,0,0,1574.0,0.0,1,0,0,0
0,Early_Return,6,23,3,0,1,1522.5,1.0,1,1,0,0
0,Early_Return,13,36,2,0,0,485.4906,1.0,1,0,0,1
0,Early_Return,7,41,4,0,1,83.0,0.0,0,0,0,1
0,Overnight,7,36,0,0,1,141.5,0.0,1,0,0,0
0,Long_Term,13,5,2,0,0,384.3333333333333,1.0,1,0,0,0
0,Overnight,12,16,4,0,0,1300.75,1.0,1,0,1,0
0,Full_Day,7,4,4,0,1,1245.2,2.0,1,1,0,0
0,Overnight,12,45,1,0,0,1328.4,2.0,1,1,0,0
0,Full_Day,13,10,5,1,0,1508.4,3.0,1,0,0,0
1,Full_Day,13,18,2,0,0,1421.8,3.0,1,0,0,0
1,Early_Return,6,51,3,0,1,705.2,3.0,1,0,0,0
1,Full_Day,7,24,3,0,1,515.0,3.0,1,0,1,0
1,Full_Day,7,32,6,1,1,511.4,3.0,1,0,0,0
0,Early_Return,7,1,0,0,1,485.4906,3.0,1,0,0,1
0,Early_Return,6,18,4,0,1,103.0,0.0,1,0,1,0
0,Full_Day,6,24,5,1,1,126.5,0.0,1,0,1,0
0,Early_Return,7,24,1,0,1,220.0,0.0,1,0,0,0
0,Full_Day,6,38,4,0,1,215.0,0.0,1,0,0,1
0,Full_Day,6,56,5,1,1,255.6,0.0,1,0,0,0
0,Full_Day,12,25,4,0,0,323.0,0.0,1,0,0,1
0,Full_Day,6,47,5,1,1,365.0,0.0,1,0,0,0
1,Early_Return,6,49,3,0,1,332.0,0.0,1,0,0,1
0,Early_Return,6,38,1,0,1,485.4906,0.0,1,0,0,0
0,Early_Return,7,6,6,1,1,193.0,0.0,1,0,0,1
0,Long_Term,7,17,2,0,1,130.5,0.0,1,0,0,0
1,Full_Day,12,34,4,0,0,792.0,0.0,1,0,0,0
1,Full_Day,6,6,3,0,1,657.75,0.0,1,0,0,0
0,Full_Day,6,41,1,0,1,485.4906,0.0,1,0,1,0
0,Early_Return,7,42,2,0,1,526.0,0.0,1,0,0,0
0,Early_Return,6,51,0,0,1,314.5,0.0,1,1,0,0
0,Full_Day,11,44,6,1,1,248.66666666666666,0.0,1,1,0,0
0,Full_Day,13,8,3,0,0,285.75,0.0,1,1,0,0
1,Full_Day,7,30,1,0,1,301.4,0.0,1,0,1,0
1,Early_Return,7,38,1,0,1,272.6,0.0,1,0,1,0
1,Early_Return,6,56,4,0,1,286.6,0.0,1,1,0,0
1,Full_Day,6,32,1,0,1,300.4,0.0,1,0,0,0
1,Overnight,12,12,3,0,0,307.2,0.0,1,0,0,0
0,Full_Day,12,18,2,0,0,485.4906,1.0,1,1,0,0
0,Full_Day,7,24,1,0,1,510.0,0.0,1,0,0,0
0,Early_Return,6,20,3,0,1,393.0,0.0,1,1,0,0
0,Full_Day,6,17,1,0,1,310.3333333333333,0.0,1,0,1,0
1,Early_Return,7,16,3,0,1,318.5,0.0,0,0,0,0
1,Full_Day,12,41,2,0,0,274.6,0.0,1,0,0,0
0,Early_Return,6,27,4,0,1,485.4906,0.0,1,0,0,0
0,Full_Day,12,25,1,0,0,203.0,0.0,1,0,1,0
0,Full_Day,7,50,6,1,1,312.5,0.0,1,0,0,0
0,Early_Return,12,19,0,0,0,386.6666666666667,0.0,1,0,0,0
0,Full_Day,7,30,1,0,1,324.0,0.0,1,1,0,0
0,Early_Return,6,28,3,0,1,313.8,0.0,0,0,1,0
0,Full_Day,7,13,3,0,1,291.2,0.0,1,0,0,0
0,Early_Return,6,41,3,0,1,260.4,0.0,1,0,0,0
0,Long_Term,6,52,3,0,1,184.6,0.0,1,0,1,0
1,Early_Return,6,42,2,0,1,483.8,0.0,1,1,0,0
1,Overnight,12,35,6,1,0,451.0,0.0,1,0,0,0
0,Long_Term,6,48,3,0,1,485.4906,1.0,1,1,0,0
0,Full_Day,12,30,0,0,0,4179.0,0.0,1,0,1,0
0,Long_Term,6,47,1,0,1,2235.0,0.0,1,0,0,0
0,Early_Return,6,48,0,0,1,2653.3333333333335,0.0,1,0,0,0
0,Full_Day,13,10,6,1,0,2034.5,0.0,1,0,0,0
0,Early_Return,7,21,1,0,1,1711.4,0.0,1,0,1,0
0,Early_Return,12,54,2,0,0,908.2,0.0,1,1,0,0
0,Early_Return,12,32,5,1,0,867.2,0.0,1,0,0,0
0,Full_Day,7,36,1,0,1,185.0,0.0,1,0,0,0
0,Early_Return,13,44,6,1,0,485.4906,0.0,1,1,0,0
0,Early_Return,12,55,1,0,0,70.0,0.0,1,0,1,0
0,Full_Day,5,49,2,0,1,78.0,0.0,1,1,0,0
0,Early_Return,6,43,3,0,1,150.0,0.0,1,0,0,0
1,Early_Return,6,59,1,0,1,162.75,0.0,1,0,1,0
0,Full_Day,6,46,1,0,1,485.4906,0.0,1,0,0,1
0,Early_Return,6,51,4,0,1,422.0,0.0,1,0,0,0
0,Full_Day,12,44,6,1,0,272.5,0.0,1,0,0,0
0,Early_Return,7,32,1,0,1,324.3333333333333,0.0,1,0,1,0
0,Overnight,7,2,2,0,1,275.0,0.0,1,1,0,0
0,Early_Return,7,36,5,1,1,439.0,1.0,1,0,1,0
0,Full_Day,6,26,2,0,1,371.6,1.0,1,0,0,0
0,Full_Day,6,12,5,1,1,408.0,1.0,1,0,1,0
0,Full_Day,7,16,0,0,1,385.8,1.0,1,0,0,0
0,Early_Return,12,58,5,1,0,438.4,1.0,1,0,0,0
1,Full_Day,7,21,4,0,1,238.2,1.0,1,1,0,0
0,Full_Day,7,25,4,0,1,485.4906,1.0,1,0,0,0
0,Full_Day,12,13,4,0,0,394.0,0.0,1,0,0,0
0,Early_Return,12,26,5,1,0,325.5,0.0,1,0,0,0
0,Full_Day,13,7,1,0,0,265.3333333333333,0.0,1,0,0,1
0,Early_Return,6,48,5,1,1,332.25,0.0,1,0,1,0
0,Full_Day,6,24,1,0,1,485.4906,0.0,1,1,0,0
0,Overnight,6,56,6,1,1,506.0,0.0,1,1,0,0
0,Early_Return,12,55,0,0,0,860.5,1.0,1,0,1,0
0,Early_Return,7,11,6,1,1,594.6666666666666,1.0,1,0,0,0
0,Early_Return,12,20,1,0,0,467.0,1.0,1,0,0,0
0,Full_Day,6,5,5,1,1,399.4,1.0,1,0,1,0
0,Early_Return,12,19,2,0,0,404.0,1.0,1,1,0,0
1,Early_Return,7,3,4,0,1,198.4,1.0,1,0,0,1
0,Early_Return,12,2,1,0,0,485.4906,1.0,1,0,0,0
0,Full_Day,11,38,1,0,1,78.0,0.0,1,0,1,0
0,Early_Return,6,46,4,0,1,189.0,0.0,1,0,0,0
0,Full_Day,7,0,2,0,1,186.0,0.0,1,0,0,0
0,Full_Day,6,37,4,0,1,263.75,0.0,1,1,0,0
0,Full_Day,11,41,1,0,1,270.4,0.0,1,0,0,0
1,Full_Day,12,25,3,0,0,321.0,0.0,1,1,0,0
0,Overnight,12,48,3,0,0,485.4906,0.0,1,1,0,0
0,Full_Day,6,29,5,1,1,760.0,1.0,1,0,1,0
1,Early_Return,7,41,0,0,1,500.0,1.0,1,0,1,0
1,Full_Day,12,54,5,1,0,389.6666666666667,1.0,1,0,0,0
0,Full_Day,7,24,0,0,1,485.4906,1.0,1,0,0,1
0,Full_Day,6,42,6,1,1,503.0,0.0,1,0,0,0
0,Early_Return,7,19,0,0,1,373.0,0.0,1,1,0,0
0,Full_Day,6,54,1,0,1,274.0,0.0,1,0,1,0
0,Early_Return,13,4,4,0,0,485.4906,0.0,1,0,0,0
0,Full_Day,7,28,0,0,1,146.0,0.0,1,1,0,0
0,Early_Return,6,16,6,1,1,340.5,0.0,1,0,0,0
0,Full_Day,7,24,4,0,1,250.66666666666666,0.0,1,1,0,0
1,Early_Return,12,7,1,0,0,274.0,0.0,1,1,0,0
1,Early_Return,6,43,5,1,1,231.8,0.0,1,0,0,1
0,Full_Day,7,35,6,1,1,485.4906,0.0,1,1,0,0
0,Full_Day,7,21,6,1,1,491.0,0.0,1,0,1,0
1,Early_Return,7,16,2,0,1,502.5,0.0,1,1,0,0
0,Overnight,7,38,1,0,1,485.4906,0.0,1,1,0,0
0,Full_Day,6,27,4,0,1,1086.0,1.0,1,0,0,0
0,Long_Term,6,59,0,0,1,754.0,1.0,1,1,0,0
0,Early_Return,6,53,2,0,1,1933.6666666666667,1.0,1,1,0,0
0,Overnight,12,57,3,0,0,1500.0,1.0,1,0,0,0
0,Early_Return,6,54,6,1,1,1367.8,2.0,1,0,0,1
0,Full_Day,12,21,2,0,0,1166.2,2.0,1,1,0,0
0,Full_Day,7,5,2,0,1,1149.6,2.0,1,1,0,0
0,Early_Return,13,26,6,1,0,398.8,2.0,1,0,0,1
1,Full_Day,7,50,0,0,1,397.2,2.0,1,0,0,0
1,Full_Day,6,25,2,0,1,293.8,2.0,0,0,1,0
1,Early_Return,12,59,3,0,0,329.2,2.0,1,0,0,0
0,Full_Day,7,52,5,1,1,485.4906,2.0,1,1,0,0
0,Full_Day,13,13,1,0,0,426.0,0.0,1,0,0,1
0,Early_Return,6,34,5,1,1,460.0,0.0,1,1,0,0
0,Early_Return,6,49,3,0,1,369.0,0.0,1,1,0,0
0,Full_Day,7,36,4,0,1,328.0,0.0,1,1,0,0
0,Full_Day,12,42,5,1,0,349.0,0.0,1,1,0,0
0,Early_Return,7,33,6,1,1,333.4,0.0,1,0,1,0
0,Full_Day,12,40,4,0,0,256.8,0.0,1,0,0,0
0,Full_Day,6,36,3,0,1,288.6,0.0,1,0,1,0
1,Full_Day,13,7,5,1,0,302.8,0.0,1,1,0,0
1,Early_Return,6,41,6,1,1,265.6,0.0,1,0,0,0
1,Full_Day,12,23,5,1,0,216.8,0.0,1,1,0,0
1,Early_Return,6,41,3,0,1,297.6,0.0,1,0,1,0
0,Early_Return,6,45,4,0,1,485.4906,0.0,1,0,0,0
0,Full_Day,7,5,3,0,1,185.0,0.0,1,0,1,0
1,Early_Return,6,6,0,0,1,329.0,0.0,1,0,1,0
1,Full_Day,12,38,1,0,0,285.0,0.0,1,0,1,0
0,Early_Return,5,59,4,0,1,485.4906,0.0,1,0,0,0
0,Full_Day,13,29,1,0,0,198.0,0.0,1,0,0,0
0,Early_Return,7,30,6,1,1,361.5,0.0,1,1,0,0
0,Full_Day,12,35,6,1,0,270.6666666666667,0.0,1,0,0,0
0,Full_Day,6,33,4,0,1,333.0,0.0,1,0,0,0
0,Full_Day,6,50,1,0,1,333.0,0.0,1,0,0,1
1,Early_Return,7,17,1,0,1,392.4,0.0,1,0,0,0
1,Full_Day,12,38,3,0,0,312.2,0.0,1,0,1,0
0,Overnight,11,39,6,1,1,485.4906,0.0,1,1,0,0
0,Full_Day,6,16,2,0,1,759.0,1.0,1,0,0,0
0,Full_Day,6,35,5,1,1,574.0,1.0,1,0,0,0
0,Overnight,7,14,0,0,1,530.0,1.0,1,0,0,0
0,Early_Return,6,47,4,0,1,725.75,2.0,1,1,0,0
0,Overnight,5,33,6,1,1,485.4906,2.0,1,0,0,0
0,Early_Return,13,8,3,0,0,1214.0,1.0,1,1,0,0
0,Full_Day,12,29,4,0,0,681.5,1.0,1,0,0,0
0,Early_Return,12,15,6,1,0,569.3333333333334,1.0,1,0,0,1
0,Early_Return,13,5,4,0,0,471.5,1.0,1,0,0,0
0,Early_Return,7,4,6,1,1,399.0,1.0,1,0,1,0
0,Full_Day,13,5,5,1,0,485.4906,1.0,1,1,0,0
0,Early_Return,5,57,5,1,1,410.0,0.0,1,1,0,0
0,Early_Return,12,26,1,0,0,277.5,0.0,1,0,0,0
0,Early_Return,7,43,3,0,1,224.33333333333334,0.0,1,0,0,1
0,Early_Return,6,29,4,0,1,199.25,0.0,1,0,0,0
0,Overnight,13,20,1,0,0,200.0,0.0,1,1,0,0
0,Early_Return,7,25,0,0,1,389.0,1.0,1,0,0,0
0,Full_Day,12,11,2,0,0,392.2,1.0,1,0,0,0
1,Overnight,13,6,2,0,0,433.0,1.0,1,1,0,0
1,Full_Day,7,0,5,1,1,640.0,2.0,1,0,0,0
0,Full_Day,12,59,1,0,0,485.4906,2.0,1,1,0,0
0,Full_Day,7,24,0,0,1,385.0,0.0,1,1,0,0
0,Full_Day,12,33,6,1,0,393.0,0.0,1,1,0,0
1,Long_Term,7,30,4,0,1,410.0,0.0,1,1,0,0
0,Full_Day,12,0,2,0,0,485.4906,0.0,1,1,0,0
0,Full_Day,7,30,5,1,1,405.0,0.0,1,0,1,0
0,Full_Day,7,42,6,1,1,403.0,0.0,1,0,0,0
0,Full_Day,6,50,0,0,1,432.6666666666667,0.0,1,0,1,0
0,Full_Day,7,24,4,0,1,452.75,0.0,1,0,0,0
0,Full_Day,7,49,4,0,1,442.6,0.0,0,0,0,0
0,Early_Return,7,6,4,0,1,412.0,0.0,1,0,0,0
1,Early_Return,6,48,0,0,1,346.0,0.0,1,0,1,0
1,Full_Day,6,49,0,0,1,276.0,0.0,1,1,0,0
1,Full_Day,13,13,0,0,0,270.0,0.0,1,1,0,0
1,Full_Day,12,35,4,0,0,275.8,0.0,1,0,0,0
0,Full_Day,12,15,4,0,0,485.4906,0.0,1,0,1,0
0,Full_Day,6,11,1,0,1,368.0,0.0,1,0,1,0
0,Early_Return,7,11,2,0,1,305.0,0.0,1,0,1,0
0,Full_Day,6,1,6,1,1,265.0,0.0,1,0,1,0
0,Full_Day,7,28,3,0,1,323.25,0.0,1,0,0,0
0,Full_Day,12,17,5,1,0,343.8,0.0,1,1,0,0
0,Overnight,13,12,3,0,0,360.4,0.0,1,0,0,1
0,Full_Day,6,45,5,1,1,529.4,1.0,1,0,0,0
1,Full_Day,11,52,6,1,1,591.0,1.0,1,0,0,1
1,Full_Day,12,30,3,0,0,593.0,1.0,1,1,0,0
0,Early_Return,7,0,6,1,1,485.4906,1.0,1,0,0,0
0,Full_Day,12,39,3,0,0,205.0,0.0,1,1,0,0
0,Full_Day,13,3,1,0,0,331.0,0.0,1,0,1,0
0,Early_Return,7,38,1,0,1,319.0,0.0,1,0,0,0
0,Full_Day,6,48,4,0,1,277.5,0.0,1,0,1,0
0,Full_Day,6,58,1,0,1,272.0,0.0,1,0,0,0
0,Long_Term,12,51,2,0,0,317.4,0.0,1,1,0,0
0,Early_Return,6,46,3,0,1,821.2,0.0,1,0,1,0
0,Early_Return,12,51,4,0,0,797.2,0.0,1,0,1,0
1,Early_Return,7,41,3,0,1,800.4,0.0,1,0,0,0
1,Overnight,6,19,1,0,1,784.2,0.0,1,0,1,0
0,Full_Day,7,7,2,0,1,485.4906,1.0,1,0,0,0
0,Full_Day,7,16,5,1,1,319.0,0.0,1,0,0,0
0,Full_Day,13,0,4,0,0,334.5,0.0,1,0,0,0
0,Full_Day,12,51,6,1,0,361.6666666666667,0.0,1,0,0,0
0,Full_Day,7,18,4,0,1,340.75,0.0,1,1,0,0
0,Full_Day,7,23,0,0,1,361.4,0.0,1,0,0,0
0,Long_Term,12,27,0,0,0,485.4906,0.0,1,0,0,1
0,Full_Day,7,2,6,1,1,2347.0,0.0,1,1,0,0
0,Full_Day,6,16,6,1,1,1405.0,0.0,1,0,0,0
0,Full_Day,13,36,2,0,0,1113.3333333333333,0.0,1,0,0,0
0,Full_Day,7,41,6,1,1,917.25,0.0,1,0,0,0
0,Full_Day,13,13,6,1,0,837.8,0.0,1,0,0,0
0,Early_Return,7,27,4,0,1,417.8,0.0,1,1,0,0
1,Full_Day,12,15,0,0,0,341.6,0.0,1,0,0,0
1,Early_Return,12,52,3,0,0,299.6,0.0,1,0,0,0
1,Early_Return,7,36,4,0,1,256.6,0.0,1,0,0,0
0,Early_Return,5,54,4,0,1,485.4906,0.0,1,0,0,1
0,Full_Day,6,37,0,0,1,198.0,0.0,1,1,0,0
0,Full_Day,7,8,2,0,1,331.5,0.0,1,0,0,0
0,Full_Day,6,53,4,0,1,359.0,0.0,1,0,1,0
0,Full_Day,6,42,4,0,1,360.0,0.0,1,0,0,0
0,Overnight,7,14,2,0,1,352.6,0.0,1,0,1,0
0,Full_Day,12,26,2,0,0,537.2,1.0,1,1,0,0
0,Early_Return,6,16,6,1,1,496.0,1.0,1,0,0,0
0,Full_Day,7,19,6,1,1,485.4906,1.0,1,0,1,0
0,Full_Day,6,38,1,0,1,352.0,0.0,1,0,1,0
0,Early_Return,6,41,3,0,1,380.5,0.0,1,1,0,0
1,Early_Return,13,1,2,0,0,274.6666666666667,0.0,1,0,0,0
1,Early_Return,13,33,5,1,0,256.5,0.0,1,0,1,0
0,Overnight,11,51,5,1,1,485.4906,0.0,1,1,0,0
0,Long_Term,12,59,1,0,0,924.0,1.0,1,0,0,0
0,Early_Return,6,16,1,0,1,1970.0,1.0,1,0,0,0
0,Full_Day,13,0,1,0,0,1347.3333333333333,1.0,1,1,0,0
0,Early_Return,7,20,4,0,1,1093.25,1.0,1,1,0,0
0,Early_Return,6,44,4,0,1,908.8,1.0,1,0,0,0
0,Early_Return,12,37,6,1,0,742.2,1.0,1,1,0,0
0,Overnight,7,8,1,0,1,172.8,1.0,1,0,0,0
0,Early_Return,5,59,3,0,1,440.2,2.0,1,0,1,0
0,Full_Day,12,19,3,0,0,386.2,2.0,1,0,0,1
0,Overnight,5,56,2,0,1,411.4,2.0,1,0,0,0
0,Full_Day,12,0,4,0,0,570.8,3.0,1,0,1,0
1,Full_Day,6,59,3,0,1,642.6,3.0,1,1,0,0
1,Full_Day,12,38,4,0,0,455.6,3.0,1,0,0,0
0,Full_Day,13,11,5,1,0,485.4906,3.0,1,0,1,0
0,Full_Day,8,35,0,0,1,364.0,0.0,1,0,0,0
0,Early_Return,6,31,0,0,1,392.5,0.0,1,1,0,0
0,Early_Return,13,3,0,0,0,291.6666666666667,0.0,1,1,0,0
0,Early_Return,7,4,6,1,1,266.75,0.0,1,1,0,0
0,Full_Day,6,48,5,1,1,231.8,0.0,1,0,0,0
0,Overnight,12,26,1,0,0,260.8,0.0,1,1,0,0
0,Full_Day,7,20,1,0,1,427.2,1.0,1,0,1,0
0,Full_Day,6,47,3,0,1,493.6,1.0,1,0,0,1
0,Early_Return,11,59,5,1,1,485.4906,1.0,1,0,1,0
0,Early_Return,12,24,0,0,0,189.0,0.0,1,0,1,0
0,Full_Day,7,5,2,0,1,146.0,0.0,1,0,0,0
0,Full_Day,6,23,5,1,1,239.0,0.0,1,1,0,0
0,Overnight,12,19,0,0,0,244.5,0.0,1,0,0,0
0,Early_Return,7,38,1,0,1,366.0,1.0,1,1,0,0
0,Early_Return,12,20,4,0,0,346.8,1.0,1,0,0,1
0,Full_Day,7,35,1,0,1,363.0,1.0,1,0,0,0
0,Full_Day,7,0,6,1,1,332.2,1.0,1,0,0,0
0,Early_Return,12,13,1,0,0,351.8,1.0,1,1,0,0
0,Full_Day,6,40,0,0,1,485.4906,1.0,1,1,0,0
0,Early_Return,12,29,5,1,0,387.0,0.0,1,0,1,0
0,Early_Return,12,56,6,1,0,254.5,0.0,1,1,0,0
0,Full_Day,12,55,6,1,0,226.66666666666666,0.0,1,0,0,0
0,Full_Day,6,40,5,1,1,286.25,0.0,1,1,0,0
0,Early_Return,13,18,1,0,0,317.2,0.0,1,0,0,0
0,Overnight,7,40,6,1,1,260.0,0.0,1,0,0,0
1,Full_Day,12,39,1,0,0,446.6,1.0,1,0,0,0
0,Early_Return,12,54,1,0,0,485.4906,1.0,1,1,0,0
0,Early_Return,6,16,3,0,1,132.0,0.0,1,1,0,0
0,Early_Return,12,43,1,0,0,103.0,0.0,1,0,0,0
0,Overnight,7,13,5,1,1,485.4906,0.0,1,0,0,0
0,Full_Day,12,49,5,1,0,1210.0,1.0,1,0,1,0
0,Full_Day,7,9,1,0,1,800.0,1.0,1,0,0,0
0,Overnight,12,40,3,0,0,680.6666666666666,1.0,1,1,0,0
0,Early_Return,12,11,4,0,0,749.0,2.0,1,1,0,0
0,Early_Return,6,26,2,0,1,485.4906,2.0,1,1,0,0
0,Overnight,6,38,6,1,1,85.0,0.0,1,1,0,0
0,Full_Day,7,6,0,0,1,504.5,1.0,1,1,0,0
0,Early_Return,7,0,3,0,1,487.0,1.0,1,0,0,0
0,Early_Return,13,11,1,0,0,383.75,1.0,1,0,0,0
0,Full_Day,7,11,4,0,1,336.4,1.0,1,0,0,1
0,Full_Day,6,32,5,1,1,394.0,1.0,1,0,0,0
1,Early_Return,5,49,1,0,1,265.8,1.0,1,1,0,0
1,Full_Day,13,0,1,0,0,216.0,1.0,1,1,0,0
0,Early_Return,12,55,1,0,0,485.4906,1.0,1,0,0,0
0,Overnight,6,21,0,0,1,198.0,0.0,1,0,0,0
0,Full_Day,6,44,6,1,1,523.0,1.0,1,0,0,1
0,Full_Day,6,40,3,0,1,528.0,1.0,1,1,0,0
0,Early_Return,6,48,5,1,1,491.75,1.0,1,1,0,0
0,Long_Term,6,52,1,0,1,407.0,1.0,1,0,1,0
0,Early_Return,6,58,6,1,1,1096.6,1.0,1,0,0,0
0,Full_Day,6,47,2,0,1,963.4,1.0,1,1,0,0
0,Early_Return,7,16,5,1,1,932.4,1.0,1,1,0,0
1,Full_Day,6,49,1,0,1,887.4,1.0,1,0,1,0
1,Early_Return,13,10,4,0,0,948.8,1.0,1,0,0,0
0,Early_Return,13,14,4,0,0,485.4906,1.0,1,0,0,0
0,Full_Day,13,6,4,0,0,73.0,0.0,1,1,0,0
0,Overnight,13,28,6,1,0,245.5,0.0,1,0,0,0
0,Full_Day,13,13,1,0,0,557.6666666666666,1.0,1,0,0,0
0,Full_Day,12,54,2,0,0,485.4906,1.0,0,0,0,0
0,Full_Day,7,48,0,0,1,279.0,0.0,1,0,1,0
0,Full_Day,6,58,1,0,1,377.5,0.0,1,0,1,0
0,Full_Day,7,35,3,0,1,422.3333333333333,0.0,1,0,1,0
0,Early_Return,6,42,1,0,1,451.0,0.0,1,0,0,1
1,Overnight,8,34,2,0,1,395.6,0.0,1,0,0,0
0,Early_Return,13,18,6,1,0,485.4906,1.0,1,0,0,0
0,Early_Return,6,10,1,0,1,158.0,0.0,1,1,0,0
0,Full_Day,12,49,0,0,0,139.0,0.0,1,0,0,0
0,Full_Day,13,18,2,0,0,271.3333333333333,0.0,1,0,0,0
0,Full_Day,7,52,2,0,1,317.25,0.0,1,0,0,0
0,Full_Day,7,22,5,1,1,341.2,0.0,1,0,0,0
0,Full_Day,7,52,0,0,1,411.6,0.0,1,0,0,1
1,Early_Return,6,57,5,1,1,463.8,0.0,1,0,0,0
1,Full_Day,7,23,5,1,1,390.0,0.0,1,1,0,0
0,Early_Return,7,46,0,0,1,485.4906,0.0,1,0,0,1
0,Overnight,7,25,0,0,1,65.0,0.0,1,1,0,0
0,Early_Return,13,20,1,0,0,421.5,1.0,1,0,0,1
0,Long_Term,6,38,3,0,1,333.0,1.0,1,1,0,0
0,Full_Day,12,51,4,0,0,1105.5,1.0,1,1,0,0
0,Early_Return,6,24,6,1,1,485.4906,1.0,1,1,0,0
0,Full_Day,12,57,1,0,0,141.0,0.0,1,1,0,0
0,Full_Day,12,56,4,0,0,233.0,0.0,1,0,0,0
0,Early_Return,13,4,3,0,0,236.66666666666666,0.0,1,1,0,0
0,Overnight,6,8,4,0,1,220.25,0.0,1,0,0,1
0,Early_Return,12,19,3,0,0,448.6,1.0,1,1,0,0
0,Full_Day,11,47,0,0,1,485.4906,1.0,1,0,0,1
0,Full_Day,12,20,0,0,0,426.0,0.0,0,0,1,0
0,Long_Term,6,48,1,0,1,413.5,0.0,1,0,1,0
0,Full_Day,14,2,0,0,0,1130.3333333333333,0.0,1,0,1,0
0,Full_Day,6,34,3,0,1,908.75,0.0,1,0,0,0
0,Full_Day,7,4,6,1,1,813.6,0.0,1,1,0,0
0,Early_Return,12,29,1,0,0,828.0,0.0,1,0,1,0
0,Full_Day,12,12,5,1,0,769.4,0.0,1,0,1,0
0,Full_Day,7,8,5,1,1,485.4906,0.0,1,0,0,0
0,Full_Day,7,0,1,0,1,406.0,0.0,1,0,0,1
0,Early_Return,6,53,5,1,1,371.5,0.0,1,0,1,0
0,Full_Day,6,58,5,1,1,312.3333333333333,0.0,1,0,1,0
0,Overnight,7,49,0,0,1,310.5,0.0,1,1,0,0
0,Full_Day,12,23,1,0,0,492.2,1.0,1,0,1,0
1,Full_Day,12,38,0,0,0,460.8,1.0,1,0,1,0
1,Full_Day,7,0,2,0,1,489.2,1.0,1,0,1,0
0,Full_Day,7,1,5,1,1,485.4906,1.0,1,1,0,0
0,Overnight,6,46,2,0,1,365.0,0.0,1,0,1,0
0,Early_Return,7,41,6,1,1,727.5,1.0,1,0,0,0
0,Early_Return,12,11,1,0,0,515.0,1.0,1,0,0,0
0,Early_Return,7,25,4,0,1,413.0,1.0,1,0,1,0
0,Early_Return,12,8,5,1,0,344.8,1.0,1,1,0,0
0,Early_Return,12,46,0,0,0,293.4,1.0,1,0,1,0
0,Early_Return,12,36,3,0,0,99.2,1.0,1,1,0,0
0,Early_Return,6,10,4,0,1,99.8,1.0,1,0,0,0
1,Full_Day,6,41,2,0,1,97.6,1.0,1,1,0,0
0,Full_Day,6,42,6,1,1,485.4906,1.0,1,1,0,0
0,Full_Day,7,13,0,0,1,455.0,0.0,1,1,0,0
0,Early_Return,7,1,2,0,1,366.0,0.0,1,0,0,0
0,Full_Day,13,10,6,1,0,310.0,0.0,1,0,0,0
0,Full_Day,12,48,4,0,0,329.5,0.0,1,0,1,0
0,Full_Day,6,48,3,0,1,324.6,0.0,1,0,1,0
0,Full_Day,6,42,6,1,1,315.0,0.0,1,1,0,0
0,Early_Return,13,1,5,1,0,336.2,0.0,1,0,0,0
0,Early_Return,12,18,0,0,0,485.4906,0.0,1,1,0,0
0,Full_Day,7,1,2,0,1,134.0,0.0,1,0,0,1
0,Full_Day,6,58,6,1,1,230.0,0.0,1,0,1,0
0,Early_Return,6,57,6,1,1,299.6666666666667,0.0,1,0,0,0
0,Full_Day,6,57,2,0,1,256.5,0.0,1,0,0,0
0,Long_Term,7,29,0,0,1,278.0,0.0,1,0,0,0
0,Early_Return,12,41,6,1,0,791.8,0.0,1,0,1,0
0,Early_Return,13,0,2,0,0,485.4906,0.0,1,0,0,0
0,Early_Return,12,38,3,0,0,191.0,0.0,1,0,1,0
0,Full_Day,6,29,4,0,1,168.0,0.0,1,1,0,0
1,Early_Return,12,7,1,0,0,208.33333333333334,0.0,0,0,0,1
0,Early_Return,13,12,4,0,0,485.4906,0.0,1,0,0,0
0,Overnight,13,1,3,0,0,84.0,0.0,1,0,0,0
0,Early_Return,6,12,4,0,1,620.5,1.0,1,0,0,0
0,Early_Return,7,6,2,0,1,474.0,1.0,1,0,0,1
0,Early_Return,12,25,2,0,0,383.5,1.0,1,0,0,0
0,Early_Return,7,17,6,1,1,326.6,1.0,1,1,0,0
0,Early_Return,7,24,1,0,1,335.0,1.0,1,1,0,0
0,Full_Day,6,30,6,1,1,130.2,1.0,1,1,0,0
1,Overnight,12,36,0,0,0,170.2,1.0,1,0,0,0
1,Early_Return,6,16,4,0,1,428.4,2.0,1,0,1,0
0,Full_Day,6,18,2,0,1,485.4906,2.0,1,0,0,0
0,Full_Day,7,23,6,1,1,326.0,0.0,1,1,0,0
0,Early_Return,7,4,4,0,1,292.5,0.0,1,0,0,0
0,Full_Day,6,20,4,0,1,216.33333333333334,0.0,1,0,0,0
0,Full_Day,12,6,3,0,0,230.25,0.0,1,0,1,0
1,Early_Return,12,24,0,0,0,261.6,0.0,1,0,1,0
1,Full_Day,7,53,2,0,1,216.0,0.0,1,0,0,0
0,Full_Day,7,24,5,1,1,485.4906,0.0,1,0,0,0
0,Full_Day,12,47,6,1,0,313.0,0.0,1,1,0,0
0,Full_Day,7,5,6,1,1,377.5,0.0,1,0,0,0
0,Early_Return,6,40,2,0,1,379.6666666666667,0.0,1,1,0,0
1,Full_Day,12,26,0,0,0,332.5,0.0,1,0,0,0
0,Full_Day,7,22,0,0,1,485.4906,0.0,1,0,0,0
0,Overnight,6,28,1,0,1,388.0,0.0,1,0,0,1
0,Full_Day,12,42,3,0,0,836.0,1.0,1,0,0,0
0,Full_Day,7,12,4,0,1,660.6666666666666,1.0,1,1,0,0
0,Full_Day,12,26,5,1,0,594.75,1.0,1,1,0,0
0,Early_Return,7,5,6,1,1,485.4906,1.0,1,0,0,0
0,Full_Day,12,31,3,0,0,134.0,0.0,1,0,0,0
0,Full_Day,12,41,6,1,0,192.0,0.0,1,0,0,0
0,Long_Term,12,20,4,0,0,291.6666666666667,0.0,1,1,0,0
0,Early_Return,6,44,5,1,1,745.5,0.0,1,0,0,0
0,Early_Return,6,49,0,0,1,609.8,0.0,1,0,1,0
0,Early_Return,12,58,1,0,0,485.4906,0.0,1,1,0,0
0,Overnight,12,57,6,1,0,65.0,0.0,1,1,0,0
0,Early_Return,13,47,0,0,0,512.0,1.0,1,0,0,0
0,Full_Day,12,36,3,0,0,398.3333333333333,1.0,1,0,0,1
0,Full_Day,13,0,5,1,0,415.25,1.0,1,0,0,0
0,Full_Day,6,59,6,1,1,419.8,1.0,1,0,0,0
0,Full_Day,6,45,3,0,1,514.0,1.0,1,0,0,1
1,Full_Day,7,22,4,0,1,423.0,1.0,1,0,0,0
1,Long_Term,13,12,4,0,0,471.0,1.0,1,1,0,0
1,Early_Return,7,13,2,0,1,800.8,1.0,1,0,1,0
0,Full_Day,12,20,4,0,0,485.4906,1.0,1,0,0,0
0,Early_Return,7,3,5,1,1,243.0,0.0,1,1,0,0
0,Early_Return,12,9,3,0,0,191.0,0.0,1,0,1,0
0,Full_Day,12,25,4,0,0,183.33333333333334,0.0,1,1,0,0
0,Early_Return,12,30,1,0,0,246.75,0.0,1,1,0,0
1,Full_Day,12,43,3,0,0,233.6,0.0,1,0,0,0
0,Early_Return,6,31,5,1,1,485.4906,0.0,1,1,0,0
0,Full_Day,6,46,4,0,1,71.0,0.0,1,0,1,0
0,Full_Day,6,33,4,0,1,208.5,0.0,1,1,0,0
0,Full_Day,7,15,6,1,1,253.0,0.0,1,0,0,0
0,Full_Day,6,16,4,0,1,318.75,0.0,1,0,0,0
0,Early_Return,6,50,6,1,1,360.8,0.0,1,1,0,0
0,Full_Day,12,47,0,0,0,380.4,0.0,1,0,1,0
1,Early_Return,6,51,4,0,1,383.6,0.0,1,0,0,1
1,Full_Day,7,57,4,0,1,329.4,0.0,1,1,0,0
0,Full_Day,11,51,0,0,1,485.4906,0.0,1,0,0,0
0,Full_Day,12,24,6,1,0,374.0,0.0,1,1,0,0
0,Full_Day,12,37,6,1,0,327.0,0.0,1,1,0,0
0,Long_Term,7,2,5,1,1,485.4906,0.0,1,0,0,0
0,Long_Term,6,33,1,0,1,4159.0,0.0,1,1,0,0
0,Early_Return,5,48,3,0,1,3250.5,0.0,1,0,0,1
0,Long_Term,7,3,2,0,1,2213.3333333333335,0.0,1,1,0,0
0,Full_Day,6,57,0,0,1,2627.0,0.0,1,0,0,0
0,Full_Day,12,41,5,1,0,2204.8,0.0,1,1,0,0
0,Full_Day,12,52,2,0,0,1460.2,0.0,1,1,0,0
0,Early_Return,7,27,3,0,1,1062.6,0.0,1,1,0,0
0,Early_Return,6,43,0,0,1,1071.4,0.0,1,0,0,1
0,Full_Day,7,6,0,0,1,328.2,0.0,1,1,0,0
1,Full_Day,7,40,1,0,1,326.2,0.0,1,0,0,0
1,Full_Day,12,34,5,1,0,288.0,0.0,1,0,0,0
0,Early_Return,7,31,3,0,1,485.4906,0.0,1,0,0,0
0,Early_Return,12,51,2,0,0,119.0,0.0,1,0,0,0
0,Full_Day,12,29,1,0,0,164.0,0.0,1,0,1,0
0,Early_Return,5,43,4,0,1,485.4906,0.0,1,0,1,0
0,Long_Term,12,11,0,0,0,168.0,0.0,1,0,0,0
1,Full_Day,7,13,3,0,1,2072.0,0.0,1,0,0,0
0,Full_Day,7,11,4,0,1,485.4906,0.0,1,1,0,0
0,Early_Return,6,36,0,0,1,427.0,0.0,1,0,1,0
0,Full_Day,7,18,5,1,1,283.0,0.0,1,1,0,0
0,Early_Return,12,23,6,1,0,270.0,0.0,1,0,1,0
0,Early_Return,12,37,1,0,0,245.5,0.0,1,0,0,0
1,Full_Day,7,49,1,0,1,208.4,0.0,1,1,0,0
1,Full_Day,6,43,0,0,1,174.2,0.0,1,0,0,1
0,Overnight,7,10,2,0,1,485.4906,0.0,1,0,0,0
0,Full_Day,7,29,0,0,1,1131.0,1.0,1,0,0,1
0,Full_Day,7,34,2,0,1,697.0,1.0,1,0,1,0
0,Early_Return,7,11,5,1,1,597.3333333333334,1.0,1,1,0,0
0,Early_Return,7,7,6,1,1,493.0,1.0,1,1,0,0
0,Full_Day,7,24,2,0,1,421.8,1.0,1,0,0,1
0,Overnight,7,17,2,0,1,263.6,1.0,1,0,0,0
0,Early_Return,12,29,2,0,0,485.4906,2.0,1,1,0,0
0,Early_Return,6,55,2,0,1,140.0,0.0,1,1,0,0
0,Full_Day,6,58,5,1,1,122.5,0.0,1,0,0,0
0,Early_Return,7,20,0,0,1,212.0,0.0,1,0,0,0
0,Full_Day,12,58,1,0,0,191.75,0.0,1,0,1,0
0,Full_Day,6,51,6,1,1,214.8,0.0,1,0,0,0
0,Overnight,7,44,2,0,1,485.4906,0.0,1,0,0,0
0,Full_Day,6,17,3,0,1,848.0,1.0,1,0,1,0
0,Early_Return,12,45,4,0,0,583.5,1.0,1,0,0,1
0,Full_Day,7,17,1,0,1,436.3333333333333,1.0,1,0,1,0
0,Early_Return,6,47,5,1,1,410.75,1.0,1,0,0,1
0,Full_Day,13,4,2,0,0,356.8,1.0,1,0,0,0
0,Early_Return,6,12,2,0,1,280.2,1.0,1,1,0,0
1,Early_Return,12,20,3,0,0,230.6,1.0,1,1,0,0
0,Early_Return,7,8,0,0,1,485.4906,1.0,1,1,0,0
0,Early_Return,13,5,6,1,0,84.0,0.0,1,0,0,0
0,Early_Return,12,35,5,1,0,86.0,0.0,1,0,0,0
0,Long_Term,7,3,4,0,1,114.0,0.0,1,0,0,0
0,Full_Day,6,27,6,1,1,708.75,0.0,1,0,0,0
1,Full_Day,12,3,3,0,0,656.8,0.0,1,1,0,0
0,Full_Day,7,24,4,0,1,485.4906,0.0,1,0,1,0
0,Full_Day,6,56,1,0,1,445.0,0.0,1,0,0,0
0,Full_Day,6,39,5,1,1,377.5,0.0,1,0,1,0
0,Early_Return,12,33,2,0,0,349.0,0.0,1,1,0,0
0,Early_Return,6,54,6,1,1,309.25,0.0,1,1,0,0
0,Full_Day,6,32,3,0,1,262.8,0.0,1,1,0,0
0,Full_Day,7,5,6,1,1,230.0,0.0,1,1,0,0
0,Early_Return,6,57,5,1,1,217.4,0.0,1,0,0,0
0,Early_Return,6,37,4,0,1,485.4906,0.0,1,1,0,0
0,Early_Return,12,38,5,1,0,129.0,0.0,1,0,1,0
0,Early_Return,6,47,6,1,1,102.0,0.0,1,0,1,0
0,Full_Day,6,30,6,1,1,109.66666666666667,0.0,1,0,0,1
0,Full_Day,6,47,3,0,1,153.25,0.0,1,0,0,0
0,Overnight,6,39,6,1,1,176.4,0.0,1,0,0,1
0,Overnight,12,39,6,1,0,366.0,1.0,1,0,0,0
0,Overnight,7,23,1,0,1,496.8,2.0,1,0,1,0
0,Full_Day,7,12,4,0,1,640.8,3.0,1,0,1,0
1,Early_Return,6,54,6,1,1,643.0,3.0,1,1,0,0
1,Full_Day,13,21,0,0,0,610.0,3.0,1,1,0,0
0,Full_Day,12,54,6,1,0,485.4906,3.0,1,0,0,0
0,Overnight,12,25,0,0,0,281.0,0.0,1,0,0,1
0,Full_Day,5,41,5,1,1,674.0,1.0,1,0,1,0
0,Full_Day,6,15,4,0,1,597.3333333333334,1.0,1,0,0,0
0,Early_Return,12,9,1,0,0,537.25,1.0,1,0,0,1
0,Full_Day,13,11,2,0,0,450.2,1.0,1,1,0,0
0,Long_Term,7,2,3,0,1,442.0,1.0,1,0,0,0
0,Long_Term,6,3,6,1,1,875.6,1.0,1,0,1,0
0,Full_Day,7,52,3,0,1,1398.2,1.0,1,0,0,0
0,Full_Day,12,31,3,0,0,1407.2,1.0,1,0,1,0
0,Full_Day,13,13,2,0,0,1452.6,1.0,1,0,0,0
1,Early_Return,11,41,6,1,1,1495.6,1.0,1,0,1,0
0,Overnight,7,1,5,1,1,485.4906,1.0,1,0,0,0
0,Early_Return,12,25,2,0,0,959.0,1.0,1,0,0,0
0,Overnight,7,16,5,1,1,525.5,1.0,1,1,0,0
0,Full_Day,6,44,1,0,1,640.6666666666666,2.0,1,0,0,0
0,Full_Day,7,12,6,1,1,592.5,2.0,1,0,0,0
0,Full_Day,7,51,3,0,1,535.8,2.0,1,0,0,0
0,Full_Day,12,21,2,0,0,394.0,2.0,1,1,0,0
0,Early_Return,6,36,0,0,1,445.0,2.0,1,0,0,1
0,Early_Return,7,40,2,0,1,299.2,2.0,1,1,0,0
1,Full_Day,7,14,3,0,1,248.0,2.0,1,0,1,0
0,Early_Return,7,16,3,0,1,485.4906,2.0,1,1,0,0
0,Early_Return,7,58,5,1,1,88.0,0.0,1,1,0,0
0,Overnight,13,0,4,0,0,485.4906,0.0,1,0,0,1
0,Full_Day,12,15,0,0,0,1049.0,1.0,1,0,0,0
0,Full_Day,11,56,1,0,1,666.0,1.0,1,0,0,0
1,Early_Return,12,16,3,0,0,565.6666666666666,1.0,1,0,1,0
0,Full_Day,6,31,2,0,1,485.4906,1.0,1,0,0,0
0,Early_Return,13,11,6,1,0,271.0,0.0,1,0,1,0
0,Full_Day,6,45,5,1,1,216.0,0.0,1,0,0,1
0,Full_Day,12,20,5,1,0,294.3333333333333,0.0,1,0,1,0
0,Overnight,12,13,3,0,0,325.75,0.0,1,0,0,0
0,Long_Term,6,20,4,0,1,439.6,1.0,1,1,0,0
0,Full_Day,7,21,2,0,1,485.4906,1.0,1,0,1,0
0,Long_Term,6,51,2,0,1,463.0,0.0,1,0,1,0
0,Full_Day,6,44,5,1,1,1173.0,0.0,1,0,1,0
0,Full_Day,12,37,5,1,0,863.0,0.0,1,0,0,0
0,Full_Day,13,3,5,1,0,781.75,0.0,1,0,0,1
0,Early_Return,12,42,1,0,0,693.2,0.0,1,0,0,0
0,Early_Return,12,23,1,0,0,634.4,0.0,1,0,0,0
0,Early_Return,12,36,2,0,0,274.2,0.0,1,0,0,0
1,Early_Return,6,47,1,0,1,264.4,0.0,1,0,1,0
1,Full_Day,13,22,1,0,0,185.6,0.0,1,1,0,0
0,Full_Day,8,9,1,0,1,485.4906,0.0,1,0,1,0
0,Full_Day,12,14,0,0,0,480.0,0.0,1,0,0,1
0,Early_Return,6,18,3,0,1,496.0,0.0,1,1,0,0
0,Overnight,12,41,1,0,0,485.4906,0.0,1,0,0,0
0,Full_Day,13,18,6,1,0,1162.0,1.0,1,0,0,1
0,Early_Return,13,0,6,1,0,761.5,1.0,1,0,1,0
0,Overnight,13,11,1,0,0,567.3333333333334,1.0,1,0,0,0
0,Early_Return,13,2,0,0,0,642.5,2.0,1,0,0,1
0,Overnight,7,18,0,0,1,534.0,2.0,1,0,0,0
0,Early_Return,6,47,0,0,1,504.0,3.0,1,0,1,0
0,Early_Return,13,52,1,0,0,447.2,3.0,1,0,0,0
0,Full_Day,13,50,1,0,0,430.6,3.0,1,0,1,0
0,Full_Day,7,38,6,1,1,334.6,3.0,1,0,0,0
0,Full_Day,6,52,0,0,1,485.4906,3.0,1,0,0,1
0,Full_Day,12,40,3,0,0,379.0,0.0,1,0,0,1
0,Early_Return,13,42,5,1,0,347.5,0.0,1,0,0,0
0,Full_Day,6,41,2,0,1,298.3333333333333,0.0,1,1,0,0
0,Overnight,7,28,1,0,1,296.75,0.0,1,1,0,0
0,Early_Return,7,4,6,1,1,470.4,1.0,1,0,0,0
0,Full_Day,6,43,2,0,1,418.8,1.0,1,0,0,0
1,Early_Return,6,54,6,1,1,420.2,1.0,1,1,0,0
0,Full_Day,7,38,0,0,1,485.4906,1.0,0,0,1,0
0,Full_Day,7,46,6,1,1,460.0,0.0,1,1,0,0
0,Full_Day,11,38,0,0,1,456.0,0.0,1,1,0,0
0,Full_Day,12,24,1,0,0,429.6666666666667,0.0,1,0,1,0
0,Full_Day,12,39,5,1,0,421.5,0.0,1,1,0,0
0,Full_Day,6,44,4,0,1,441.4,0.0,1,1,0,0
0,Early_Return,7,24,6,1,1,401.0,0.0,1,1,0,0
0,Early_Return,6,59,1,0,1,327.4,0.0,1,0,0,0
0,Full_Day,7,1,4,0,1,268.2,0.0,1,0,0,0
0,Full_Day,12,15,4,0,0,274.8,0.0,1,1,0,0
0,Early_Return,7,13,4,0,1,485.4906,0.0,1,0,1,0
0,Full_Day,6,34,3,0,1,130.0,0.0,1,0,0,0
0,Early_Return,7,24,2,0,1,283.0,0.0,1,0,0,0
0,Full_Day,12,53,6,1,0,208.66666666666666,0.0,1,0,0,1
1,Early_Return,13,16,6,1,0,290.5,0.0,1,1,0,0
1,Early_Return,6,48,1,0,1,271.8,0.0,1,0,0,0
0,Early_Return,13,2,6,1,0,485.4906,0.0,1,1,0,0
0,Full_Day,7,11,5,1,1,149.0,0.0,1,1,0,0
0,Full_Day,6,26,6,1,1,253.0,0.0,1,0,1,0
0,Full_Day,7,1,4,0,1,251.0,0.0,1,0,0,0
0,Full_Day,6,59,5,1,1,319.5,0.0,1,0,0,0
0,Early_Return,8,2,0,0,1,337.4,0.0,1,1,0,0
0,Full_Day,12,20,3,0,0,346.0,0.0,1,0,0,1
0,Full_Day,12,7,1,0,0,338.6,0.0,1,0,0,0
0,Full_Day,6,15,5,1,1,377.2,0.0,1,1,0,0
0,Full_Day,7,27,0,0,1,364.2,0.0,1,0,0,0
0,Early_Return,12,30,3,0,0,367.8,0.0,1,0,1,0
1,Early_Return,6,22,6,1,1,369.0,0.0,1,0,1,0
0,Full_Day,6,15,5,1,1,485.4906,0.0,1,0,1,0
0,Full_Day,12,32,3,0,0,342.0,0.0,1,1,0,0
0,Early_Return,7,2,0,0,1,314.5,0.0,1,1,0,0
0,Early_Return,5,44,6,1,1,269.3333333333333,0.0,1,0,1,0
0,Full_Day,13,4,2,0,0,227.25,0.0,1,0,0,0
0,Full_Day,5,41,0,0,1,256.0,0.0,1,1,0,0
0,Full_Day,7,26,5,1,1,275.8,0.0,1,0,0,0
0,Full_Day,6,46,0,0,1,273.0,0.0,1,0,1,0
0,Early_Return,6,51,2,0,1,301.6,0.0,1,1,0,0
0,Early_Return,6,48,6,1,1,293.4,0.0,1,0,0,0
0,Full_Day,12,0,5,1,0,485.4906,0.0,1,0,0,0
0,Early_Return,13,36,3,0,0,250.0,0.0,1,0,1,0
0,Full_Day,6,27,6,1,1,218.5,0.0,1,0,0,0
0,Overnight,11,53,4,0,1,303.0,0.0,1,0,1,0
0,Early_Return,8,7,4,0,1,504.75,1.0,1,0,0,1
0,Early_Return,7,34,2,0,1,435.6,1.0,1,1,0,0
0,Full_Day,6,57,4,0,1,423.4,1.0,1,0,0,0
0,Early_Return,6,34,6,1,1,485.4906,1.0,1,0,0,0
0,Early_Return,7,52,1,0,1,74.0,0.0,1,1,0,0
0,Early_Return,13,13,2,0,0,138.0,0.0,1,0,0,0
1,Full_Day,6,52,4,0,1,154.66666666666666,0.0,1,0,0,0
0,Early_Return,6,57,6,1,1,485.4906,0.0,0,1,0,0
0,Full_Day,7,4,6,1,1,165.0,0.0,1,0,0,1
0,Early_Return,7,49,5,1,1,205.0,0.0,1,0,1,0
0,Full_Day,12,15,6,1,0,180.66666666666666,0.0,0,1,0,0
0,Full_Day,11,58,1,0,1,269.0,0.0,1,0,0,0
0,Full_Day,12,30,5,1,0,272.2,0.0,1,0,1,0
1,Early_Return,12,33,3,0,0,320.8,0.0,1,1,0,0
1,Overnight,6,56,4,0,1,301.0,0.0,1,1,0,0
0,Full_Day,6,58,5,1,1,485.4906,1.0,1,0,0,0
0,Full_Day,7,9,5,1,1,341.0,0.0,1,0,1,0
0,Full_Day,7,0,2,0,1,485.4906,0.0,1,1,0,0
0,Overnight,6,25,3,0,1,352.0,0.0,1,1,0,0
0,Early_Return,6,57,4,0,1,644.0,1.0,1,1,0,0
0,Full_Day,7,3,5,1,1,494.0,1.0,1,1,0,0
0,Full_Day,12,57,5,1,0,490.75,1.0,1,0,0,0
0,Long_Term,7,16,5,1,1,480.2,1.0,1,0,0,0
0,Full_Day,6,41,2,0,1,919.0,1.0,1,0,0,0
0,Early_Return,13,51,3,0,0,833.0,1.0,1,0,0,0
0,Full_Day,6,3,6,1,1,831.8,1.0,1,0,0,0
0,Early_Return,7,34,0,0,1,801.4,1.0,1,0,0,0
0,Full_Day,6,32,6,1,1,747.6,1.0,1,0,0,0
0,Long_Term,13,3,6,1,0,304.8,1.0,1,0,0,0
0,Early_Return,12,1,1,0,0,806.8,1.0,1,0,0,0
0,Early_Return,6,58,4,0,1,485.4906,1.0,1,1,0,0
0,Early_Return,12,29,2,0,0,89.0,0.0,1,0,0,0
0,Early_Return,6,24,0,0,1,92.0,0.0,1,0,0,0
0,Full_Day,12,41,0,0,0,117.66666666666667,0.0,1,0,1,0
0,Full_Day,5,40,2,0,1,155.25,0.0,1,0,0,0
0,Full_Day,12,40,6,1,0,178.4,0.0,1,0,0,0
0,Overnight,6,40,0,0,1,221.4,0.0,1,0,0,0
1,Full_Day,6,56,0,0,1,464.0,1.0,1,0,0,0
1,Full_Day,5,53,1,0,1,506.8,1.0,1,0,1,0
0,Full_Day,6,16,2,0,1,485.4906,1.0,1,1,0,0
0,Full_Day,7,26,3,0,1,355.0,0.0,1,1,0,0
0,Full_Day,7,29,2,0,1,398.0,0.0,1,0,0,0
0,Early_Return,6,26,3,0,1,373.6666666666667,0.0,1,1,0,0
0,Full_Day,12,10,5,1,0,307.5,0.0,1,0,1,0
0,Full_Day,7,13,4,0,1,302.0,0.0,1,1,0,0
1,Full_Day,7,4,1,0,1,328.6,0.0,1,1,0,0
0,Full_Day,11,39,1,0,1,485.4906,0.0,1,1,0,0
0,Full_Day,6,37,2,0,1,245.0,0.0,1,0,0,0
0,Full_Day,6,26,2,0,1,339.5,0.0,1,1,0,0
0,Full_Day,6,12,4,0,1,337.3333333333333,0.0,1,1,0,0
0,Full_Day,6,58,5,1,1,315.75,0.0,1,0,0,0
0,Long_Term,13,15,6,1,0,358.2,0.0,1,0,0,0
1,Full_Day,12,21,3,0,0,786.6,0.0,1,0,1,0
1,Early_Return,12,5,1,0,0,796.0,0.0,1,0,1,0
0,Full_Day,12,41,6,1,0,485.4906,0.0,1,0,1,0
0,Full_Day,6,6,4,0,1,268.0,0.0,1,1,0,0
0,Early_Return,13,15,0,0,0,290.5,0.0,1,0,0,0
0,Full_Day,7,39,1,0,1,234.66666666666666,0.0,1,1,0,0
1,Full_Day,6,48,1,0,1,287.0,0.0,1,0,0,0
1,Early_Return,13,31,2,0,0,306.6,0.0,1,0,0,1
0,Early_Return,6,48,5,1,1,485.4906,0.0,1,1,0,0
0,Overnight,7,20,4,0,1,485.4906,0.0,1,1,0,0
0,Early_Return,6,28,5,1,1,1389.0,1.0,1,0,0,0
0,Early_Return,7,24,0,0,1,485.4906,1.0,1,0,0,0
0,Early_Return,12,24,3,0,0,86.0,0.0,1,0,0,0
0,Full_Day,12,33,5,1,0,95.0,0.0,1,0,0,0
0,Overnight,6,45,2,0,1,165.66666666666666,0.0,1,1,0,0
0,Full_Day,12,39,4,0,0,435.75,1.0,1,0,0,0
0,Overnight,12,8,1,0,0,443.6,1.0,1,1,0,0
0,Early_Return,7,5,6,1,1,485.4906,2.0,1,1,0,0
0,Early_Return,7,27,6,1,1,174.0,0.0,1,0,1,0
0,Full_Day,6,31,1,0,1,167.5,0.0,1,1,0,0
0,Early_Return,12,17,5,1,0,213.0,0.0,1,0,0,0
0,Full_Day,12,39,0,0,0,181.5,0.0,1,0,0,1
0,Full_Day,6,36,3,0,1,234.8,0.0,1,1,0,0
1,Full_Day,13,32,2,0,0,301.4,0.0,1,0,1,0
0,Full_Day,6,20,6,1,1,485.4906,0.0,1,1,0,0
0,Overnight,6,27,6,1,1,352.0,0.0,1,1,0,0
0,Long_Term,6,9,1,0,1,735.0,1.0,1,0,0,1
1,Full_Day,6,14,0,0,1,1151.6666666666667,1.0,1,1,0,0
1,Early_Return,7,10,1,0,1,929.0,1.0,1,0,1,0
1,Full_Day,7,24,5,1,1,784.0,1.0,1,0,0,0
1,Long_Term,13,32,6,1,0,801.6,1.0,1,0,0,0
0,Overnight,6,36,5,1,1,485.4906,1.0,1,0,1,0
0,Full_Day,12,1,6,1,0,838.0,1.0,1,0,0,0
0,Full_Day,6,38,0,0,1,604.0,1.0,1,0,1,0
0,Full_Day,6,40,0,0,1,581.6666666666666,1.0,1,1,0,0
0,Early_Return,8,12,0,0,1,529.75,1.0,1,0,1,0
0,Early_Return,7,27,2,0,1,446.6,1.0,1,0,0,0
0,Early_Return,5,44,6,1,1,291.6,1.0,1,0,0,0
0,Full_Day,6,18,2,0,1,257.4,1.0,1,1,0,0
0,Full_Day,7,25,0,0,1,253.2,1.0,1,0,0,0
0,Overnight,7,19,3,0,1,240.6,1.0,1,0,0,0
0,Full_Day,12,55,5,1,0,402.4,2.0,1,0,0,0
1,Early_Return,13,1,2,0,0,438.2,2.0,1,0,0,1
0,Full_Day,7,10,4,0,1,485.4906,2.0,1,0,0,0
0,Full_Day,6,41,5,1,1,301.0,0.0,1,1,0,0
0,Overnight,12,55,1,0,0,326.5,0.0,1,0,1,0
0,Full_Day,7,10,0,0,1,609.6666666666666,1.0,1,0,1,0
0,Full_Day,13,34,5,1,0,566.0,1.0,1,1,0,0
0,Full_Day,11,38,2,0,1,544.8,1.0,1,0,0,0
0,Overnight,13,9,2,0,0,534.2,1.0,1,1,0,0
0,Full_Day,7,2,6,1,1,668.0,2.0,1,0,0,1
0,Early_Return,6,56,6,1,1,507.8,2.0,1,0,0,1
0,Early_Return,6,46,4,0,1,457.2,2.0,1,0,1,0
1,Full_Day,6,54,3,0,1,401.6,2.0,1,1,0,0
1,Early_Return,6,0,4,0,1,456.4,2.0,1,0,0,0
1,Overnight,6,59,4,0,1,277.6,2.0,1,0,0,1
0,Early_Return,13,3,4,0,0,485.4906,3.0,1,1,0,0
0,Full_Day,12,38,2,0,0,159.0,0.0,1,0,0,0
0,Full_Day,7,3,4,0,1,296.5,0.0,1,0,0,0
0,Early_Return,6,52,0,0,1,357.3333333333333,0.0,1,1,0,0
0,Full_Day,6,54,2,0,1,287.25,0.0,1,1,0,0
0,Early_Return,12,58,6,1,0,288.8,0.0,1,1,0,0
0,Full_Day,7,5,1,0,1,485.4906,0.0,1,0,1,0
0,Full_Day,13,8,0,0,0,408.0,0.0,1,0,1,0
0,Full_Day,6,43,4,0,1,356.0,0.0,1,0,0,0
0,Full_Day,12,26,5,1,0,320.0,0.0,1,0,0,0
0,Overnight,12,34,1,0,0,305.5,0.0,1,0,0,1
0,Long_Term,7,9,6,1,1,435.4,1.0,1,0,0,1
0,Full_Day,6,50,5,1,1,1117.6,1.0,1,0,0,0
0,Early_Return,7,36,2,0,1,1134.2,1.0,1,0,1,0
0,Full_Day,12,42,4,0,0,1120.2,1.0,1,0,0,0
1,Full_Day,7,49,6,1,1,1133.4,1.0,1,1,0,0
0,Early_Return,12,47,4,0,0,485.4906,1.0,1,1,0,0
0,Full_Day,7,50,2,0,1,101.0,0.0,1,0,1,0
1,Early_Return,12,27,3,0,0,225.5,0.0,1,1,0,0
0,Full_Day,7,3,4,0,1,485.4906,0.0,1,0,1,0
0,Full_Day,13,9,0,0,0,357.0,0.0,1,0,0,0
0,Full_Day,12,50,5,1,0,361.5,0.0,1,1,0,0
0,Full_Day,6,23,3,0,1,410.6666666666667,0.0,1,0,1,0
0,Full_Day,7,4,5,1,1,419.0,0.0,1,1,0,0
0,Full_Day,6,14,4,0,1,425.6,0.0,1,0,0,0
0,Full_Day,7,22,1,0,1,426.2,0.0,1,0,0,0
0,Full_Day,7,0,4,0,1,401.8,0.0,1,1,0,0
1,Full_Day,7,9,2,0,1,381.2,0.0,1,0,0,0
1,Overnight,6,23,3,0,1,360.8,0.0,1,1,0,0
1,Full_Day,7,0,3,0,1,501.4,1.0,1,0,0,0
0,Full_Day,6,57,6,1,1,485.4906,1.0,1,0,1,0
0,Early_Return,8,21,6,1,1,532.0,0.0,1,0,0,0
0,Full_Day,6,46,6,1,1,333.5,0.0,1,1,0,0
0,Early_Return,7,17,4,0,1,341.3333333333333,0.0,1,0,0,0
0,Overnight,7,18,3,0,1,485.4906,0.0,1,0,1,0
0,Full_Day,12,48,5,1,0,1229.0,1.0,1,1,0,0
0,Early_Return,7,3,1,0,1,769.0,1.0,1,1,0,0
0,Full_Day,12,29,4,0,0,542.3333333333334,1.0,1,0,0,1
0,Full_Day,7,8,0,0,1,506.25,1.0,1,0,0,1
0,Early_Return,12,45,4,0,0,476.6,1.0,1,0,0,0
1,Overnight,7,18,2,0,1,267.4,1.0,1,0,0,0
0,Full_Day,12,21,0,0,0,485.4906,2.0,1,0,0,0
0,Full_Day,7,3,2,0,1,392.0,0.0,1,1,0,0
0,Early_Return,8,1,2,0,1,375.5,0.0,1,0,0,1
0,Early_Return,6,8,4,0,1,280.3333333333333,0.0,1,0,0,0
0,Early_Return,7,14,4,0,1,258.75,0.0,1,0,0,0
0,Full_Day,12,36,4,0,0,238.8,0.0,1,0,0,0
0,Full_Day,7,33,5,1,1,213.2,0.0,1,0,1,0
0,Full_Day,7,6,0,0,1,236.4,0.0,1,0,1,0
0,Full_Day,6,10,1,0,1,289.2,0.0,1,1,0,0
0,Full_Day,7,51,2,0,1,320.2,0.0,1,1,0,0
1,Full_Day,7,20,3,0,1,385.2,0.0,1,0,1,0
0,Early_Return,12,27,1,0,0,485.4906,0.0,1,0,0,0
0,Full_Day,7,31,2,0,1,158.0,0.0,1,0,0,1
0,Overnight,12,42,5,1,0,310.0,0.0,1,0,0,0
0,Overnight,6,13,2,0,1,491.3333333333333,1.0,1,1,0,0
0,Early_Return,7,39,2,0,1,670.5,2.0,1,0,1,0
1,Full_Day,6,7,5,1,1,550.4,2.0,1,0,0,0
1,Full_Day,6,56,0,0,1,576.8,2.0,1,0,0,0
0,Long_Term,13,47,5,1,0,485.4906,2.0,1,0,1,0
0,Full_Day,8,0,2,0,1,3005.0,0.0,0,0,0,0
0,Full_Day,7,0,0,0,1,1654.5,0.0,1,0,0,1
0,Long_Term,12,24,2,0,0,1276.3333333333333,0.0,1,0,0,0
0,Full_Day,12,59,5,1,0,1668.75,0.0,1,0,0,0
1,Early_Return,7,21,4,0,1,1420.6,0.0,1,0,1,0
1,Full_Day,6,56,4,0,1,860.6,0.0,1,0,0,0
0,Full_Day,6,47,6,1,1,485.4906,0.0,1,1,0,0
0,Overnight,6,52,1,0,1,241.0,0.0,1,0,1,0
0,Early_Return,6,52,2,0,1,505.0,1.0,1,1,0,0
0,Early_Return,13,13,0,0,0,485.4906,1.0,1,1,0,0
0,Early_Return,7,29,5,1,1,89.0,0.0,1,0,1,0
0,Overnight,12,37,6,1,0,101.0,0.0,1,0,0,0
0,Full_Day,7,13,1,0,1,462.6666666666667,1.0,1,1,0,0
0,Early_Return,6,37,5,1,1,461.75,1.0,1,1,0,0
0,Early_Return,6,51,2,0,1,409.6,1.0,1,0,0,0
0,Full_Day,12,42,6,1,0,428.2,1.0,1,0,1,0
0,Overnight,7,21,2,0,1,485.4906,1.0,1,0,1,0
0,Full_Day,12,33,5,1,0,1040.0,1.0,1,0,1,0
0,Full_Day,6,18,5,1,1,706.5,1.0,1,0,1,0
1,Full_Day,8,0,1,0,1,562.3333333333334,1.0,1,1,0,0
1,Early_Return,6,45,5,1,1,546.75,1.0,1,0,0,0
0,Full_Day,12,33,5,1,0,485.4906,1.0,1,0,0,0
0,Overnight,7,34,2,0,1,460.0,0.0,1,0,0,0
0,Early_Return,6,34,6,1,1,850.5,1.0,1,1,0,0
0,Full_Day,5,37,5,1,1,590.0,1.0,1,0,1,0
0,Full_Day,6,53,3,0,1,550.75,1.0,1,0,0,0
0,Full_Day,8,7,6,1,1,497.4,1.0,1,0,1,0
0,Full_Day,6,46,4,0,1,513.0,1.0,1,0,0,0
0,Full_Day,12,56,4,0,0,358.8,1.0,1,0,1,0
1,Early_Return,12,19,0,0,0,405.6,1.0,1,0,0,0
1,Full_Day,12,29,0,0,0,359.2,1.0,1,0,0,0
0,Full_Day,6,22,6,1,1,485.4906,1.0,1,1,0,0
0,Full_Day,12,16,3,0,0,472.0,0.0,1,0,0,0
0,Full_Day,12,26,1,0,0,488.5,0.0,1,0,0,0
0,Full_Day,7,19,6,1,1,416.3333333333333,0.0,1,0,0,0
0,Early_Return,13,18,3,0,0,409.75,0.0,1,0,1,0
0,Overnight,7,15,0,0,1,366.6,0.0,1,1,0,0
0,Full_Day,12,35,0,0,0,522.2,1.0,1,0,1,0
0,Overnight,6,53,0,0,1,485.4906,1.0,1,1,0,0
0,Full_Day,6,46,5,1,1,943.0,1.0,1,0,0,1
0,Early_Return,7,0,6,1,1,626.0,1.0,1,1,0,0
0,Full_Day,7,39,5,1,1,481.0,1.0,1,1,0,0
0,Full_Day,7,6,1,0,1,472.75,1.0,1,0,1,0
0,Early_Return,6,54,3,0,1,450.6,1.0,1,0,0,0
0,Early_Return,12,25,4,0,0,299.8,1.0,1,0,1,0
0,Overnight,7,0,4,0,1,265.4,1.0,1,0,0,0
0,Overnight,13,45,5,1,0,400.2,2.0,1,0,1,0
0,Overnight,6,46,0,0,1,596.2,3.0,1,0,1,0
0,Long_Term,7,0,0,0,1,745.0,4.0,1,1,0,0
0,Early_Return,7,1,6,1,1,1080.6,4.0,1,0,1,0
1,Early_Return,7,47,1,0,1,1085.6,4.0,1,1,0,0
0,Early_Return,7,40,1,0,1,485.4906,4.0,1,1,0,0
0,Early_Return,5,46,6,1,1,110.0,0.0,1,0,0,1
0,Early_Return,7,37,1,0,1,111.5,0.0,1,1,0,0
1,Full_Day,13,0,2,0,0,96.0,0.0,1,1,0,0
0,Early_Return,7,6,5,1,1,485.4906,0.0,1,0,0,1
0,Overnight,6,44,6,1,1,64.0,0.0,1,0,1,0
0,Overnight,7,15,2,0,1,614.0,1.0,1,0,0,0
0,Early_Return,12,14,6,1,0,752.6666666666666,2.0,1,0,0,0
0,Full_Day,6,13,6,1,1,485.4906,2.0,1,1,0,0
0,Full_Day,7,29,6,1,1,517.0,0.0,1,1,0,0
0,Early_Return,12,54,3,0,0,453.0,0.0,1,0,1,0
0,Early_Return,6,40,4,0,1,361.3333333333333,0.0,1,1,0,0
0,Early_Return,7,46,4,0,1,305.5,0.0,1,0,0,1
0,Full_Day,5,48,1,0,1,264.4,0.0,1,0,0,0
1,Full_Day,13,35,1,0,0,224.4,0.0,1,1,0,0
1,Full_Day,6,34,1,0,1,213.4,0.0,1,0,0,0
0,Full_Day,6,33,4,0,1,485.4906,0.0,1,1,0,0
0,Full_Day,7,8,6,1,1,294.0,0.0,0,0,0,1
0,Early_Return,6,5,2,0,1,273.5,0.0,1,1,0,0
0,Full_Day,13,45,6,1,0,234.66666666666666,0.0,1,0,1,0
0,Full_Day,6,11,3,0,1,268.5,0.0,1,0,1,0
0,Full_Day,12,14,0,0,0,305.4,0.0,1,0,0,0
0,Early_Return,7,41,4,0,1,342.6,0.0,1,0,1,0
0,Full_Day,7,10,1,0,1,333.0,0.0,1,0,0,0
0,Full_Day,6,54,2,0,1,400.6,0.0,1,0,0,1
0,Full_Day,12,0,5,1,0,431.4,0.0,1,0,0,1
1,Early_Return,7,19,0,0,1,402.2,0.0,1,0,1,0
1,Early_Return,7,10,0,0,1,327.4,0.0,1,1,0,0
1,Early_Return,6,38,3,0,1,315.4,0.0,1,1,0,0
1,Full_Day,6,25,5,1,1,234.8,0.0,1,1,0,0
0,Full_Day,6,46,5,1,1,485.4906,0.0,1,0,0,0
0,Overnight,7,5,1,0,1,537.0,0.0,1,0,1,0
0,Full_Day,11,59,1,0,1,900.5,1.0,1,0,0,0
0,Early_Return,7,13,2,0,1,738.0,1.0,1,1,0,0
0,Early_Return,7,18,2,0,1,602.0,1.0,1,0,0,0
1,Full_Day,7,1,1,0,1,515.2,1.0,1,0,0,1
0,Full_Day,6,43,6,1,1,485.4906,1.0,1,0,0,0
0,Early_Return,6,41,4,0,1,522.0,0.0,0,0,0,1
0,Full_Day,12,55,6,1,0,331.5,0.0,1,0,0,1
0,Full_Day,13,42,3,0,0,353.3333333333333,0.0,1,0,0,0
0,Full_Day,7,28,6,1,1,383.25,0.0,1,0,0,0
0,Early_Return,12,34,3,0,0,392.2,0.0,1,0,0,0
0,Early_Return,7,39,5,1,1,308.2,0.0,1,0,0,0
0,Long_Term,6,18,3,0,1,306.6,0.0,1,0,0,0
0,Early_Return,6,14,0,0,1,485.4906,0.0,1,1,0,0
0,Full_Day,7,35,1,0,1,197.0,0.0,1,0,1,0
0,Full_Day,13,30,1,0,0,230.5,0.0,1,0,1,0
0,Full_Day,13,28,2,0,0,274.3333333333333,0.0,1,0,0,0
0,Long_Term,6,59,6,1,1,322.0,0.0,1,0,0,0
0,Full_Day,7,15,1,0,1,572.4,0.0,1,0,0,0
0,Early_Return,13,12,1,0,0,584.8,0.0,1,0,0,0
0,Full_Day,7,17,6,1,1,548.6,0.0,1,0,0,0
0,Early_Return,7,23,6,1,1,553.0,0.0,1,1,0,0
0,Full_Day,7,30,6,1,1,500.0,0.0,1,0,0,0
0,Early_Return,13,31,6,1,0,242.4,0.0,1,0,0,0
0,Early_Return,6,56,1,0,1,215.2,0.0,1,0,0,0
1,Full_Day,12,35,1,0,0,227.6,0.0,1,0,1,0
0,Full_Day,12,20,6,1,0,485.4906,0.0,1,0,0,0
0,Early_Return,6,48,0,0,1,490.0,0.0,1,0,1,0
0,Early_Return,13,19,2,0,0,348.0,0.0,1,0,0,0
0,Early_Return,7,2,1,0,1,262.6666666666667,0.0,1,1,0,0
0,Overnight,7,15,4,0,1,213.5,0.0,1,0,0,0
0,Early_Return,12,31,5,1,0,446.4,1.0,1,0,1,0
1,Full_Day,6,59,5,1,1,363.4,1.0,1,0,0,0
0,Overnight,5,54,5,1,1,485.4906,1.0,1,0,0,0
0,Full_Day,6,38,6,1,1,1020.0,1.0,1,0,0,0
0,Full_Day,7,25,4,0,1,656.0,1.0,1,0,0,1
0,Early_Return,12,12,4,0,0,485.4906,1.0,1,1,0,0
0,Early_Return,5,58,4,0,1,69.0,0.0,1,0,0,0
0,Full_Day,7,33,3,0,1,104.0,0.0,1,0,0,0
0,Early_Return,7,2,0,0,1,184.33333333333334,0.0,1,1,0,0
0,Early_Return,12,36,1,0,0,157.0,0.0,1,1,0,0
0,Full_Day,13,23,0,0,0,160.6,0.0,1,0,0,0
0,Overnight,7,1,5,1,1,485.4906,0.0,1,0,1,0
0,Full_Day,7,20,6,1,1,864.0,1.0,1,0,0,0
0,Early_Return,6,46,1,0,1,639.0,1.0,1,0,0,0
0,Full_Day,12,55,0,0,0,462.0,1.0,1,0,1,0
0,Early_Return,6,53,5,1,1,441.5,1.0,1,0,1,0
0,Early_Return,12,29,0,0,0,383.8,1.0,1,0,0,0
0,Early_Return,6,46,2,0,1,246.6,1.0,0,1,0,0
0,Full_Day,7,19,2,0,1,181.4,1.0,1,0,0,1
0,Early_Return,7,19,5,1,1,485.4906,1.0,1,0,0,0
0,Full_Day,6,36,1,0,1,151.0,0.0,1,0,1,0
0,Overnight,6,19,6,1,1,301.0,0.0,1,0,0,0
0,Long_Term,6,38,0,0,1,505.3333333333333,1.0,1,0,0,0
0,Early_Return,12,23,3,0,0,1156.0,1.0,1,0,0,0
0,Overnight,12,39,3,0,0,954.2,1.0,1,1,0,0
0,Early_Return,6,22,5,1,1,485.4906,2.0,1,0,0,0
0,Early_Return,6,54,3,0,1,65.0,0.0,1,0,1,0
0,Early_Return,6,22,6,1,1,68.0,0.0,1,1,0,0
0,Early_Return,7,8,4,0,1,485.4906,0.0,1,0,0,0
0,Early_Return,6,55,0,0,1,74.0,0.0,1,1,0,0
0,Early_Return,6,40,5,1,1,132.5,0.0,1,0,0,1
0,Early_Return,7,16,6,1,1,119.66666666666667,0.0,1,0,1,0
0,Early_Return,12,20,6,1,0,110.5,0.0,1,1,0,0
0,Early_Return,7,29,0,0,1,115.2,0.0,1,0,1,0
1,Full_Day,13,0,5,1,0,123.6,0.0,1,0,0,0
0,Full_Day,7,10,4,0,1,485.4906,0.0,1,0,0,0
0,Full_Day,7,33,5,1,1,280.0,0.0,1,0,0,0
1,Early_Return,12,24,0,0,0,329.0,0.0,1,0,0,0
1,Early_Return,6,47,5,1,1,251.33333333333334,0.0,1,0,1,0
1,Full_Day,6,59,3,0,1,205.5,0.0,1,0,0,0
1,Full_Day,7,16,4,0,1,231.8,0.0,1,0,0,0
0,Early_Return,7,3,3,0,1,485.4906,0.0,1,0,0,1
0,Full_Day,13,28,5,1,0,86.0,0.0,1,0,1,0
1,Full_Day,6,42,0,0,1,290.0,0.0,1,1,0,0
1,Early_Return,12,51,4,0,0,365.6666666666667,0.0,1,1,0,0
0,Long_Term,13,10,2,0,0,485.4906,0.0,1,0,0,0
0,Early_Return,12,42,4,0,0,2521.0,0.0,1,0,1,0
0,Full_Day,12,55,4,0,0,1364.0,0.0,1,0,0,0
0,Early_Return,6,36,6,1,1,1067.3333333333333,0.0,1,0,0,0
1,Overnight,12,22,4,0,0,826.25,0.0,1,0,0,1
0,Overnight,13,14,2,0,0,485.4906,1.0,1,0,1,0
0,Full_Day,12,5,1,0,0,859.0,1.0,1,0,1,0
0,Full_Day,7,40,5,1,1,576.0,1.0,1,0,0,0
0,Early_Return,6,38,0,0,1,559.3333333333334,1.0,1,0,1,0
1,Full_Day,6,33,5,1,1,453.25,1.0,1,0,0,1
1,Full_Day,13,14,3,0,0,431.2,1.0,1,1,0,0
0,Early_Return,7,36,2,0,1,485.4906,1.0,1,0,0,1
0,Full_Day,13,19,5,1,0,191.0,0.0,1,0,1,0
0,Early_Return,6,52,2,0,1,257.5,0.0,1,1,0,0
0,Early_Return,13,2,6,1,0,217.66666666666666,0.0,1,1,0,0
0,Full_Day,13,3,2,0,0,208.75,0.0,1,0,0,0
0,Full_Day,6,7,4,0,1,240.4,0.0,1,0,1,0
0,Full_Day,13,1,2,0,0,485.4906,0.0,1,0,0,0
0,Full_Day,7,51,6,1,1,451.0,0.0,1,0,0,0
0,Full_Day,6,54,6,1,1,386.0,0.0,1,0,1,0
0,Full_Day,6,55,6,1,1,342.6666666666667,0.0,1,1,0,0
0,Overnight,12,8,5,1,0,381.75,0.0,1,1,0,0
0,Overnight,6,18,3,0,1,592.8,1.0,1,1,0,0
1,Early_Return,7,28,4,0,1,753.0,2.0,1,0,0,0
0,Full_Day,6,40,6,1,1,485.4906,2.0,1,1,0,0
0,Early_Return,7,38,1,0,1,443.0,0.0,1,0,0,0
0,Full_Day,6,36,5,1,1,305.0,0.0,1,0,0,1
0,Early_Return,7,28,0,0,1,358.0,0.0,1,1,0,0
0,Full_Day,12,30,0,0,0,316.25,0.0,1,0,1,0
0,Overnight,12,16,1,0,0,334.6,0.0,1,1,0,0
1,Full_Day,7,13,3,0,1,510.8,1.0,1,0,0,0
1,Full_Day,13,18,5,1,0,575.4,1.0,1,0,0,0
1,Overnight,14,9,1,0,0,533.6,1.0,1,1,0,0
0,Early_Return,6,20,6,1,1,485.4906,2.0,1,0,0,0
0,Full_Day,7,22,5,1,1,82.0,0.0,1,0,1,0
0,Full_Day,7,6,1,0,1,200.0,0.0,1,0,0,0
0,Full_Day,12,53,6,1,0,295.6666666666667,0.0,1,0,0,0
0,Early_Return,12,23,2,0,0,346.5,0.0,1,1,0,0
1,Full_Day,5,52,5,1,1,314.8,0.0,1,1,0,0
1,Full_Day,6,53,0,0,1,356.6,0.0,1,0,0,1
0,Long_Term,13,30,3,0,0,485.4906,0.0,1,0,0,0
0,Full_Day,12,19,5,1,0,2821.0,0.0,1,0,0,0
0,Full_Day,13,29,6,1,0,1604.0,0.0,1,1,0,0
0,Full_Day,6,8,1,0,1,1166.0,0.0,1,0,0,0
0,Overnight,7,27,2,0,1,485.4906,0.0,1,0,1,0
0,Full_Day,7,25,3,0,1,958.0,1.0,1,1,0,0
0,Full_Day,12,37,3,0,0,684.5,1.0,1,1,0,0
1,Full_Day,6,19,5,1,1,559.3333333333334,1.0,1,0,0,1
1,Full_Day,6,49,6,1,1,483.25,1.0,1,1,0,0
0,Full_Day,12,11,2,0,0,485.4906,1.0,1,0,0,1
0,Full_Day,7,15,3,0,1,368.0,0.0,1,0,1,0
0,Overnight,12,59,5,1,0,387.5,0.0,1,0,0,0
0,Early_Return,6,32,4,0,1,645.0,1.0,1,0,0,0
0,Long_Term,12,16,0,0,0,519.0,1.0,1,0,1,0
1,Full_Day,6,49,0,0,1,1156.2,1.0,1,1,0,0
1,Early_Return,12,35,5,1,0,1169.4,1.0,1,0,0,1
0,Overnight,12,37,3,0,0,485.4906,1.0,1,0,0,0
0,Full_Day,5,59,0,0,1,1246.0,1.0,1,0,0,0
0,Early_Return,7,34,0,0,1,815.0,1.0,1,0,1,0
0,Early_Return,6,53,5,1,1,569.0,1.0,1,1,0,0
0,Early_Return,12,34,6,1,0,474.25,1.0,1,0,0,0
1,Full_Day,13,5,1,0,0,421.2,1.0,1,0,1,0
0,Full_Day,12,1,4,0,0,485.4906,1.0,1,1,0,0
0,Early_Return,13,15,4,0,0,342.0,0.0,1,0,1,0
0,Full_Day,13,0,0,0,0,214.5,0.0,1,1,0,0
0,Full_Day,7,12,3,0,1,299.6666666666667,0.0,1,0,0,0
0,Full_Day,8,18,3,0,1,318.75,0.0,1,0,0,0
0,Long_Term,7,42,4,0,1,485.4906,0.0,1,0,1,0
0,Early_Return,13,4,1,0,0,2788.0,0.0,1,1,0,0
0,Early_Return,12,22,4,0,0,1425.5,0.0,1,0,1,0
1,Full_Day,6,32,2,0,1,987.0,0.0,1,0,1,0
0,Early_Return,7,0,3,0,1,485.4906,0.0,1,1,0,0
0,Full_Day,6,25,5,1,1,120.0,0.0,1,1,0,0
0,Early_Return,14,16,4,0,0,280.0,0.0,1,0,0,0
0,Overnight,6,28,6,1,1,253.33333333333334,0.0,1,0,1,0
1,Early_Return,12,49,2,0,0,383.75,1.0,1,0,0,0
0,Full_Day,12,12,0,0,0,485.4906,1.0,1,0,0,0
0,Early_Return,12,43,5,1,0,312.0,0.0,1,0,0,0
0,Full_Day,7,10,4,0,1,252.0,0.0,1,0,0,0
0,Full_Day,12,0,4,0,0,274.3333333333333,0.0,1,0,0,0
0,Full_Day,12,17,0,0,0,270.0,0.0,1,0,0,0
0,Early_Return,12,46,2,0,0,267.4,0.0,1,0,0,0
0,Full_Day,6,47,3,0,1,230.0,0.0,1,0,0,0
0,Full_Day,7,24,1,0,1,298.6,0.0,1,0,1,0
1,Full_Day,6,59,0,0,1,337.8,0.0,1,0,0,1
0,Early_Return,12,22,4,0,0,485.4906,0.0,1,1,0,0
0,Full_Day,13,14,4,0,0,158.0,0.0,1,0,0,0
0,Full_Day,12,6,6,1,0,269.5,0.0,1,0,0,0
0,Early_Return,13,4,3,0,0,314.3333333333333,0.0,1,0,0,0
0,Full_Day,7,54,2,0,1,260.5,0.0,1,1,0,0
0,Early_Return,6,16,6,1,1,283.8,0.0,1,0,0,0
1,Full_Day,7,9,4,0,1,292.2,0.0,1,0,0,0
0,Full_Day,6,27,0,0,1,485.4906,0.0,1,0,0,0
0,Early_Return,13,36,1,0,0,339.0,0.0,1,0,0,1
0,Early_Return,13,5,2,0,0,211.5,0.0,1,0,0,0
1,Overnight,6,43,4,0,1,200.66666666666666,0.0,1,0,1,0
1,Overnight,6,57,6,1,1,406.0,1.0,1,0,0,0
1,Early_Return,6,11,1,0,1,535.4,2.0,1,1,0,0
0,Full_Day,12,26,3,0,0,485.4906,2.0,1,0,1,0
0,Early_Return,7,0,5,1,1,493.0,0.0,1,1,0,0
0,Early_Return,6,59,4,0,1,289.0,0.0,1,0,0,0
0,Full_Day,7,25,3,0,1,262.0,0.0,1,1,0,0
0,Early_Return,13,17,0,0,0,270.5,0.0,1,0,0,1
0,Full_Day,7,55,0,0,1,256.2,0.0,1,0,0,0
0,Full_Day,7,6,5,1,1,241.6,0.0,1,1,0,0
0,Overnight,7,4,0,0,1,292.2,0.0,0,1,0,0
0,Full_Day,13,3,1,0,0,496.2,1.0,1,0,0,0
0,Overnight,12,27,6,1,0,525.4,1.0,1,0,1,0
1,Full_Day,5,37,2,0,1,749.8,2.0,1,0,0,0
1,Overnight,12,55,5,1,0,767.6,2.0,1,1,0,0
0,Full_Day,7,15,2,0,1,485.4906,3.0,1,1,0,0
0,Full_Day,6,45,3,0,1,369.0,0.0,1,0,1,0
0,Early_Return,6,37,3,0,1,345.5,0.0,1,0,0,0
0,Early_Return,12,28,5,1,0,282.0,0.0,1,0,0,1
0,Full_Day,12,29,2,0,0,234.75,0.0,1,1,0,0
0,Early_Return,7,49,3,0,1,243.8,0.0,1,0,0,0
0,Early_Return,7,8,2,0,1,199.6,0.0,1,1,0,0
0,Overnight,7,11,0,0,1,148.8,0.0,1,1,0,0
0,Full_Day,13,25,0,0,0,297.2,1.0,1,1,0,0
0,Early_Return,12,34,5,1,0,363.4,1.0,1,0,0,0
0,Full_Day,7,2,3,0,1,485.4906,1.0,1,0,0,0
0,Full_Day,12,42,6,1,0,332.0,0.0,1,0,1,0
0,Early_Return,6,55,1,0,1,323.0,0.0,1,1,0,0
0,Overnight,6,50,6,1,1,274.6666666666667,0.0,1,0,1,0
0,Full_Day,6,29,6,1,1,483.0,1.0,1,1,0,0
0,Overnight,6,35,6,1,1,485.4906,1.0,1,0,0,0
0,Overnight,12,26,1,0,0,1167.0,1.0,1,0,0,0
0,Full_Day,6,21,1,0,1,1219.5,2.0,1,0,0,0
0,Early_Return,7,3,1,0,1,911.3333333333334,2.0,1,0,1,0
0,Long_Term,7,7,0,0,1,707.75,2.0,1,0,0,0
0,Early_Return,6,52,2,0,1,1266.4,2.0,1,0,0,0
0,Early_Return,7,11,1,0,1,1074.6,2.0,1,0,0,0
0,Early_Return,6,22,3,0,1,851.0,2.0,1,0,0,0
0,Full_Day,6,14,6,1,1,807.6,2.0,1,0,0,0
0,Full_Day,7,13,2,0,1,485.4906,2.0,1,0,0,0
0,Overnight,7,33,3,0,1,292.0,0.0,1,1,0,0
0,Early_Return,6,25,3,0,1,655.0,1.0,1,0,0,0
0,Early_Return,6,28,3,0,1,475.6666666666667,1.0,1,0,0,0
0,Early_Return,12,58,6,1,0,396.5,1.0,1,0,0,0
0,Overnight,7,47,0,0,1,348.6,1.0,1,0,0,0
1,Full_Day,6,18,6,1,1,464.2,2.0,1,1,0,0
0,Full_Day,12,29,0,0,0,485.4906,2.0,1,0,0,0
0,Full_Day,7,14,3,0,1,296.0,0.0,1,0,0,0
0,Early_Return,12,38,4,0,0,268.0,0.0,1,0,1,0
1,Full_Day,12,35,3,0,0,199.66666666666666,0.0,1,0,0,1
1,Early_Return,7,43,6,1,1,260.75,0.0,1,0,1,0
0,Full_Day,7,35,3,0,1,485.4906,0.0,1,0,1,0
0,Early_Return,13,24,6,1,0,311.0,0.0,1,1,0,0
0,Early_Return,7,52,5,1,1,246.5,0.0,1,0,1,0
0,Full_Day,7,16,2,0,1,212.33333333333334,0.0,1,1,0,0
0,Early_Return,6,47,2,0,1,249.25,0.0,1,0,0,0
0,Full_Day,6,37,5,1,1,224.4,0.0,1,0,0,1
0,Full_Day,7,24,4,0,1,228.2,0.0,1,1,0,0
0,Long_Term,7,0,2,0,1,249.6,0.0,1,0,1,0
1,Early_Return,6,33,5,1,1,939.2,0.0,1,0,0,0
0,Early_Return,6,37,6,1,1,485.4906,0.0,1,1,0,0
0,Full_Day,6,26,6,1,1,197.0,0.0,1,0,1,0
0,Full_Day,7,13,6,1,1,338.0,0.0,1,1,0,0
0,Early_Return,6,49,2,0,1,331.0,0.0,1,0,0,0
0,Long_Term,13,3,2,0,0,280.75,0.0,1,0,0,0
0,Early_Return,6,47,1,0,1,907.0,0.0,1,1,0,0
1,Full_Day,12,49,1,0,0,900.0,0.0,1,0,0,0
0,Full_Day,5,30,5,1,1,485.4906,0.0,1,0,0,0
0,Full_Day,6,46,4,0,1,372.0,0.0,1,1,0,0
0,Early_Return,13,8,4,0,0,428.0,0.0,1,0,1,0
0,Early_Return,7,37,6,1,1,325.6666666666667,0.0,1,1,0,0
0,Full_Day,13,5,3,0,0,265.0,0.0,1,0,0,1
0,Early_Return,7,20,1,0,1,277.0,0.0,1,0,0,1
0,Early_Return,7,48,6,1,1,230.6,0.0,1,1,0,0
0,Early_Return,7,22,5,1,1,154.0,0.0,1,0,0,0
0,Full_Day,6,57,4,0,1,485.4906,0.0,1,0,0,0
0,Early_Return,12,26,6,1,0,368.0,0.0,1,0,0,0
0,Full_Day,6,28,3,0,1,215.0,0.0,1,1,0,0
0,Full_Day,7,34,1,0,1,258.3333333333333,0.0,1,1,0,0
0,Early_Return,7,12,3,0,1,261.25,0.0,1,0,1,0
0,Overnight,6,3,3,0,1,238.2,0.0,1,0,0,0
1,Full_Day,12,12,3,0,0,438.8,1.0,1,0,0,0
0,Full_Day,7,43,0,0,1,485.4906,1.0,1,1,0,0
0,Full_Day,6,42,3,0,1,402.0,0.0,1,0,0,0
0,Full_Day,6,46,5,1,1,461.0,0.0,1,1,0,0
0,Long_Term,6,38,4,0,1,429.0,0.0,1,0,1,0
0,Full_Day,6,37,5,1,1,840.0,0.0,1,1,0,0
0,Full_Day,6,55,3,0,1,778.6,0.0,1,0,1,0
0,Overnight,12,53,4,0,0,778.2,0.0,1,0,0,1
1,Early_Return,12,52,1,0,0,948.0,1.0,1,0,1,0
0,Full_Day,6,29,1,0,1,485.4906,1.0,1,0,0,0
0,Full_Day,6,35,1,0,1,485.4906,0.0,1,0,1,0
0,Full_Day,13,14,4,0,0,332.0,0.0,1,0,0,0
0,Early_Return,7,7,4,0,1,315.5,0.0,1,0,1,0
0,Full_Day,6,52,3,0,1,247.0,0.0,1,1,0,0
1,Early_Return,7,19,0,0,1,272.75,0.0,1,0,0,0
1,Full_Day,7,5,4,0,1,251.0,0.0,1,0,0,0
0,Full_Day,6,55,0,0,1,485.4906,0.0,1,1,0,0
0,Full_Day,6,58,4,0,1,301.0,0.0,1,0,0,1
0,Long_Term,7,34,3,0,1,330.5,0.0,1,0,0,0
0,Full_Day,7,14,5,1,1,817.3333333333334,0.0,1,0,0,0
0,Full_Day,12,7,6,1,0,678.25,0.0,1,0,0,0
0,Full_Day,12,45,5,1,0,601.4,0.0,1,0,0,0
0,Full_Day,6,44,0,0,1,632.2,0.0,1,1,0,0
0,Full_Day,7,5,5,1,1,626.2,0.0,1,0,1,0
1,Early_Return,7,1,1,0,1,336.8,0.0,1,1,0,0
1,Full_Day,6,41,6,1,1,319.2,0.0,1,0,0,0
1,Early_Return,7,23,5,1,1,365.6,0.0,1,1,0,0
0,Early_Return,6,59,4,0,1,485.4906,0.0,1,0,0,0
0,Early_Return,6,16,5,1,1,198.0,0.0,1,0,1,0
0,Early_Return,6,25,0,0,1,201.5,0.0,1,0,0,0
0,Full_Day,7,48,0,0,1,182.0,0.0,1,0,0,0
0,Early_Return,7,44,2,0,1,230.75,0.0,1,0,0,1
0,Early_Return,6,47,4,0,1,219.6,0.0,1,1,0,0
0,Long_Term,12,41,5,1,0,209.0,0.0,0,0,0,0
0,Full_Day,11,26,6,1,1,665.2,0.0,1,0,0,1
0,Full_Day,7,19,6,1,1,734.4,0.0,1,1,0,0
0,Full_Day,13,4,3,0,0,707.6,0.0,1,0,1,0
0,Full_Day,13,5,5,1,0,754.0,0.0,1,0,0,0
1,Full_Day,7,10,3,0,1,806.0,0.0,1,1,0,0
0,Early_Return,7,29,4,0,1,485.4906,0.0,1,0,1,0
0,Full_Day,6,30,2,0,1,129.0,0.0,1,0,0,0
0,Overnight,7,11,2,0,1,286.0,0.0,1,0,0,0
1,Early_Return,7,15,1,0,1,540.0,1.0,1,0,0,0
1,Early_Return,6,37,3,0,1,446.0,1.0,1,0,0,1
0,Early_Return,5,59,3,0,1,485.4906,1.0,1,0,0,0
0,Full_Day,7,45,4,0,1,152.0,0.0,1,0,0,0
0,Long_Term,6,41,4,0,1,213.5,0.0,1,1,0,0
0,Early_Return,6,44,6,1,1,742.3333333333334,0.0,1,0,1,0
0,Full_Day,12,49,5,1,0,580.75,0.0,1,0,1,0
1,Long_Term,11,43,0,0,1,520.2,0.0,1,0,1,0
0,Early_Return,12,19,0,0,0,485.4906,0.0,1,1,0,0
0,Early_Return,7,39,2,0,1,151.0,0.0,1,1,0,0
0,Full_Day,6,56,5,1,1,150.0,0.0,1,0,0,0
0,Long_Term,7,14,1,0,1,198.33333333333334,0.0,1,0,0,0
0,Full_Day,12,59,5,1,0,980.0,0.0,1,0,0,1
0,Full_Day,7,29,4,0,1,874.4,0.0,1,0,0,0
0,Early_Return,12,40,4,0,0,938.4,0.0,1,0,1,0
0,Full_Day,7,40,4,0,1,925.2,0.0,1,0,0,0
1,Full_Day,6,39,2,0,1,963.2,0.0,1,0,0,0
0,Overnight,6,8,5,1,1,485.4906,0.0,1,1,0,0
0,Full_Day,7,10,3,0,1,970.0,1.0,1,1,0,0
0,Full_Day,12,53,3,0,0,730.5,1.0,1,0,0,0
1,Full_Day,6,23,3,0,1,666.3333333333334,1.0,1,1,0,0
0,Full_Day,6,41,0,0,1,485.4906,1.0,1,0,0,0
0,Full_Day,12,27,3,0,0,307.0,0.0,1,0,0,1
0,Full_Day,6,9,3,0,1,372.0,0.0,1,0,0,0
0,Early_Return,7,37,6,1,1,362.6666666666667,0.0,1,1,0,0
0,Long_Term,6,44,3,0,1,295.5,0.0,1,1,0,0
0,Early_Return,12,3,5,1,0,485.4906,0.0,1,1,0,0
0,Full_Day,7,17,5,1,1,65.0,0.0,1,1,0,0
0,Early_Return,7,27,4,0,1,190.0,0.0,1,1,0,0
0,Long_Term,7,2,6,1,1,171.66666666666666,0.0,1,0,1,0
0,Early_Return,7,19,3,0,1,672.5,0.0,1,0,0,0
0,Full_Day,7,20,2,0,1,571.6,0.0,1,0,0,0
0,Long_Term,12,26,4,0,0,657.6,0.0,1,0,0,0
0,Full_Day,7,58,3,0,1,1453.2,0.0,1,0,0,0
1,Full_Day,6,24,0,0,1,1488.8,0.0,1,0,0,0
1,Full_Day,7,0,0,0,1,1105.2,0.0,1,0,1,0
1,Full_Day,7,20,6,1,1,1173.6,0.0,1,0,0,0
0,Full_Day,12,46,5,1,0,485.4906,0.0,1,0,0,1
0,Full_Day,6,10,6,1,1,511.0,0.0,1,1,0,0
0,Full_Day,7,14,2,0,1,511.5,0.0,1,0,0,0
0,Overnight,11,33,2,0,1,485.4906,0.0,1,0,1,0
0,Full_Day,7,52,0,0,1,770.0,1.0,1,0,0,0
0,Full_Day,12,51,3,0,0,623.5,1.0,1,0,0,0
0,Overnight,14,17,3,0,0,502.0,1.0,0,0,0,0
1,Full_Day,12,1,3,0,0,714.75,2.0,1,0,1,0
1,Early_Return,7,8,5,1,1,625.8,2.0,1,0,0,1
1,Full_Day,13,15,1,0,0,513.0,2.0,1,0,0,1
0,Early_Return,6,53,4,0,1,485.4906,2.0,1,0,0,1
0,Full_Day,12,29,6,1,0,101.0,0.0,1,0,0,1
0,Full_Day,8,7,0,0,1,218.5,0.0,1,0,0,0
0,Full_Day,6,37,0,0,1,295.0,0.0,1,0,0,0
0,Early_Return,12,8,3,0,0,322.25,0.0,1,0,0,0
0,Long_Term,13,9,4,0,0,290.6,0.0,1,0,0,1
0,Overnight,7,26,3,0,1,936.0,0.0,1,0,0,0
0,Full_Day,6,6,1,0,1,1074.4,1.0,1,0,0,0
0,Long_Term,7,4,3,0,1,1092.0,1.0,1,0,1,0
0,Full_Day,12,53,3,0,0,485.4906,1.0,1,1,0,0
0,Full_Day,13,17,5,1,0,480.0,0.0,1,1,0,0
0,Full_Day,6,56,2,0,1,477.5,0.0,1,1,0,0
0,Full_Day,7,23,4,0,1,465.3333333333333,0.0,1,0,0,0
0,Full_Day,7,11,2,0,1,445.5,0.0,1,0,1,0
0,Early_Return,7,12,6,1,1,415.2,0.0,1,0,1,0
1,Early_Return,7,10,3,0,1,336.2,0.0,1,0,1,0
0,Overnight,6,57,0,0,1,485.4906,0.0,1,0,0,0
0,Early_Return,6,4,6,1,1,988.0,1.0,1,1,0,0
0,Overnight,7,52,0,0,1,530.5,1.0,1,0,0,0
0,Full_Day,13,22,2,0,0,737.6666666666666,2.0,1,1,0,0
0,Full_Day,13,21,5,1,0,617.75,2.0,1,0,1,0
0,Early_Return,7,48,0,0,1,571.0,2.0,1,0,0,0
0,Full_Day,7,12,5,1,1,392.8,2.0,1,0,0,0
0,Early_Return,7,24,0,0,1,459.0,2.0,0,1,0,0
0,Full_Day,6,26,1,0,1,263.0,2.0,1,0,0,0
0,Long_Term,13,10,1,0,0,282.6,2.0,1,1,0,0
0,Overnight,13,7,3,0,0,1035.0,2.0,1,0,0,0
1,Early_Return,6,21,0,0,1,1290.8,3.0,1,1,0,0
1,Full_Day,12,20,4,0,0,1246.4,3.0,1,0,0,0
1,Full_Day,12,58,4,0,0,1290.8,3.0,1,1,0,0
0,Early_Return,13,9,6,1,0,485.4906,3.0,1,0,0,0
0,Full_Day,12,26,5,1,0,178.0,0.0,1,0,0,0
0,Full_Day,6,20,3,0,1,278.5,0.0,1,0,0,0
0,Full_Day,12,47,5,1,0,360.3333333333333,0.0,1,0,1,0
0,Full_Day,6,52,6,1,1,346.5,0.0,1,0,0,0
0,Early_Return,13,10,6,1,0,338.0,0.0,1,0,1,0
0,Full_Day,12,36,0,0,0,485.4906,0.0,1,0,1,0
0,Overnight,7,7,2,0,1,499.0,0.0,1,1,0,0
0,Early_Return,6,42,6,1,1,893.0,1.0,1,1,0,0
0,Overnight,7,49,3,0,1,657.0,1.0,1,0,1,0
0,Full_Day,7,15,0,0,1,701.75,2.0,1,0,0,0
0,Full_Day,11,48,5,1,1,644.8,2.0,1,0,1,0
0,Full_Day,6,45,2,0,1,636.2,2.0,1,0,1,0
0,Early_Return,6,58,1,0,1,479.8,2.0,1,0,0,0
0,Early_Return,14,13,0,0,0,479.2,2.0,1,0,0,0
1,Early_Return,6,46,3,0,1,340.6,2.0,1,0,0,0
0,Full_Day,12,53,5,1,0,485.4906,2.0,1,0,0,1
0,Early_Return,6,59,2,0,1,318.0,0.0,1,0,0,0
0,Full_Day,7,50,1,0,1,210.5,0.0,1,1,0,0
0,Early_Return,12,5,1,0,0,292.6666666666667,0.0,1,0,0,1
1,Long_Term,7,4,4,0,1,236.5,0.0,1,1,0,0
1,Full_Day,12,55,2,0,0,492.4,0.0,1,0,1,0
0,Full_Day,6,44,2,0,1,485.4906,0.0,1,1,0,0
0,Early_Return,12,43,6,1,0,317.0,0.0,1,0,0,1
0,Full_Day,6,37,2,0,1,219.5,0.0,1,1,0,0
0,Full_Day,7,2,4,0,1,289.0,0.0,1,0,0,0
0,Full_Day,6,33,1,0,1,280.25,0.0,1,1,0,0
1,Full_Day,12,18,3,0,0,316.8,0.0,1,0,1,0
1,Early_Return,7,0,2,0,1,330.2,0.0,1,0,0,0
0,Early_Return,13,25,4,0,0,485.4906,0.0,1,0,0,0
0,Full_Day,7,7,6,1,1,185.0,0.0,1,0,0,0
0,Early_Return,7,19,2,0,1,331.0,0.0,1,0,0,0
0,Early_Return,12,21,1,0,0,243.0,0.0,1,0,1,0
0,Early_Return,13,0,6,1,0,215.0,0.0,1,0,0,0
0,Full_Day,7,18,0,0,1,485.4906,0.0,1,0,0,0
0,Early_Return,6,34,1,0,1,524.0,0.0,1,0,0,1
0,Full_Day,11,45,2,0,1,311.5,0.0,1,0,0,0
0,Full_Day,7,3,5,1,1,287.6666666666667,0.0,1,0,0,1
0,Early_Return,7,10,2,0,1,347.0,0.0,1,0,0,0
0,Early_Return,12,22,6,1,0,311.2,0.0,1,0,1,0
0,Early_Return,7,44,1,0,1,241.0,0.0,1,0,1,0
1,Overnight,6,38,6,1,1,251.0,0.0,1,1,0,0
1,Early_Return,6,48,5,1,1,471.0,1.0,1,0,1,0
0,Full_Day,6,45,0,0,1,485.4906,1.0,1,0,0,0
0,Early_Return,6,30,3,0,1,406.0,0.0,1,1,0,0
0,Early_Return,13,13,1,0,0,253.5,0.0,1,0,0,0
0,Full_Day,12,59,1,0,0,194.33333333333334,0.0,1,1,0,0
0,Full_Day,7,25,3,0,1,238.0,0.0,1,0,0,0
0,Early_Return,13,13,6,1,0,485.4906,0.0,1,0,1,0
0,Early_Return,12,11,5,1,0,124.0,0.0,1,0,0,0
0,Early_Return,12,41,3,0,0,136.5,0.0,1,0,0,1
0,Early_Return,6,0,1,0,1,154.0,0.0,1,0,1,0
0,Overnight,13,28,0,0,0,152.25,0.0,1,1,0,0
0,Early_Return,6,56,6,1,1,380.0,1.0,1,0,0,0
0,Full_Day,6,52,2,0,1,485.4906,1.0,1,0,1,0
0,Full_Day,7,12,3,0,1,262.0,0.0,1,0,0,0
0,Overnight,12,53,0,0,0,294.0,0.0,1,0,0,1
0,Early_Return,7,43,4,0,1,552.3333333333334,1.0,1,0,0,0
0,Early_Return,13,17,4,0,0,433.5,1.0,1,0,1,0
0,Full_Day,7,27,0,0,1,386.2,1.0,1,0,0,0
0,Full_Day,12,49,2,0,0,416.0,1.0,1,0,1,0
0,Full_Day,12,29,2,0,0,420.6,1.0,1,0,0,1
1,Full_Day,11,35,1,0,1,296.6,1.0,1,1,0,0
1,Full_Day,6,39,0,0,1,340.8,1.0,1,0,0,0
1,Full_Day,6,56,3,0,1,396.6,1.0,1,0,0,0
1,Full_Day,12,43,4,0,0,384.8,1.0,1,0,1,0
1,Full_Day,7,27,2,0,1,421.0,1.0,1,0,0,0
0,Full_Day,12,52,6,1,0,485.4906,1.0,1,0,0,0
0,Full_Day,6,44,3,0,1,404.0,0.0,1,0,1,0
0,Early_Return,6,52,2,0,1,466.5,0.0,1,0,0,1
0,Full_Day,13,12,2,0,0,331.6666666666667,0.0,1,0,0,0
0,Full_Day,12,35,3,0,0,322.25,0.0,1,0,1,0
0,Full_Day,12,52,1,0,0,345.0,0.0,1,1,0,0
0,Full_Day,7,15,5,1,1,354.8,0.0,1,0,1,0
0,Early_Return,7,26,1,0,1,329.2,0.0,1,0,0,0
0,Full_Day,6,58,4,0,1,350.0,0.0,1,1,0,0
1,Overnight,6,40,4,0,1,386.4,0.0,1,0,0,0
0,Full_Day,8,1,1,0,1,485.4906,1.0,1,1,0,0
0,Full_Day,6,59,4,0,1,403.0,0.0,1,0,0,0
0,Early_Return,7,3,5,1,1,444.0,0.0,1,0,0,0
0,Full_Day,6,15,6,1,1,321.6666666666667,0.0,1,0,1,0
0,Full_Day,12,30,2,0,0,315.25,0.0,1,0,0,0
0,Full_Day,6,57,2,0,1,318.8,0.0,1,1,0,0
0,Early_Return,7,23,3,0,1,325.6,0.0,1,0,1,0
0,Early_Return,6,44,6,1,1,485.4906,0.0,1,1,0,0
0,Early_Return,7,11,2,0,1,79.0,0.0,1,1,0,0
0,Overnight,6,43,1,0,1,72.0,0.0,1,0,0,0
0,Full_Day,6,52,1,0,1,489.3333333333333,1.0,1,0,0,0
0,Full_Day,6,58,5,1,1,464.5,1.0,1,0,0,0
0,Early_Return,7,0,3,0,1,458.2,1.0,1,1,0,0
0,Full_Day,13,6,1,0,0,466.2,1.0,1,0,1,0
1,Full_Day,6,1,6,1,1,545.8,1.0,1,1,0,0
1,Full_Day,12,14,0,0,0,371.4,1.0,1,0,0,0
0,Full_Day,6,50,5,1,1,485.4906,1.0,1,1,0,0
0,Early_Return,12,32,0,0,0,393.0,0.0,1,1,0,0
0,Early_Return,5,44,1,0,1,293.5,0.0,1,0,1,0
0,Full_Day,6,32,4,0,1,263.0,0.0,1,0,1,0
0,Full_Day,7,24,0,0,1,289.0,0.0,1,1,0,0
0,Early_Return,13,22,5,1,0,338.0,0.0,1,0,0,0
0,Early_Return,7,26,1,0,1,295.4,0.0,1,0,0,0
1,Overnight,12,6,5,1,0,276.0,0.0,1,1,0,0
0,Full_Day,6,39,3,0,1,485.4906,1.0,1,1,0,0
0,Early_Return,13,28,5,1,0,299.0,0.0,1,0,1,0
0,Early_Return,7,10,0,0,1,240.0,0.0,1,0,0,1
0,Early_Return,6,36,1,0,1,215.0,0.0,1,1,0,0
0,Early_Return,8,6,0,0,1,194.5,0.0,1,1,0,0
0,Full_Day,12,53,0,0,0,485.4906,0.0,1,1,0,0
0,Full_Day,6,41,5,1,1,274.0,0.0,1,0,0,0
0,Full_Day,12,12,3,0,0,291.0,0.0,1,0,1,0
0,Early_Return,6,28,6,1,1,370.3333333333333,0.0,1,0,1,0
0,Full_Day,6,20,4,0,1,297.0,0.0,1,0,1,0
0,Full_Day,12,46,2,0,0,301.8,0.0,1,0,0,0
0,Full_Day,7,43,5,1,1,303.2,0.0,1,0,0,0
